sstg,mmo,card_id,card_name,kind,rate,weight
hd1_ep01_dg02_st00.sstg,hd1_ep01_dg02_end_07.bmo,50000020,秘密关卡Epi2,活动卡,100,100
hd1_ep01_dg02_st01.sstg,hd1_ep01_bbm_00.bmo,12000020,肉弹型 SP +10,SP卡,100,96
hd1_ep01_dg02_st01.sstg,hd1_ep01_bbm_00.bmo,13000209,U09_黄金粉末,图片卡,100,2
hd1_ep01_dg02_st01.sstg,hd1_ep01_bbm_00.bmo,13000411,U01*黄金粉末,图片卡,100,2
hd1_ep00_dg02_st01.sstg,hd1_bbm_00.bmo,12000010,炮弹型 SP +10,SP卡,100,50
hd1_ep00_dg02_st01.sstg,hd1_bbm_00.bmo,12000020,肉弹型 SP +10,SP卡,100,50
hd1_ep03_dg02_st00.sstg,hd_ep03_dg02_end_09.bmo,50000040,秘密关卡Epi4,活动卡,100,100
hd1_ep03_dg02_st00.sstg,hd_ep03_dg02_end_08.mmo,50000039,秘密关卡Epi4,活动卡,100,100
hd1_ep03_dg02_st00.sstg,hd_ep03_dg02_end_07.mmo,50000038,秘密关卡Epi4,活动卡,100,100
hd1_ep03_dg02_st00.sstg,hd_ep03_dg02_end_06.mmo,50000037,秘密关卡Epi4,活动卡,100,100
hd1_ep03_dg02_st00.sstg,hd_ep03_dg02_end_05.mmo,50000036,秘密关卡Epi4,活动卡,100,100
hd1_ep03_dg02_st00.sstg,hd_ep03_dg02_end_04.mmo,50000035,秘密关卡Epi4,活动卡,100,100
hd1_ep03_dg02_st00.sstg,hd_ep03_dg02_end_03.mmo,50000034,秘密关卡Epi4,活动卡,100,100
hd1_ep03_dg02_st00.sstg,hd_ep03_dg02_end_02.mmo,50000033,秘密关卡Epi4,活动卡,100,100
hd1_ep03_dg02_st00.sstg,hd_ep03_dg02_end_01.mmo,50000032,秘密关卡Epi4,活动卡,100,100
hd1_ep03_dg02_st00.sstg,hd_ep03_dg02_end_00.mmo,50000031,秘密关卡Epi4,活动卡,100,100
hd1_ep03_dg01_st00.sstg,hd_ep03_dg01_mb_11_03.mmo,22000014,幸运卡片D,特殊卡,3,50
hd1_ep03_dg01_st00.sstg,hd_ep03_dg01_mb_11_03.mmo,13000087,C07_能力宝石,图片卡,3,50
hd1_ep03_dg01_st00.sstg,hd_ep03_dg01_mb_11_02.mmo,22000014,幸运卡片D,特殊卡,3,50
hd1_ep03_dg01_st00.sstg,hd_ep03_dg01_mb_11_02.mmo,13000087,C07_能力宝石,图片卡,3,50
hd1_ep03_dg01_st00.sstg,hd_ep03_dg01_mb_11_01.mmo,22000014,幸运卡片D,特殊卡,3,50
hd1_ep03_dg01_st00.sstg,hd_ep03_dg01_mb_11_01.mmo,13000087,C07_能力宝石,图片卡,3,50
hd1_ep03_dg01_st00.sstg,hd_ep03_dg01_mb_11_00.mmo,22000014,幸运卡片D,特殊卡,3,50
hd1_ep03_dg01_st00.sstg,hd_ep03_dg01_mb_11_00.mmo,13000087,C07_能力宝石,图片卡,3,50
hd1_ep03_dg01_st00.sstg,hd_ep03_dg01_mb_10_03.mmo,13000399,A09*装饰卡片,图片卡,3,4
hd1_ep03_dg01_st00.sstg,hd_ep03_dg01_mb_10_03.mmo,13000401,A11*能力宝石,图片卡,3,4
hd1_ep03_dg01_st00.sstg,hd_ep03_dg01_mb_10_03.mmo,22000013,幸运卡片C,特殊卡,3,92
hd1_ep03_dg01_st00.sstg,hd_ep03_dg01_mb_10_02.mmo,13000399,A09*装饰卡片,图片卡,3,4
hd1_ep03_dg01_st00.sstg,hd_ep03_dg01_mb_10_02.mmo,13000401,A11*能力宝石,图片卡,3,4
hd1_ep03_dg01_st00.sstg,hd_ep03_dg01_mb_10_02.mmo,22000013,幸运卡片C,特殊卡,3,92
hd1_ep03_dg01_st00.sstg,hd_ep03_dg01_mb_10_01.mmo,13000399,A09*装饰卡片,图片卡,3,4
hd1_ep03_dg01_st00.sstg,hd_ep03_dg01_mb_10_01.mmo,13000401,A11*能力宝石,图片卡,3,4
hd1_ep03_dg01_st00.sstg,hd_ep03_dg01_mb_10_01.mmo,22000013,幸运卡片C,特殊卡,3,92
hd1_ep03_dg01_st00.sstg,hd_ep03_dg01_mb_10_00.mmo,13000399,A09*装饰卡片,图片卡,3,4
hd1_ep03_dg01_st00.sstg,hd_ep03_dg01_mb_10_00.mmo,13000401,A11*能力宝石,图片卡,3,4
hd1_ep03_dg01_st00.sstg,hd_ep03_dg01_mb_10_00.mmo,22000013,幸运卡片C,特殊卡,3,92
hd1_ep03_dg01_st00.sstg,hd_ep03_dg01_mb_09_03.mmo,13000398,A08*NaNa秀卡片,图片卡,3,4
hd1_ep03_dg01_st00.sstg,hd_ep03_dg01_mb_09_03.mmo,22000011,幸运卡片A,特殊卡,3,96
hd1_ep03_dg01_st00.sstg,hd_ep03_dg01_mb_09_02.mmo,13000398,A08*NaNa秀卡片,图片卡,3,4
hd1_ep03_dg01_st00.sstg,hd_ep03_dg01_mb_09_02.mmo,22000011,幸运卡片A,特殊卡,3,96
hd1_ep03_dg01_st00.sstg,hd_ep03_dg01_mb_09_01.mmo,13000398,A08*NaNa秀卡片,图片卡,3,4
hd1_ep03_dg01_st00.sstg,hd_ep03_dg01_mb_09_01.mmo,22000011,幸运卡片A,特殊卡,3,96
hd1_ep03_dg01_st00.sstg,hd_ep03_dg01_mb_09_00.mmo,13000398,A08*NaNa秀卡片,图片卡,3,4
hd1_ep03_dg01_st00.sstg,hd_ep03_dg01_mb_09_00.mmo,22000011,幸运卡片A,特殊卡,3,96
hd1_ep03_dg01_st00.sstg,hd_ep03_dg01_mb_08_03.mmo,13000383,E13*NaNa秀卡片,图片卡,3,4
hd1_ep03_dg01_st00.sstg,hd_ep03_dg01_mb_08_03.mmo,22000012,幸运卡片B,特殊卡,3,96
hd1_ep03_dg01_st00.sstg,hd_ep03_dg01_mb_08_02.mmo,13000383,E13*NaNa秀卡片,图片卡,3,4
hd1_ep03_dg01_st00.sstg,hd_ep03_dg01_mb_08_02.mmo,22000012,幸运卡片B,特殊卡,3,96
hd1_ep03_dg01_st00.sstg,hd_ep03_dg01_mb_08_01.mmo,13000383,E13*NaNa秀卡片,图片卡,3,4
hd1_ep03_dg01_st00.sstg,hd_ep03_dg01_mb_08_01.mmo,22000012,幸运卡片B,特殊卡,3,96
hd1_ep03_dg01_st00.sstg,hd_ep03_dg01_mb_08_00.mmo,13000383,E13*NaNa秀卡片,图片卡,3,4
hd1_ep03_dg01_st00.sstg,hd_ep03_dg01_mb_08_00.mmo,22000012,幸运卡片B,特殊卡,3,96
hd1_ep03_dg01_st00.sstg,hd_ep03_dg01_mb_07_03.mmo,13000376,E06*能力宝石,图片卡,3,4
hd1_ep03_dg01_st00.sstg,hd_ep03_dg01_mb_07_03.mmo,22000014,幸运卡片D,特殊卡,3,96
hd1_ep03_dg01_st00.sstg,hd_ep03_dg01_mb_07_02.mmo,13000376,E06*能力宝石,图片卡,3,4
hd1_ep03_dg01_st00.sstg,hd_ep03_dg01_mb_07_02.mmo,22000014,幸运卡片D,特殊卡,3,96
hd1_ep03_dg01_st00.sstg,hd_ep03_dg01_mb_07_01.mmo,13000376,E06*能力宝石,图片卡,3,4
hd1_ep03_dg01_st00.sstg,hd_ep03_dg01_mb_07_01.mmo,22000014,幸运卡片D,特殊卡,3,96
hd1_ep03_dg01_st00.sstg,hd_ep03_dg01_mb_07_00.mmo,13000376,E06*能力宝石,图片卡,3,4
hd1_ep03_dg01_st00.sstg,hd_ep03_dg01_mb_07_00.mmo,22000014,幸运卡片D,特殊卡,3,96
hd1_ep03_dg01_st00.sstg,hd_ep03_dg01_mb_06_03.mmo,13000363,P13*NaNa秀卡片,图片卡,3,4
hd1_ep03_dg01_st00.sstg,hd_ep03_dg01_mb_06_03.mmo,22000012,幸运卡片B,特殊卡,3,96
hd1_ep03_dg01_st00.sstg,hd_ep03_dg01_mb_06_02.mmo,13000363,P13*NaNa秀卡片,图片卡,3,4
hd1_ep03_dg01_st00.sstg,hd_ep03_dg01_mb_06_02.mmo,22000012,幸运卡片B,特殊卡,3,96
hd1_ep03_dg01_st00.sstg,hd_ep03_dg01_mb_06_01.mmo,13000363,P13*NaNa秀卡片,图片卡,3,4
hd1_ep03_dg01_st00.sstg,hd_ep03_dg01_mb_06_01.mmo,22000012,幸运卡片B,特殊卡,3,96
hd1_ep03_dg01_st00.sstg,hd_ep03_dg01_mb_06_00.mmo,13000363,P13*NaNa秀卡片,图片卡,3,4
hd1_ep03_dg01_st00.sstg,hd_ep03_dg01_mb_06_00.mmo,22000012,幸运卡片B,特殊卡,3,96
hd1_ep03_dg01_st00.sstg,hd_ep03_dg01_mb_05_03.mmo,13000354,P04*属性宝石,图片卡,3,4
hd1_ep03_dg01_st00.sstg,hd_ep03_dg01_mb_05_03.mmo,22000013,幸运卡片C,特殊卡,3,96
hd1_ep03_dg01_st00.sstg,hd_ep03_dg01_mb_05_02.mmo,13000354,P04*属性宝石,图片卡,3,4
hd1_ep03_dg01_st00.sstg,hd_ep03_dg01_mb_05_02.mmo,22000013,幸运卡片C,特殊卡,3,96
hd1_ep03_dg01_st00.sstg,hd_ep03_dg01_mb_05_01.mmo,13000354,P04*属性宝石,图片卡,3,4
hd1_ep03_dg01_st00.sstg,hd_ep03_dg01_mb_05_01.mmo,22000013,幸运卡片C,特殊卡,3,96
hd1_ep03_dg01_st00.sstg,hd_ep03_dg01_mb_05_00.mmo,13000354,P04*属性宝石,图片卡,3,4
hd1_ep03_dg01_st00.sstg,hd_ep03_dg01_mb_05_00.mmo,22000013,幸运卡片C,特殊卡,3,96
hd1_ep03_dg01_st00.sstg,hd_ep03_dg01_mb_04_03.mmo,13000337,V07*属性宝石,图片卡,3,4
hd1_ep03_dg01_st00.sstg,hd_ep03_dg01_mb_04_03.mmo,22000011,幸运卡片A,特殊卡,3,96
hd1_ep03_dg01_st00.sstg,hd_ep03_dg01_mb_04_02.mmo,13000337,V07*属性宝石,图片卡,3,4
hd1_ep03_dg01_st00.sstg,hd_ep03_dg01_mb_04_02.mmo,22000011,幸运卡片A,特殊卡,3,96
hd1_ep03_dg01_st00.sstg,hd_ep03_dg01_mb_04_01.mmo,13000337,V07*属性宝石,图片卡,3,4
hd1_ep03_dg01_st00.sstg,hd_ep03_dg01_mb_04_01.mmo,22000011,幸运卡片A,特殊卡,3,96
hd1_ep03_dg01_st00.sstg,hd_ep03_dg01_mb_04_00.mmo,13000337,V07*属性宝石,图片卡,3,4
hd1_ep03_dg01_st00.sstg,hd_ep03_dg01_mb_04_00.mmo,22000011,幸运卡片A,特殊卡,3,96
hd1_ep03_dg01_st00.sstg,hd_ep03_dg01_mb_03_03.mmo,22000014,幸运卡片D,特殊卡,3,96
hd1_ep03_dg01_st00.sstg,hd_ep03_dg01_mb_03_03.mmo,13000342,V12*装饰卡片,图片卡,3,4
hd1_ep03_dg01_st00.sstg,hd_ep03_dg01_mb_03_02.mmo,22000014,幸运卡片D,特殊卡,3,96
hd1_ep03_dg01_st00.sstg,hd_ep03_dg01_mb_03_02.mmo,13000342,V12*装饰卡片,图片卡,3,4
hd1_ep03_dg01_st00.sstg,hd_ep03_dg01_mb_03_01.mmo,22000014,幸运卡片D,特殊卡,3,96
hd1_ep03_dg01_st00.sstg,hd_ep03_dg01_mb_03_01.mmo,13000342,V12*装饰卡片,图片卡,3,4
hd1_ep03_dg01_st00.sstg,hd_ep03_dg01_mb_03_00.mmo,22000014,幸运卡片D,特殊卡,3,96
hd1_ep03_dg01_st00.sstg,hd_ep03_dg01_mb_03_00.mmo,13000342,V12*装饰卡片,图片卡,3,4
hd1_ep03_dg01_st00.sstg,hd_ep03_dg01_mb_02_01.mmo,22000012,幸运卡片B,特殊卡,3,30
hd1_ep03_dg01_st00.sstg,hd_ep03_dg01_mb_02_01.mmo,22000013,幸运卡片C,特殊卡,3,35
hd1_ep03_dg01_st00.sstg,hd_ep03_dg01_mb_02_01.mmo,22000014,幸运卡片D,特殊卡,3,35
hd1_ep03_dg01_st00.sstg,hd_ep03_dg01_mb_02_00.mmo,22000012,幸运卡片B,特殊卡,3,30
hd1_ep03_dg01_st00.sstg,hd_ep03_dg01_mb_02_00.mmo,22000013,幸运卡片C,特殊卡,3,35
hd1_ep03_dg01_st00.sstg,hd_ep03_dg01_mb_02_00.mmo,22000014,幸运卡片D,特殊卡,3,35
hd1_ep03_dg01_st00.sstg,hd_ep03_dg01_mb_01_01.mmo,22000013,幸运卡片C,特殊卡,3,50
hd1_ep03_dg01_st00.sstg,hd_ep03_dg01_mb_01_01.mmo,13000087,C07_能力宝石,图片卡,3,50
hd1_ep03_dg01_st00.sstg,hd_ep03_dg01_mb_01_00.mmo,22000013,幸运卡片C,特殊卡,3,50
hd1_ep03_dg01_st00.sstg,hd_ep03_dg01_mb_01_00.mmo,13000087,C07_能力宝石,图片卡,3,50
hd1_ep03_dg01_st00.sstg,hd_ep03_dg01_mb_00_03.mmo,13000313,B03*属性宝石,图片卡,3,4
hd1_ep03_dg01_st00.sstg,hd_ep03_dg01_mb_00_03.mmo,22000011,幸运卡片A,特殊卡,3,96
hd1_ep03_dg01_st00.sstg,hd_ep03_dg01_mb_00_02.mmo,13000313,B03*属性宝石,图片卡,3,4
hd1_ep03_dg01_st00.sstg,hd_ep03_dg01_mb_00_02.mmo,22000011,幸运卡片A,特殊卡,3,96
hd1_ep03_dg01_st00.sstg,hd_ep03_dg01_mb_00_01.mmo,13000313,B03*属性宝石,图片卡,3,4
hd1_ep03_dg01_st00.sstg,hd_ep03_dg01_mb_00_01.mmo,22000011,幸运卡片A,特殊卡,3,96
hd1_ep03_dg01_st00.sstg,hd_ep03_dg01_mb_00_00.mmo,13000313,B03*属性宝石,图片卡,3,4
hd1_ep03_dg01_st00.sstg,hd_ep03_dg01_mb_00_00.mmo,22000011,幸运卡片A,特殊卡,3,96
hd1_ep03_dg01_st00.sstg,hd_ep03_dg01_end_00_00.bmo,13000277,G07*能力宝石,图片卡,3,50
hd1_ep03_dg01_st00.sstg,hd_ep03_dg01_end_00_00.bmo,13000190,A10_能力宝石,图片卡,3,30
hd1_ep03_dg01_st00.sstg,hd_ep03_dg01_end_00_00.bmo,13000374,E04*能力宝石,图片卡,3,20
hd1_ep03_dg00_st00.sstg,hd_ep03_dg00_m_08_03.mmo,12000017,肉弹型 SP +7,SP卡,1,100
hd1_ep03_dg00_st00.sstg,hd_ep03_dg00_m_08_02.mmo,12000017,肉弹型 SP +7,SP卡,1,100
hd1_ep03_dg00_st00.sstg,hd_ep03_dg00_m_08_01.mmo,12000017,肉弹型 SP +7,SP卡,1,100
hd1_ep03_dg00_st00.sstg,hd_ep03_dg00_m_08_00.mmo,12000017,肉弹型 SP +7,SP卡,1,100
hd1_ep03_dg00_st00.sstg,hd_ep03_dg00_m_07_03.mmo,12000017,肉弹型 SP +7,SP卡,1,100
hd1_ep03_dg00_st00.sstg,hd_ep03_dg00_m_07_02.mmo,12000017,肉弹型 SP +7,SP卡,1,100
hd1_ep03_dg00_st00.sstg,hd_ep03_dg00_m_07_01.mmo,12000017,肉弹型 SP +7,SP卡,1,100
hd1_ep03_dg00_st00.sstg,hd_ep03_dg00_m_07_00.mmo,12000017,肉弹型 SP +7,SP卡,1,100
hd1_ep03_dg00_st00.sstg,hd_ep03_dg00_m_06_03.mmo,12000017,肉弹型 SP +7,SP卡,1,100
hd1_ep03_dg00_st00.sstg,hd_ep03_dg00_m_06_02.mmo,12000017,肉弹型 SP +7,SP卡,1,100
hd1_ep03_dg00_st00.sstg,hd_ep03_dg00_m_06_01.mmo,12000017,肉弹型 SP +7,SP卡,1,100
hd1_ep03_dg00_st00.sstg,hd_ep03_dg00_m_06_00.mmo,12000017,肉弹型 SP +7,SP卡,1,100
hd1_ep03_dg00_st00.sstg,hd_ep03_dg00_m_05_03.mmo,12000017,肉弹型 SP +7,SP卡,1,100
hd1_ep03_dg00_st00.sstg,hd_ep03_dg00_m_05_02.mmo,12000017,肉弹型 SP +7,SP卡,1,100
hd1_ep03_dg00_st00.sstg,hd_ep03_dg00_m_05_01.mmo,12000017,肉弹型 SP +7,SP卡,1,100
hd1_ep03_dg00_st00.sstg,hd_ep03_dg00_m_05_00.mmo,12000017,肉弹型 SP +7,SP卡,1,100
hd1_ep03_dg00_st00.sstg,hd_ep03_dg00_m_04_03.mmo,12000007,炮弹型 SP +7,SP卡,1,100
hd1_ep03_dg00_st00.sstg,hd_ep03_dg00_m_04_02.mmo,12000007,炮弹型 SP +7,SP卡,1,100
hd1_ep03_dg00_st00.sstg,hd_ep03_dg00_m_04_01.mmo,12000007,炮弹型 SP +7,SP卡,1,100
hd1_ep03_dg00_st00.sstg,hd_ep03_dg00_m_04_00.mmo,12000007,炮弹型 SP +7,SP卡,1,100
hd1_ep03_dg00_st00.sstg,hd_ep03_dg00_m_03_03.mmo,12000007,炮弹型 SP +7,SP卡,1,100
hd1_ep03_dg00_st00.sstg,hd_ep03_dg00_m_03_02.mmo,12000007,炮弹型 SP +7,SP卡,1,100
hd1_ep03_dg00_st00.sstg,hd_ep03_dg00_m_03_01.mmo,12000007,炮弹型 SP +7,SP卡,1,100
hd1_ep03_dg00_st00.sstg,hd_ep03_dg00_m_03_00.mmo,12000007,炮弹型 SP +7,SP卡,1,100
hd1_ep03_dg00_st00.sstg,hd_ep03_dg00_m_02_01.mmo,12000007,炮弹型 SP +7,SP卡,1,100
hd1_ep03_dg00_st00.sstg,hd_ep03_dg00_m_02_00.mmo,12000007,炮弹型 SP +7,SP卡,1,100
hd1_ep03_dg00_st00.sstg,hd_ep03_dg00_m_01_01.mmo,12000007,炮弹型 SP +7,SP卡,1,100
hd1_ep03_dg00_st00.sstg,hd_ep03_dg00_m_01_00.mmo,12000007,炮弹型 SP +7,SP卡,1,100
hd1_ep03_dg00_st00.sstg,hd_ep03_dg00_end_00_00.bmo,12000007,炮弹型 SP +7,SP卡,1,50
hd1_ep03_dg00_st00.sstg,hd_ep03_dg00_end_00_00.bmo,12000017,肉弹型 SP +7,SP卡,1,50
hd1_ep03_dg02_st01.sstg,hd_ep03_bbm_00.bmo,12000020,肉弹型 SP +10,SP卡,100,98
hd1_ep03_dg02_st01.sstg,hd_ep03_bbm_00.bmo,13000417,U07*黄金粉末,图片卡,100,1
hd1_ep03_dg02_st01.sstg,hd_ep03_bbm_00.bmo,13000419,U09*黄金粉末,图片卡,100,1
hd1_ep02_dg01_st00.sstg,hd_ep02_hd_dg01_end_00_00.bmo,13000277,G07*能力宝石,图片卡,3,50
hd1_ep02_dg01_st00.sstg,hd_ep02_hd_dg01_end_00_00.bmo,13000301,C11*能力宝石,图片卡,3,30
hd1_ep02_dg01_st00.sstg,hd_ep02_hd_dg01_end_00_00.bmo,13000157,P17_能力宝石,图片卡,3,20
hd1_ep02_dg00_st00.sstg,hd_ep02_hd_dg00_end_00_00.bmo,12000004,炮弹型 SP +4,SP卡,1,50
hd1_ep02_dg00_st00.sstg,hd_ep02_hd_dg00_end_00_00.bmo,12000014,肉弹型 SP +4,SP卡,1,50
hd1_ep02_dg02_st00.sstg,hd_ep02_dg02_end_07_1.mmo,50000029,秘密关卡Epi3,活动卡,100,100
hd1_ep02_dg02_st00.sstg,hd_ep02_dg02_end_07.mmo,50000030,秘密关卡Epi3,活动卡,100,100
hd1_ep02_dg02_st00.sstg,hd_ep02_dg02_end_07.bmo,50000030,秘密关卡Epi3,活动卡,100,100
hd1_ep02_dg02_st00.sstg,hd_ep02_dg02_end_06_1.mmo,50000028,秘密关卡Epi3,活动卡,100,100
hd1_ep02_dg02_st00.sstg,hd_ep02_dg02_end_06.mmo,50000027,秘密关卡Epi3,活动卡,100,100
hd1_ep02_dg02_st00.sstg,hd_ep02_dg02_end_05.mmo,50000026,秘密关卡Epi3,活动卡,100,100
hd1_ep02_dg02_st00.sstg,hd_ep02_dg02_end_04.mmo,50000025,秘密关卡Epi3,活动卡,100,100
hd1_ep02_dg02_st00.sstg,hd_ep02_dg02_end_03.mmo,50000024,秘密关卡Epi3,活动卡,100,100
hd1_ep02_dg02_st00.sstg,hd_ep02_dg02_end_02.mmo,50000023,秘密关卡Epi3,活动卡,100,100
hd1_ep02_dg02_st00.sstg,hd_ep02_dg02_end_01.mmo,50000022,秘密关卡Epi3,活动卡,100,100
hd1_ep02_dg02_st00.sstg,hd_ep02_dg02_end_00.mmo,50000021,秘密关卡Epi3,活动卡,100,100
hd1_ep02_dg01_st00.sstg,hd_ep02_dg01_mb_13_01.mmo,13000299,C09*装饰卡片,图片卡,3,4
hd1_ep02_dg01_st00.sstg,hd_ep02_dg01_mb_13_01.mmo,22000011,幸运卡片A,特殊卡,3,96
hd1_ep02_dg01_st00.sstg,hd_ep02_dg01_mb_13_00.mmo,13000299,C09*装饰卡片,图片卡,3,4
hd1_ep02_dg01_st00.sstg,hd_ep02_dg01_mb_13_00.mmo,22000011,幸运卡片A,特殊卡,3,96
hd1_ep02_dg01_st00.sstg,hd_ep02_dg01_mb_12_01.mmo,22000013,幸运卡片C,特殊卡,3,90
hd1_ep02_dg01_st00.sstg,hd_ep02_dg01_mb_12_01.mmo,13000306,C16*宠物天使,图片卡,3,10
hd1_ep02_dg01_st00.sstg,hd_ep02_dg01_mb_12_00.mmo,22000013,幸运卡片C,特殊卡,3,90
hd1_ep02_dg01_st00.sstg,hd_ep02_dg01_mb_12_00.mmo,13000306,C16*宠物天使,图片卡,3,10
hd1_ep02_dg01_st00.sstg,hd_ep02_dg01_mb_11_01.mmo,13000293,C03*能力宝石,图片卡,3,60
hd1_ep02_dg01_st00.sstg,hd_ep02_dg01_mb_11_01.mmo,13000303,C13*NaNa秀卡片,图片卡,3,4
hd1_ep02_dg01_st00.sstg,hd_ep02_dg01_mb_11_01.mmo,22000012,幸运卡片B,特殊卡,3,36
hd1_ep02_dg01_st00.sstg,hd_ep02_dg01_mb_11_00.mmo,13000293,C03*能力宝石,图片卡,3,60
hd1_ep02_dg01_st00.sstg,hd_ep02_dg01_mb_11_00.mmo,13000303,C13*NaNa秀卡片,图片卡,3,4
hd1_ep02_dg01_st00.sstg,hd_ep02_dg01_mb_11_00.mmo,22000012,幸运卡片B,特殊卡,3,36
hd1_ep02_dg01_st00.sstg,hd_ep02_dg01_mb_10_01.mmo,22000014,幸运卡片D,特殊卡,3,90
hd1_ep02_dg01_st00.sstg,hd_ep02_dg01_mb_10_01.mmo,13000286,G16*宠物天使,图片卡,3,10
hd1_ep02_dg01_st00.sstg,hd_ep02_dg01_mb_10_00.mmo,22000014,幸运卡片D,特殊卡,3,90
hd1_ep02_dg01_st00.sstg,hd_ep02_dg01_mb_10_00.mmo,13000286,G16*宠物天使,图片卡,3,10
hd1_ep02_dg01_st00.sstg,hd_ep02_dg01_mb_09_01.mmo,13000282,G12*装饰卡片,图片卡,3,4
hd1_ep02_dg01_st00.sstg,hd_ep02_dg01_mb_09_01.mmo,22000011,幸运卡片A,特殊卡,3,96
hd1_ep02_dg01_st00.sstg,hd_ep02_dg01_mb_09_00.mmo,13000282,G12*装饰卡片,图片卡,3,4
hd1_ep02_dg01_st00.sstg,hd_ep02_dg01_mb_09_00.mmo,22000011,幸运卡片A,特殊卡,3,96
hd1_ep02_dg01_st00.sstg,hd_ep02_dg01_mb_08_01.mmo,13000268,Y18*宠物天使,图片卡,3,10
hd1_ep02_dg01_st00.sstg,hd_ep02_dg01_mb_08_01.mmo,22000014,幸运卡片D,特殊卡,3,90
hd1_ep02_dg01_st00.sstg,hd_ep02_dg01_mb_08_00.mmo,13000268,Y18*宠物天使,图片卡,3,10
hd1_ep02_dg01_st00.sstg,hd_ep02_dg01_mb_08_00.mmo,22000014,幸运卡片D,特殊卡,3,90
hd1_ep02_dg01_st00.sstg,hd_ep02_dg01_mb_07_01.mmo,13000266,Y16*宠物天使,图片卡,3,10
hd1_ep02_dg01_st00.sstg,hd_ep02_dg01_mb_07_01.mmo,22000013,幸运卡片C,特殊卡,3,90
hd1_ep02_dg01_st00.sstg,hd_ep02_dg01_mb_07_00.mmo,13000266,Y16*宠物天使,图片卡,3,10
hd1_ep02_dg01_st00.sstg,hd_ep02_dg01_mb_07_00.mmo,22000013,幸运卡片C,特殊卡,3,90
hd1_ep02_dg01_st00.sstg,hd_ep02_dg01_mb_06_01.mmo,13000264,Y14*宠物天使,图片卡,3,10
hd1_ep02_dg01_st00.sstg,hd_ep02_dg01_mb_06_01.mmo,22000014,幸运卡片D,特殊卡,3,90
hd1_ep02_dg01_st00.sstg,hd_ep02_dg01_mb_06_00.mmo,13000264,Y14*宠物天使,图片卡,3,10
hd1_ep02_dg01_st00.sstg,hd_ep02_dg01_mb_06_00.mmo,22000014,幸运卡片D,特殊卡,3,90
hd1_ep02_dg01_st00.sstg,hd_ep02_dg01_mb_05_01.mmo,13000253,Y03*NaNa秀卡片,图片卡,3,4
hd1_ep02_dg01_st00.sstg,hd_ep02_dg01_mb_05_01.mmo,13000013,R13_NaNa秀卡片,图片卡,3,96
hd1_ep02_dg01_st00.sstg,hd_ep02_dg01_mb_05_00.mmo,13000253,Y03*NaNa秀卡片,图片卡,3,4
hd1_ep02_dg01_st00.sstg,hd_ep02_dg01_mb_05_00.mmo,13000013,R13_NaNa秀卡片,图片卡,3,96
hd1_ep02_dg01_st00.sstg,hd_ep02_dg01_mb_04_01.mmo,13000236,O06*属性宝石,图片卡,3,4
hd1_ep02_dg01_st00.sstg,hd_ep02_dg01_mb_04_01.mmo,22000011,幸运卡片A,特殊卡,3,96
hd1_ep02_dg01_st00.sstg,hd_ep02_dg01_mb_04_00.mmo,13000236,O06*属性宝石,图片卡,3,4
hd1_ep02_dg01_st00.sstg,hd_ep02_dg01_mb_04_00.mmo,22000011,幸运卡片A,特殊卡,3,96
hd1_ep02_dg01_st00.sstg,hd_ep02_dg01_mb_03_01.mmo,13000240,O10*能力宝石,图片卡,3,50
hd1_ep02_dg01_st00.sstg,hd_ep02_dg01_mb_03_01.mmo,22000012,幸运卡片B,特殊卡,3,50
hd1_ep02_dg01_st00.sstg,hd_ep02_dg01_mb_03_00.mmo,13000240,O10*能力宝石,图片卡,3,50
hd1_ep02_dg01_st00.sstg,hd_ep02_dg01_mb_03_00.mmo,22000012,幸运卡片B,特殊卡,3,50
hd1_ep02_dg01_st00.sstg,hd_ep02_dg01_mb_02_01.mmo,13000233,O03*装饰卡片,图片卡,3,4
hd1_ep02_dg01_st00.sstg,hd_ep02_dg01_mb_02_01.mmo,22000011,幸运卡片A,特殊卡,3,96
hd1_ep02_dg01_st00.sstg,hd_ep02_dg01_mb_02_00.mmo,13000233,O03*装饰卡片,图片卡,3,4
hd1_ep02_dg01_st00.sstg,hd_ep02_dg01_mb_02_00.mmo,22000011,幸运卡片A,特殊卡,3,96
hd1_ep02_dg01_st00.sstg,hd_ep02_dg01_mb_01_03.mmo,22000011,幸运卡片A,特殊卡,3,50
hd1_ep02_dg01_st00.sstg,hd_ep02_dg01_mb_01_03.mmo,22000012,幸运卡片B,特殊卡,3,50
hd1_ep02_dg01_st00.sstg,hd_ep02_dg01_mb_01_02.mmo,22000011,幸运卡片A,特殊卡,3,50
hd1_ep02_dg01_st00.sstg,hd_ep02_dg01_mb_01_02.mmo,22000012,幸运卡片B,特殊卡,3,50
hd1_ep02_dg01_st00.sstg,hd_ep02_dg01_mb_01_01.mmo,22000011,幸运卡片A,特殊卡,3,50
hd1_ep02_dg01_st00.sstg,hd_ep02_dg01_mb_01_01.mmo,22000012,幸运卡片B,特殊卡,3,50
hd1_ep02_dg01_st00.sstg,hd_ep02_dg01_mb_01_00.mmo,22000011,幸运卡片A,特殊卡,3,50
hd1_ep02_dg01_st00.sstg,hd_ep02_dg01_mb_01_00.mmo,22000012,幸运卡片B,特殊卡,3,50
hd1_ep02_dg01_st00.sstg,hd_ep02_dg01_mb_00_01.mmo,22000013,幸运卡片C,特殊卡,3,90
hd1_ep02_dg01_st00.sstg,hd_ep02_dg01_mb_00_01.mmo,13000061,G01_NaNa秀卡片,图片卡,3,10
hd1_ep02_dg01_st00.sstg,hd_ep02_dg01_mb_00_00.mmo,22000013,幸运卡片C,特殊卡,3,90
hd1_ep02_dg01_st00.sstg,hd_ep02_dg01_mb_00_00.mmo,13000061,G01_NaNa秀卡片,图片卡,3,10
hd1_ep02_dg00_st00.sstg,hd_ep02_dg00_m_08_01.mmo,12000014,肉弹型 SP +4,SP卡,1,100
hd1_ep02_dg00_st00.sstg,hd_ep02_dg00_m_08_00.mmo,12000014,肉弹型 SP +4,SP卡,1,100
hd1_ep02_dg00_st00.sstg,hd_ep02_dg00_m_07_01.mmo,12000014,肉弹型 SP +4,SP卡,1,100
hd1_ep02_dg00_st00.sstg,hd_ep02_dg00_m_07_00.mmo,12000014,肉弹型 SP +4,SP卡,1,100
hd1_ep02_dg00_st00.sstg,hd_ep02_dg00_m_06_02.mmo,12000014,肉弹型 SP +4,SP卡,1,100
hd1_ep02_dg00_st00.sstg,hd_ep02_dg00_m_06_01.mmo,12000014,肉弹型 SP +4,SP卡,1,100
hd1_ep02_dg00_st00.sstg,hd_ep02_dg00_m_06_00.mmo,12000014,肉弹型 SP +4,SP卡,1,100
hd1_ep02_dg00_st00.sstg,hd_ep02_dg00_m_05_02.mmo,12000014,肉弹型 SP +4,SP卡,1,100
hd1_ep02_dg00_st00.sstg,hd_ep02_dg00_m_05_01.mmo,12000014,肉弹型 SP +4,SP卡,1,100
hd1_ep02_dg00_st00.sstg,hd_ep02_dg00_m_05_00.mmo,12000014,肉弹型 SP +4,SP卡,1,100
hd1_ep02_dg00_st00.sstg,hd_ep02_dg00_m_04_01.mmo,12000004,炮弹型 SP +4,SP卡,1,100
hd1_ep02_dg00_st00.sstg,hd_ep02_dg00_m_04_00.mmo,12000004,炮弹型 SP +4,SP卡,1,100
hd1_ep02_dg00_st00.sstg,hd_ep02_dg00_m_03_01.mmo,12000004,炮弹型 SP +4,SP卡,1,100
hd1_ep02_dg00_st00.sstg,hd_ep02_dg00_m_03_00.mmo,12000004,炮弹型 SP +4,SP卡,1,100
hd1_ep02_dg00_st00.sstg,hd_ep02_dg00_m_02_03.mmo,12000004,炮弹型 SP +4,SP卡,1,100
hd1_ep02_dg00_st00.sstg,hd_ep02_dg00_m_02_02.mmo,12000004,炮弹型 SP +4,SP卡,1,100
hd1_ep02_dg00_st00.sstg,hd_ep02_dg00_m_02_01.mmo,12000004,炮弹型 SP +4,SP卡,1,100
hd1_ep02_dg00_st00.sstg,hd_ep02_dg00_m_02_00.mmo,12000004,炮弹型 SP +4,SP卡,1,100
hd1_ep02_dg00_st00.sstg,hd_ep02_dg00_m_01_01.mmo,12000004,炮弹型 SP +4,SP卡,1,100
hd1_ep02_dg00_st00.sstg,hd_ep02_dg00_m_01_00.mmo,12000004,炮弹型 SP +4,SP卡,1,100
hd1_ep02_dg02_st01.sstg,hd_ep02_bbm_00.bmo,12000020,肉弹型 SP +10,SP卡,100,97
hd1_ep02_dg02_st01.sstg,hd_ep02_bbm_00.bmo,13000413,U03*黄金粉末,图片卡,100,2
hd1_ep02_dg02_st01.sstg,hd_ep02_bbm_00.bmo,13000415,U05*黄金粉末,图片卡,100,1
hd1_ep01_dg02_st00.sstg,hd_ep01_dg02_end_06_1.mmo,50000014,秘密关卡Epi2,活动卡,100,100
hd1_ep01_dg02_st00.sstg,hd_ep01_dg02_end_06.mmo,50000019,秘密关卡Epi2,活动卡,100,100
hd1_ep01_dg02_st00.sstg,hd_ep01_dg02_end_05.mmo,50000018,秘密关卡Epi2,活动卡,100,100
hd1_ep01_dg02_st00.sstg,hd_ep01_dg02_end_04.mmo,50000017,秘密关卡Epi2,活动卡,100,100
hd1_ep01_dg02_st00.sstg,hd_ep01_dg02_end_03.mmo,50000016,秘密关卡Epi2,活动卡,100,100
hd1_ep01_dg02_st00.sstg,hd_ep01_dg02_end_02.mmo,50000015,秘密关卡Epi2,活动卡,100,100
hd1_ep01_dg02_st00.sstg,hd_ep01_dg02_end_01.mmo,50000013,秘密关卡Epi2,活动卡,100,100
hd1_ep01_dg02_st00.sstg,hd_ep01_dg02_end_00_1.mmo,50000012,秘密关卡Epi2,活动卡,100,100
hd1_ep01_dg02_st00.sstg,hd_ep01_dg02_end_00.mmo,50000011,秘密关卡Epi2,活动卡,100,100
hd1_ep01_dg01_st00.sstg,hd_ep01_dg01_mb_10_01.mmo,22000013,幸运卡片C,特殊卡,3,50
hd1_ep01_dg01_st00.sstg,hd_ep01_dg01_mb_10_01.mmo,13000221,R11*能力宝石,图片卡,3,50
hd1_ep01_dg01_st00.sstg,hd_ep01_dg01_mb_10_00.mmo,22000013,幸运卡片C,特殊卡,3,50
hd1_ep01_dg01_st00.sstg,hd_ep01_dg01_mb_10_00.mmo,13000221,R11*能力宝石,图片卡,3,50
hd1_ep01_dg01_st00.sstg,hd_ep01_dg01_mb_09_01.mmo,22000011,幸运卡片A,特殊卡,3,80
hd1_ep01_dg01_st00.sstg,hd_ep01_dg01_mb_09_01.mmo,22000012,幸运卡片B,特殊卡,3,20
hd1_ep01_dg01_st00.sstg,hd_ep01_dg01_mb_09_00.mmo,22000011,幸运卡片A,特殊卡,3,80
hd1_ep01_dg01_st00.sstg,hd_ep01_dg01_mb_09_00.mmo,22000012,幸运卡片B,特殊卡,3,20
hd1_ep01_dg01_st00.sstg,hd_ep01_dg01_mb_08_01.mmo,13000215,R05*能力宝石,图片卡,3,50
hd1_ep01_dg01_st00.sstg,hd_ep01_dg01_mb_08_01.mmo,22000014,幸运卡片D,特殊卡,3,50
hd1_ep01_dg01_st00.sstg,hd_ep01_dg01_mb_08_00.mmo,13000215,R05*能力宝石,图片卡,3,50
hd1_ep01_dg01_st00.sstg,hd_ep01_dg01_mb_08_00.mmo,22000014,幸运卡片D,特殊卡,3,50
hd1_ep01_dg01_st00.sstg,hd_ep01_dg01_mb_07_01.mmo,13000217,R07*装饰卡片,图片卡,3,4
hd1_ep01_dg01_st00.sstg,hd_ep01_dg01_mb_07_01.mmo,22000011,幸运卡片A,特殊卡,3,96
hd1_ep01_dg01_st00.sstg,hd_ep01_dg01_mb_07_00.mmo,13000217,R07*装饰卡片,图片卡,3,4
hd1_ep01_dg01_st00.sstg,hd_ep01_dg01_mb_07_00.mmo,22000011,幸运卡片A,特殊卡,3,96
hd1_ep01_dg01_st00.sstg,hd_ep01_dg01_mb_06_01.mmo,22000011,幸运卡片A,特殊卡,3,96
hd1_ep01_dg01_st00.sstg,hd_ep01_dg01_mb_06_01.mmo,13000214,R04*属性宝石,图片卡,3,4
hd1_ep01_dg01_st00.sstg,hd_ep01_dg01_mb_06_00.mmo,22000011,幸运卡片A,特殊卡,3,96
hd1_ep01_dg01_st00.sstg,hd_ep01_dg01_mb_06_00.mmo,13000214,R04*属性宝石,图片卡,3,4
hd1_ep01_dg01_st00.sstg,hd_ep01_dg01_mb_05_01.mmo,13000213,R03*NaNa秀卡片,图片卡,3,4
hd1_ep01_dg01_st00.sstg,hd_ep01_dg01_mb_05_01.mmo,22000011,幸运卡片A,特殊卡,3,96
hd1_ep01_dg01_st00.sstg,hd_ep01_dg01_mb_05_00.mmo,13000213,R03*NaNa秀卡片,图片卡,3,4
hd1_ep01_dg01_st00.sstg,hd_ep01_dg01_mb_05_00.mmo,22000011,幸运卡片A,特殊卡,3,96
hd1_ep01_dg01_st00.sstg,hd_ep01_dg01_mb_04_01.mmo,22000012,幸运卡片B,特殊卡,3,50
hd1_ep01_dg01_st00.sstg,hd_ep01_dg01_mb_04_01.mmo,13000195,A15_能力宝石,图片卡,3,50
hd1_ep01_dg01_st00.sstg,hd_ep01_dg01_mb_04_00.mmo,22000012,幸运卡片B,特殊卡,3,50
hd1_ep01_dg01_st00.sstg,hd_ep01_dg01_mb_04_00.mmo,13000195,A15_能力宝石,图片卡,3,50
hd1_ep01_dg01_st00.sstg,hd_ep01_dg01_mb_03_00.mmo,22000011,幸运卡片A,特殊卡,3,80
hd1_ep01_dg01_st00.sstg,hd_ep01_dg01_mb_03_00.mmo,13000170,E10_能力宝石,图片卡,3,20
hd1_ep01_dg01_st00.sstg,hd_ep01_dg01_mb_02_00.mmo,22000011,幸运卡片A,特殊卡,3,80
hd1_ep01_dg01_st00.sstg,hd_ep01_dg01_mb_02_00.mmo,13000157,P17_能力宝石,图片卡,3,20
hd1_ep01_dg01_st00.sstg,hd_ep01_dg01_mb_01_01.mmo,22000012,幸运卡片B,特殊卡,3,40
hd1_ep01_dg01_st00.sstg,hd_ep01_dg01_mb_01_01.mmo,13000131,V11_能力宝石,图片卡,3,40
hd1_ep01_dg01_st00.sstg,hd_ep01_dg01_mb_01_01.mmo,13000149,P09_NaNa秀卡片,图片卡,3,20
hd1_ep01_dg01_st00.sstg,hd_ep01_dg01_mb_01_00.mmo,22000012,幸运卡片B,特殊卡,3,40
hd1_ep01_dg01_st00.sstg,hd_ep01_dg01_mb_01_00.mmo,13000131,V11_能力宝石,图片卡,3,40
hd1_ep01_dg01_st00.sstg,hd_ep01_dg01_mb_01_00.mmo,13000149,P09_NaNa秀卡片,图片卡,3,20
hd1_ep01_dg01_st00.sstg,hd_ep01_dg01_mb_00_01.mmo,13000127,V07_NaNa秀卡片,图片卡,3,20
hd1_ep01_dg01_st00.sstg,hd_ep01_dg01_mb_00_01.mmo,22000012,幸运卡片B,特殊卡,3,80
hd1_ep01_dg01_st00.sstg,hd_ep01_dg01_mb_00_00.mmo,13000127,V07_NaNa秀卡片,图片卡,3,20
hd1_ep01_dg01_st00.sstg,hd_ep01_dg01_mb_00_00.mmo,22000012,幸运卡片B,特殊卡,3,80
hd1_ep01_dg01_st00.sstg,hd_ep01_dg01_end_00.bmo,13000161,E01_能力宝石,图片卡,1,40
hd1_ep01_dg01_st00.sstg,hd_ep01_dg01_end_00.bmo,13000301,C11*能力宝石,图片卡,1,30
hd1_ep01_dg01_st00.sstg,hd_ep01_dg01_end_00.bmo,13000274,G04*能力宝石,图片卡,1,30
hd1_ep01_dg00_st00.sstg,hd_ep01_dg00_m_08_01.mmo,12000012,肉弹型 SP +2,SP卡,1,50
hd1_ep01_dg00_st00.sstg,hd_ep01_dg00_m_08_00.mmo,12000012,肉弹型 SP +2,SP卡,1,50
hd1_ep01_dg00_st00.sstg,hd_ep01_dg00_m_07_01.mmo,12000012,肉弹型 SP +2,SP卡,1,50
hd1_ep01_dg00_st00.sstg,hd_ep01_dg00_m_07_00.mmo,12000012,肉弹型 SP +2,SP卡,1,50
hd1_ep01_dg00_st00.sstg,hd_ep01_dg00_m_06_01.mmo,12000012,肉弹型 SP +2,SP卡,1,50
hd1_ep01_dg00_st00.sstg,hd_ep01_dg00_m_06_00.mmo,12000012,肉弹型 SP +2,SP卡,1,50
hd1_ep01_dg00_st00.sstg,hd_ep01_dg00_m_05_01.mmo,12000012,肉弹型 SP +2,SP卡,1,50
hd1_ep01_dg00_st00.sstg,hd_ep01_dg00_m_05_00.mmo,12000012,肉弹型 SP +2,SP卡,1,50
hd1_ep01_dg00_st00.sstg,hd_ep01_dg00_m_04_01.mmo,12000012,肉弹型 SP +2,SP卡,1,50
hd1_ep01_dg00_st00.sstg,hd_ep01_dg00_m_04_00.mmo,12000012,肉弹型 SP +2,SP卡,1,50
hd1_ep01_dg00_st00.sstg,hd_ep01_dg00_m_03_03.mmo,12000002,炮弹型 SP +2,SP卡,1,50
hd1_ep01_dg00_st00.sstg,hd_ep01_dg00_m_03_02.mmo,12000002,炮弹型 SP +2,SP卡,1,50
hd1_ep01_dg00_st00.sstg,hd_ep01_dg00_m_03_01.mmo,12000002,炮弹型 SP +2,SP卡,1,50
hd1_ep01_dg00_st00.sstg,hd_ep01_dg00_m_03_00.mmo,12000002,炮弹型 SP +2,SP卡,1,50
hd1_ep01_dg00_st00.sstg,hd_ep01_dg00_m_02_04.mmo,12000002,炮弹型 SP +2,SP卡,1,50
hd1_ep01_dg00_st00.sstg,hd_ep01_dg00_m_02_03.mmo,12000002,炮弹型 SP +2,SP卡,1,50
hd1_ep01_dg00_st00.sstg,hd_ep01_dg00_m_02_02.mmo,12000002,炮弹型 SP +2,SP卡,1,50
hd1_ep01_dg00_st00.sstg,hd_ep01_dg00_m_02_01.mmo,12000002,炮弹型 SP +2,SP卡,1,50
hd1_ep01_dg00_st00.sstg,hd_ep01_dg00_m_02_00.mmo,12000002,炮弹型 SP +2,SP卡,1,50
hd1_ep01_dg00_st00.sstg,hd_ep01_dg00_m_01_04.mmo,12000002,炮弹型 SP +2,SP卡,1,50
hd1_ep01_dg00_st00.sstg,hd_ep01_dg00_m_01_03.mmo,12000002,炮弹型 SP +2,SP卡,1,50
hd1_ep01_dg00_st00.sstg,hd_ep01_dg00_m_01_02.mmo,12000002,炮弹型 SP +2,SP卡,1,50
hd1_ep01_dg00_st00.sstg,hd_ep01_dg00_m_01_01.mmo,12000002,炮弹型 SP +2,SP卡,1,50
hd1_ep01_dg00_st00.sstg,hd_ep01_dg00_m_01_00.mmo,12000002,炮弹型 SP +2,SP卡,1,50
hd1_ep01_dg00_st00.sstg,hd_ep01_dg00_end_00.bmo,12000002,炮弹型 SP +2,SP卡,10,50
hd1_ep01_dg00_st00.sstg,hd_ep01_dg00_end_00.bmo,12000012,肉弹型 SP +2,SP卡,10,50
hd1_ep00_dg02_st00.sstg,hd_ep00_dg02_end_07.bmo,50000010,秘密关卡Epi1,活动卡,100,100
hd1_ep00_dg02_st00.sstg,hd_ep00_dg02_end_06.mmo,50000009,秘密关卡Epi1,活动卡,100,100
hd1_ep00_dg02_st00.sstg,hd_ep00_dg02_end_05.mmo,50000008,秘密关卡Epi1,活动卡,100,100
hd1_ep00_dg02_st00.sstg,hd_ep00_dg02_end_04.mmo,50000007,秘密关卡Epi1,活动卡,100,100
hd1_ep00_dg02_st00.sstg,hd_ep00_dg02_end_03.mmo,50000006,秘密关卡Epi1,活动卡,100,100
hd1_ep00_dg02_st00.sstg,hd_ep00_dg02_end_02.mmo,50000005,秘密关卡Epi1,活动卡,100,100
hd1_ep00_dg02_st00.sstg,hd_ep00_dg02_end_02.mmo,50000004,秘密关卡Epi1,活动卡,100,100
hd1_ep00_dg02_st00.sstg,hd_ep00_dg02_end_01.mmo,50000003,秘密关卡Epi1,活动卡,100,100
hd1_ep00_dg02_st00.sstg,hd_ep00_dg02_end_00.mmo,50000002,秘密关卡Epi1,活动卡,100,100
hd1_ep00_dg02_st00.sstg,hd_ep00_dg02_end_00.mmo,50000001,秘密关卡Epi1,活动卡,100,100
hd1_ep00_dg01_st00.sstg,hd_ep00_dg01_mb_32_01.mmo,22000014,幸运卡片D,特殊卡,5,70
hd1_ep00_dg01_st00.sstg,hd_ep00_dg01_mb_32_01.mmo,13000116,B16_能力宝石,图片卡,5,30
hd1_ep00_dg01_st00.sstg,hd_ep00_dg01_mb_32_00.mmo,22000014,幸运卡片D,特殊卡,5,70
hd1_ep00_dg01_st00.sstg,hd_ep00_dg01_mb_32_00.mmo,13000116,B16_能力宝石,图片卡,5,30
hd1_ep00_dg01_st00.sstg,hd_ep00_dg01_mb_31_01.mmo,13000091,C11_能力宝石,图片卡,5,50
hd1_ep00_dg01_st00.sstg,hd_ep00_dg01_mb_31_01.mmo,22000012,幸运卡片B,特殊卡,5,50
hd1_ep00_dg01_st00.sstg,hd_ep00_dg01_mb_31_00.mmo,13000091,C11_能力宝石,图片卡,5,50
hd1_ep00_dg01_st00.sstg,hd_ep00_dg01_mb_31_00.mmo,22000012,幸运卡片B,特殊卡,5,50
hd1_ep00_dg01_st00.sstg,hd_ep00_dg01_mb_26_00.mmo,22000011,幸运卡片A,特殊卡,5,100
hd1_ep00_dg01_st00.sstg,hd_ep00_dg01_mb_25_01.mmo,13000081,C01_能力宝石,图片卡,5,20
hd1_ep00_dg01_st00.sstg,hd_ep00_dg01_mb_25_01.mmo,22000012,幸运卡片B,特殊卡,5,60
hd1_ep00_dg01_st00.sstg,hd_ep00_dg01_mb_25_01.mmo,13000106,B06_能力宝石,图片卡,5,20
hd1_ep00_dg01_st00.sstg,hd_ep00_dg01_mb_25_00.mmo,13000081,C01_能力宝石,图片卡,5,20
hd1_ep00_dg01_st00.sstg,hd_ep00_dg01_mb_25_00.mmo,22000012,幸运卡片B,特殊卡,5,60
hd1_ep00_dg01_st00.sstg,hd_ep00_dg01_mb_25_00.mmo,13000106,B06_能力宝石,图片卡,5,20
hd1_ep00_dg01_st00.sstg,hd_ep00_dg01_mb_21_02.mmo,22000012,幸运卡片B,特殊卡,5,70
hd1_ep00_dg01_st00.sstg,hd_ep00_dg01_mb_21_02.mmo,13000078,G18_能力宝石,图片卡,5,30
hd1_ep00_dg01_st00.sstg,hd_ep00_dg01_mb_21_01.mmo,22000012,幸运卡片B,特殊卡,5,70
hd1_ep00_dg01_st00.sstg,hd_ep00_dg01_mb_21_01.mmo,13000078,G18_能力宝石,图片卡,5,30
hd1_ep00_dg01_st00.sstg,hd_ep00_dg01_mb_21_00.mmo,22000012,幸运卡片B,特殊卡,5,70
hd1_ep00_dg01_st00.sstg,hd_ep00_dg01_mb_21_00.mmo,13000078,G18_能力宝石,图片卡,5,30
hd1_ep00_dg01_st00.sstg,hd_ep00_dg01_mb_17_01.mmo,22000013,幸运卡片C,特殊卡,5,70
hd1_ep00_dg01_st00.sstg,hd_ep00_dg01_mb_17_01.mmo,13000070,G10_能力宝石,图片卡,5,30
hd1_ep00_dg01_st00.sstg,hd_ep00_dg01_mb_17_00.mmo,22000013,幸运卡片C,特殊卡,5,70
hd1_ep00_dg01_st00.sstg,hd_ep00_dg01_mb_17_00.mmo,13000070,G10_能力宝石,图片卡,5,30
hd1_ep00_dg01_st00.sstg,hd_ep00_dg01_mb_16_03.mmo,22000012,幸运卡片B,特殊卡,5,70
hd1_ep00_dg01_st00.sstg,hd_ep00_dg01_mb_16_03.mmo,13000053,Y13_NaNa秀卡片,图片卡,5,30
hd1_ep00_dg01_st00.sstg,hd_ep00_dg01_mb_16_02.mmo,22000012,幸运卡片B,特殊卡,5,70
hd1_ep00_dg01_st00.sstg,hd_ep00_dg01_mb_16_02.mmo,13000053,Y13_NaNa秀卡片,图片卡,5,30
hd1_ep00_dg01_st00.sstg,hd_ep00_dg01_mb_16_01.mmo,22000012,幸运卡片B,特殊卡,5,70
hd1_ep00_dg01_st00.sstg,hd_ep00_dg01_mb_16_01.mmo,13000053,Y13_NaNa秀卡片,图片卡,5,30
hd1_ep00_dg01_st00.sstg,hd_ep00_dg01_mb_16_00.mmo,22000012,幸运卡片B,特殊卡,5,70
hd1_ep00_dg01_st00.sstg,hd_ep00_dg01_mb_16_00.mmo,13000053,Y13_NaNa秀卡片,图片卡,5,30
hd1_ep00_dg01_st00.sstg,hd_ep00_dg01_mb_13_00.mmo,22000011,幸运卡片A,特殊卡,5,100
hd1_ep00_dg01_st00.sstg,hd_ep00_dg01_mb_12_01.mmo,13000022,O02_NaNa秀卡片,图片卡,5,30
hd1_ep00_dg01_st00.sstg,hd_ep00_dg01_mb_12_01.mmo,22000011,幸运卡片A,特殊卡,5,70
hd1_ep00_dg01_st00.sstg,hd_ep00_dg01_mb_12_00.mmo,13000022,O02_NaNa秀卡片,图片卡,5,30
hd1_ep00_dg01_st00.sstg,hd_ep00_dg01_mb_12_00.mmo,22000011,幸运卡片A,特殊卡,5,70
hd1_ep00_dg01_st00.sstg,hd_ep00_dg01_mb_08_01.mmo,22000011,幸运卡片A,特殊卡,5,70
hd1_ep00_dg01_st00.sstg,hd_ep00_dg01_mb_08_01.mmo,13000048,Y08_能力宝石,图片卡,5,30
hd1_ep00_dg01_st00.sstg,hd_ep00_dg01_mb_08_00.mmo,22000011,幸运卡片A,特殊卡,5,70
hd1_ep00_dg01_st00.sstg,hd_ep00_dg01_mb_08_00.mmo,13000048,Y08_能力宝石,图片卡,5,30
hd1_ep00_dg01_st00.sstg,hd_ep00_dg01_mb_05_01.mmo,22000011,幸运卡片A,特殊卡,5,70
hd1_ep00_dg01_st00.sstg,hd_ep00_dg01_mb_05_01.mmo,13000010,R10_能力宝石,图片卡,5,30
hd1_ep00_dg01_st00.sstg,hd_ep00_dg01_mb_05_00.mmo,22000011,幸运卡片A,特殊卡,5,70
hd1_ep00_dg01_st00.sstg,hd_ep00_dg01_mb_05_00.mmo,13000010,R10_能力宝石,图片卡,5,30
hd1_ep00_dg01_st00.sstg,hd_ep00_dg01_bbm_00.bmo,13000161,E01_能力宝石,图片卡,3,50
hd1_ep00_dg01_st00.sstg,hd_ep00_dg01_bbm_00.bmo,13000174,E14_能力宝石,图片卡,3,30
hd1_ep00_dg01_st00.sstg,hd_ep00_dg01_bbm_00.bmo,13000274,G04*能力宝石,图片卡,3,20
hd1_ep00_dg00_st00.sstg,hd_ep00_dg00_m_31_05.mmo,12000011,肉弹型 SP +1,SP卡,1,50
hd1_ep00_dg00_st00.sstg,hd_ep00_dg00_m_31_04.mmo,12000011,肉弹型 SP +1,SP卡,1,50
hd1_ep00_dg00_st00.sstg,hd_ep00_dg00_m_31_03.mmo,12000011,肉弹型 SP +1,SP卡,1,50
hd1_ep00_dg00_st00.sstg,hd_ep00_dg00_m_31_02.mmo,12000011,肉弹型 SP +1,SP卡,1,50
hd1_ep00_dg00_st00.sstg,hd_ep00_dg00_m_31_01.mmo,12000011,肉弹型 SP +1,SP卡,1,50
hd1_ep00_dg00_st00.sstg,hd_ep00_dg00_m_31_00.mmo,12000011,肉弹型 SP +1,SP卡,1,50
hd1_ep00_dg00_st00.sstg,hd_ep00_dg00_m_25_01.mmo,12000001,炮弹型 SP +1,SP卡,1,50
hd1_ep00_dg00_st00.sstg,hd_ep00_dg00_m_25_00.mmo,12000001,炮弹型 SP +1,SP卡,1,50
hd1_ep00_dg00_st00.sstg,hd_ep00_dg00_m_17_01.mmo,12000011,肉弹型 SP +1,SP卡,1,50
hd1_ep00_dg00_st00.sstg,hd_ep00_dg00_m_17_00.mmo,12000011,肉弹型 SP +1,SP卡,1,50
hd1_ep00_dg00_st00.sstg,hd_ep00_dg00_m_16_04.mmo,12000001,炮弹型 SP +1,SP卡,1,50
hd1_ep00_dg00_st00.sstg,hd_ep00_dg00_m_16_03.mmo,12000001,炮弹型 SP +1,SP卡,1,50
hd1_ep00_dg00_st00.sstg,hd_ep00_dg00_m_16_02.mmo,12000001,炮弹型 SP +1,SP卡,1,50
hd1_ep00_dg00_st00.sstg,hd_ep00_dg00_m_16_01.mmo,12000001,炮弹型 SP +1,SP卡,1,50
hd1_ep00_dg00_st00.sstg,hd_ep00_dg00_m_16_00.mmo,12000001,炮弹型 SP +1,SP卡,1,50
hd1_ep00_dg00_st00.sstg,hd_ep00_dg00_m_11_07.mmo,12000011,肉弹型 SP +1,SP卡,1,50
hd1_ep00_dg00_st00.sstg,hd_ep00_dg00_m_11_06.mmo,12000011,肉弹型 SP +1,SP卡,1,50
hd1_ep00_dg00_st00.sstg,hd_ep00_dg00_m_08_01.mmo,12000001,炮弹型 SP +1,SP卡,1,50
hd1_ep00_dg00_st00.sstg,hd_ep00_dg00_m_08_00.mmo,12000001,炮弹型 SP +1,SP卡,1,50
hd1_ep00_dg00_st00.sstg,hd_ep00_dg00_m_02_10.mmo,12000011,肉弹型 SP +1,SP卡,1,50
hd1_ep00_dg00_st00.sstg,hd_ep00_dg00_m_02_09.mmo,12000011,肉弹型 SP +1,SP卡,1,50
hd1_ep00_dg00_st00.sstg,hd_ep00_dg00_m_02_08.mmo,12000011,肉弹型 SP +1,SP卡,1,50
hd1_ep00_dg00_st00.sstg,hd_ep00_dg00_m_02_07.mmo,12000011,肉弹型 SP +1,SP卡,1,50
hd1_ep00_dg00_st00.sstg,hd_ep00_dg00_m_02_06.mmo,12000011,肉弹型 SP +1,SP卡,1,50
hd1_ep00_dg00_st00.sstg,hd_ep00_dg00_m_02_05.mmo,12000011,肉弹型 SP +1,SP卡,1,50
hd1_ep00_dg00_st00.sstg,hd_ep00_dg00_m_02_04.mmo,12000011,肉弹型 SP +1,SP卡,1,50
hd1_ep00_dg00_st00.sstg,hd_ep00_dg00_m_02_03.mmo,12000011,肉弹型 SP +1,SP卡,1,50
hd1_ep00_dg00_st00.sstg,hd_ep00_dg00_m_02_02.mmo,12000011,肉弹型 SP +1,SP卡,1,50
hd1_ep00_dg00_st00.sstg,hd_ep00_dg00_m_02_01.mmo,12000011,肉弹型 SP +1,SP卡,1,50
hd1_ep00_dg00_st00.sstg,hd_ep00_dg00_m_02_00.mmo,12000011,肉弹型 SP +1,SP卡,1,50
hd1_ep00_dg00_st00.sstg,hd_ep00_dg00_m_01_03.mmo,12000001,炮弹型 SP +1,SP卡,1,50
hd1_ep00_dg00_st00.sstg,hd_ep00_dg00_m_01_02.mmo,12000001,炮弹型 SP +1,SP卡,1,50
hd1_ep00_dg00_st00.sstg,hd_ep00_dg00_m_01_01.mmo,12000001,炮弹型 SP +1,SP卡,1,50
hd1_ep00_dg00_st00.sstg,hd_ep00_dg00_m_01_00.mmo,12000001,炮弹型 SP +1,SP卡,1,50
hd1_ep00_dg00_st00.sstg,hd_ep00_dg00_bbm_00.bmo,12000001,炮弹型 SP +1,SP卡,1,50
hd1_ep00_dg00_st00.sstg,hd_ep00_dg00_bbm_00.bmo,12000011,肉弹型 SP +1,SP卡,1,50
hd0_ep00_dg00_st00.sstg;hd0_ep00_dg01_st00.sstg;hd0_ep00_dg02_st00.sstg;hd0_ep00_dg02_st01.sstg;hd0_ep01_dg00_st00.sstg;hd0_ep01_dg01_st00.sstg;hd0_ep01_dg02_st00.sstg;hd0_ep01_dg02_st01.sstg;hd0_ep02_dg00_st00.sstg;hd0_ep02_dg01_st00.sstg;hd0_ep02_dg02_st00.sstg;hd0_ep02_dg02_st01.sstg;hd0_ep03_dg00_st00.sstg;hd0_ep03_dg01_st00.sstg;hd0_ep03_dg02_st00.sstg;hd0_ep03_dg02_st01.sstg;hd0_ep04_dg00_st00.sstg;hd0_ep04_dg01_st00.sstg;hd0_ep04_dg02_st00.sstg;hd0_ep04_dg02_st01.sstg;hd0_ep05_dg00_st00.sstg;hd0_ep05_dg01_st00.sstg;hd0_ep05_dg02_st00.sstg;hd0_ep05_dg02_st01.sstg;hd0_ep06_dg00_st00.sstg;hd0_ep06_dg01_st00.sstg;hd0_ep06_dg02_st00.sstg;hd0_ep06_dg02_st01.sstg;hd0_ep07_dg00_st00.sstg;hd0_ep07_dg01_st00.sstg;hd0_ep07_dg02_st00.sstg;hd0_ep07_dg02_st01.sstg;hd0_ep08_dg00_st00.sstg;hd0_ep08_dg01_st00.sstg;hd0_ep08_dg02_st00.sstg;hd0_ep08_dg02_st01.sstg;hd0_ep09_dg00_st00.sstg;hd0_ep09_dg01_st00.sstg;hd0_ep09_dg02_st00.sstg;hd0_ep09_dg02_st01.sstg;hd0_ep10_dg00_st00.sstg;hd0_ep10_dg01_st00.sstg;hd0_ep10_dg02_st00.sstg;hd0_ep10_dg02_st01.sstg;hd0_ep11_dg00_st00.sstg;hd0_ep11_dg01_st00.sstg;hd0_ep11_dg02_st00.sstg;hd0_ep11_dg02_st01.sstg;hd0_ep12_dg00_st00.sstg;hd0_ep12_dg01_st00.sstg;hd0_ep12_dg02_st00.sstg;hd0_ep12_dg02_st01.sstg;hd0_ep13_dg00_st00.sstg;hd0_ep13_dg01_st00.sstg;hd0_ep13_dg02_st00.sstg;hd0_ep13_dg02_st01.sstg;hd0_ep14_dg00_st00.sstg;hd0_ep14_dg01_st00.sstg;hd0_ep14_dg02_st00.sstg;hd0_ep14_dg02_st01.sstg;hd0_ep15_dg00_st00.sstg;hd0_ep15_dg01_st00.sstg;hd0_ep15_dg02_st00.sstg;hd0_ep15_dg02_st01.sstg;hd0_ep16_dg00_st00.sstg;hd0_ep16_dg00_st01.sstg;hd0_ep17_dg00_st00.sstg;hd0_ep17_dg00_st01.sstg;hd0_ep18_dg00_st00.sstg;hd0_ep18_dg00_st01.sstg;hd0_ep19_dg00_st00.sstg;hd0_ep19_dg00_st01.sstg;hd0_ep20_dg00_st00.sstg;hd0_ep20_dg00_st01.sstg;hd0_ep21_dg00_st00.sstg;hd0_ep21_dg00_st01.sstg;hd0_ep22_dg00_st00.sstg;hd0_ep22_dg01_st01.sstg,eventbox_1year_04.mmo,50000059,金牌卡片,活动卡,100,50
hd0_ep00_dg00_st00.sstg;hd0_ep00_dg01_st00.sstg;hd0_ep00_dg02_st00.sstg;hd0_ep00_dg02_st01.sstg;hd0_ep01_dg00_st00.sstg;hd0_ep01_dg01_st00.sstg;hd0_ep01_dg02_st00.sstg;hd0_ep01_dg02_st01.sstg;hd0_ep02_dg00_st00.sstg;hd0_ep02_dg01_st00.sstg;hd0_ep02_dg02_st00.sstg;hd0_ep02_dg02_st01.sstg;hd0_ep03_dg00_st00.sstg;hd0_ep03_dg01_st00.sstg;hd0_ep03_dg02_st00.sstg;hd0_ep03_dg02_st01.sstg;hd0_ep04_dg00_st00.sstg;hd0_ep04_dg01_st00.sstg;hd0_ep04_dg02_st00.sstg;hd0_ep04_dg02_st01.sstg;hd0_ep05_dg00_st00.sstg;hd0_ep05_dg01_st00.sstg;hd0_ep05_dg02_st00.sstg;hd0_ep05_dg02_st01.sstg;hd0_ep06_dg00_st00.sstg;hd0_ep06_dg01_st00.sstg;hd0_ep06_dg02_st00.sstg;hd0_ep06_dg02_st01.sstg;hd0_ep07_dg00_st00.sstg;hd0_ep07_dg01_st00.sstg;hd0_ep07_dg02_st00.sstg;hd0_ep07_dg02_st01.sstg;hd0_ep08_dg00_st00.sstg;hd0_ep08_dg01_st00.sstg;hd0_ep08_dg02_st00.sstg;hd0_ep08_dg02_st01.sstg;hd0_ep09_dg00_st00.sstg;hd0_ep09_dg01_st00.sstg;hd0_ep09_dg02_st00.sstg;hd0_ep09_dg02_st01.sstg;hd0_ep10_dg00_st00.sstg;hd0_ep10_dg01_st00.sstg;hd0_ep10_dg02_st00.sstg;hd0_ep10_dg02_st01.sstg;hd0_ep11_dg00_st00.sstg;hd0_ep11_dg01_st00.sstg;hd0_ep11_dg02_st00.sstg;hd0_ep11_dg02_st01.sstg;hd0_ep12_dg00_st00.sstg;hd0_ep12_dg01_st00.sstg;hd0_ep12_dg02_st00.sstg;hd0_ep12_dg02_st01.sstg;hd0_ep13_dg00_st00.sstg;hd0_ep13_dg01_st00.sstg;hd0_ep13_dg02_st00.sstg;hd0_ep13_dg02_st01.sstg;hd0_ep14_dg00_st00.sstg;hd0_ep14_dg01_st00.sstg;hd0_ep14_dg02_st00.sstg;hd0_ep14_dg02_st01.sstg;hd0_ep15_dg00_st00.sstg;hd0_ep15_dg01_st00.sstg;hd0_ep15_dg02_st00.sstg;hd0_ep15_dg02_st01.sstg;hd0_ep16_dg00_st00.sstg;hd0_ep16_dg00_st01.sstg;hd0_ep17_dg00_st00.sstg;hd0_ep17_dg00_st01.sstg;hd0_ep18_dg00_st00.sstg;hd0_ep18_dg00_st01.sstg;hd0_ep19_dg00_st00.sstg;hd0_ep19_dg00_st01.sstg;hd0_ep20_dg00_st00.sstg;hd0_ep20_dg00_st01.sstg;hd0_ep21_dg00_st00.sstg;hd0_ep21_dg00_st01.sstg;hd0_ep22_dg00_st00.sstg;hd0_ep22_dg01_st01.sstg,eventbox_1year_04.mmo,50000060,金牌卡片,活动卡,100,50
hd0_ep00_dg00_st00.sstg;hd0_ep00_dg01_st00.sstg;hd0_ep00_dg02_st00.sstg;hd0_ep00_dg02_st01.sstg;hd0_ep01_dg00_st00.sstg;hd0_ep01_dg01_st00.sstg;hd0_ep01_dg02_st00.sstg;hd0_ep01_dg02_st01.sstg;hd0_ep02_dg00_st00.sstg;hd0_ep02_dg01_st00.sstg;hd0_ep02_dg02_st00.sstg;hd0_ep02_dg02_st01.sstg;hd0_ep03_dg00_st00.sstg;hd0_ep03_dg01_st00.sstg;hd0_ep03_dg02_st00.sstg;hd0_ep03_dg02_st01.sstg;hd0_ep04_dg00_st00.sstg;hd0_ep04_dg01_st00.sstg;hd0_ep04_dg02_st00.sstg;hd0_ep04_dg02_st01.sstg;hd0_ep05_dg00_st00.sstg;hd0_ep05_dg01_st00.sstg;hd0_ep05_dg02_st00.sstg;hd0_ep05_dg02_st01.sstg;hd0_ep06_dg00_st00.sstg;hd0_ep06_dg01_st00.sstg;hd0_ep06_dg02_st00.sstg;hd0_ep06_dg02_st01.sstg;hd0_ep07_dg00_st00.sstg;hd0_ep07_dg01_st00.sstg;hd0_ep07_dg02_st00.sstg;hd0_ep07_dg02_st01.sstg;hd0_ep08_dg00_st00.sstg;hd0_ep08_dg01_st00.sstg;hd0_ep08_dg02_st00.sstg;hd0_ep08_dg02_st01.sstg;hd0_ep09_dg00_st00.sstg;hd0_ep09_dg01_st00.sstg;hd0_ep09_dg02_st00.sstg;hd0_ep09_dg02_st01.sstg;hd0_ep10_dg00_st00.sstg;hd0_ep10_dg01_st00.sstg;hd0_ep10_dg02_st00.sstg;hd0_ep10_dg02_st01.sstg;hd0_ep11_dg00_st00.sstg;hd0_ep11_dg01_st00.sstg;hd0_ep11_dg02_st00.sstg;hd0_ep11_dg02_st01.sstg;hd0_ep12_dg00_st00.sstg;hd0_ep12_dg01_st00.sstg;hd0_ep12_dg02_st00.sstg;hd0_ep12_dg02_st01.sstg;hd0_ep13_dg00_st00.sstg;hd0_ep13_dg01_st00.sstg;hd0_ep13_dg02_st00.sstg;hd0_ep13_dg02_st01.sstg;hd0_ep14_dg00_st00.sstg;hd0_ep14_dg01_st00.sstg;hd0_ep14_dg02_st00.sstg;hd0_ep14_dg02_st01.sstg;hd0_ep15_dg00_st00.sstg;hd0_ep15_dg01_st00.sstg;hd0_ep15_dg02_st00.sstg;hd0_ep15_dg02_st01.sstg;hd0_ep16_dg00_st00.sstg;hd0_ep16_dg00_st01.sstg;hd0_ep17_dg00_st00.sstg;hd0_ep17_dg00_st01.sstg;hd0_ep18_dg00_st00.sstg;hd0_ep18_dg00_st01.sstg;hd0_ep19_dg00_st00.sstg;hd0_ep19_dg00_st01.sstg;hd0_ep20_dg00_st00.sstg;hd0_ep20_dg00_st01.sstg;hd0_ep21_dg00_st00.sstg;hd0_ep21_dg00_st01.sstg;hd0_ep22_dg00_st00.sstg;hd0_ep22_dg01_st01.sstg,eventbox_1year_03.mmo,50000057,金牌卡片,活动卡,100,50
hd0_ep00_dg00_st00.sstg;hd0_ep00_dg01_st00.sstg;hd0_ep00_dg02_st00.sstg;hd0_ep00_dg02_st01.sstg;hd0_ep01_dg00_st00.sstg;hd0_ep01_dg01_st00.sstg;hd0_ep01_dg02_st00.sstg;hd0_ep01_dg02_st01.sstg;hd0_ep02_dg00_st00.sstg;hd0_ep02_dg01_st00.sstg;hd0_ep02_dg02_st00.sstg;hd0_ep02_dg02_st01.sstg;hd0_ep03_dg00_st00.sstg;hd0_ep03_dg01_st00.sstg;hd0_ep03_dg02_st00.sstg;hd0_ep03_dg02_st01.sstg;hd0_ep04_dg00_st00.sstg;hd0_ep04_dg01_st00.sstg;hd0_ep04_dg02_st00.sstg;hd0_ep04_dg02_st01.sstg;hd0_ep05_dg00_st00.sstg;hd0_ep05_dg01_st00.sstg;hd0_ep05_dg02_st00.sstg;hd0_ep05_dg02_st01.sstg;hd0_ep06_dg00_st00.sstg;hd0_ep06_dg01_st00.sstg;hd0_ep06_dg02_st00.sstg;hd0_ep06_dg02_st01.sstg;hd0_ep07_dg00_st00.sstg;hd0_ep07_dg01_st00.sstg;hd0_ep07_dg02_st00.sstg;hd0_ep07_dg02_st01.sstg;hd0_ep08_dg00_st00.sstg;hd0_ep08_dg01_st00.sstg;hd0_ep08_dg02_st00.sstg;hd0_ep08_dg02_st01.sstg;hd0_ep09_dg00_st00.sstg;hd0_ep09_dg01_st00.sstg;hd0_ep09_dg02_st00.sstg;hd0_ep09_dg02_st01.sstg;hd0_ep10_dg00_st00.sstg;hd0_ep10_dg01_st00.sstg;hd0_ep10_dg02_st00.sstg;hd0_ep10_dg02_st01.sstg;hd0_ep11_dg00_st00.sstg;hd0_ep11_dg01_st00.sstg;hd0_ep11_dg02_st00.sstg;hd0_ep11_dg02_st01.sstg;hd0_ep12_dg00_st00.sstg;hd0_ep12_dg01_st00.sstg;hd0_ep12_dg02_st00.sstg;hd0_ep12_dg02_st01.sstg;hd0_ep13_dg00_st00.sstg;hd0_ep13_dg01_st00.sstg;hd0_ep13_dg02_st00.sstg;hd0_ep13_dg02_st01.sstg;hd0_ep14_dg00_st00.sstg;hd0_ep14_dg01_st00.sstg;hd0_ep14_dg02_st00.sstg;hd0_ep14_dg02_st01.sstg;hd0_ep15_dg00_st00.sstg;hd0_ep15_dg01_st00.sstg;hd0_ep15_dg02_st00.sstg;hd0_ep15_dg02_st01.sstg;hd0_ep16_dg00_st00.sstg;hd0_ep16_dg00_st01.sstg;hd0_ep17_dg00_st00.sstg;hd0_ep17_dg00_st01.sstg;hd0_ep18_dg00_st00.sstg;hd0_ep18_dg00_st01.sstg;hd0_ep19_dg00_st00.sstg;hd0_ep19_dg00_st01.sstg;hd0_ep20_dg00_st00.sstg;hd0_ep20_dg00_st01.sstg;hd0_ep21_dg00_st00.sstg;hd0_ep21_dg00_st01.sstg;hd0_ep22_dg00_st00.sstg;hd0_ep22_dg01_st01.sstg,eventbox_1year_03.mmo,50000058,金牌卡片,活动卡,100,50
hd0_ep00_dg00_st00.sstg;hd0_ep00_dg01_st00.sstg;hd0_ep00_dg02_st00.sstg;hd0_ep00_dg02_st01.sstg;hd0_ep01_dg00_st00.sstg;hd0_ep01_dg01_st00.sstg;hd0_ep01_dg02_st00.sstg;hd0_ep01_dg02_st01.sstg;hd0_ep02_dg00_st00.sstg;hd0_ep02_dg01_st00.sstg;hd0_ep02_dg02_st00.sstg;hd0_ep02_dg02_st01.sstg;hd0_ep03_dg00_st00.sstg;hd0_ep03_dg01_st00.sstg;hd0_ep03_dg02_st00.sstg;hd0_ep03_dg02_st01.sstg;hd0_ep04_dg00_st00.sstg;hd0_ep04_dg01_st00.sstg;hd0_ep04_dg02_st00.sstg;hd0_ep04_dg02_st01.sstg;hd0_ep05_dg00_st00.sstg;hd0_ep05_dg01_st00.sstg;hd0_ep05_dg02_st00.sstg;hd0_ep05_dg02_st01.sstg;hd0_ep06_dg00_st00.sstg;hd0_ep06_dg01_st00.sstg;hd0_ep06_dg02_st00.sstg;hd0_ep06_dg02_st01.sstg;hd0_ep07_dg00_st00.sstg;hd0_ep07_dg01_st00.sstg;hd0_ep07_dg02_st00.sstg;hd0_ep07_dg02_st01.sstg;hd0_ep08_dg00_st00.sstg;hd0_ep08_dg01_st00.sstg;hd0_ep08_dg02_st00.sstg;hd0_ep08_dg02_st01.sstg;hd0_ep09_dg00_st00.sstg;hd0_ep09_dg01_st00.sstg;hd0_ep09_dg02_st00.sstg;hd0_ep09_dg02_st01.sstg;hd0_ep10_dg00_st00.sstg;hd0_ep10_dg01_st00.sstg;hd0_ep10_dg02_st00.sstg;hd0_ep10_dg02_st01.sstg;hd0_ep11_dg00_st00.sstg;hd0_ep11_dg01_st00.sstg;hd0_ep11_dg02_st00.sstg;hd0_ep11_dg02_st01.sstg;hd0_ep12_dg00_st00.sstg;hd0_ep12_dg01_st00.sstg;hd0_ep12_dg02_st00.sstg;hd0_ep12_dg02_st01.sstg;hd0_ep13_dg00_st00.sstg;hd0_ep13_dg01_st00.sstg;hd0_ep13_dg02_st00.sstg;hd0_ep13_dg02_st01.sstg;hd0_ep14_dg00_st00.sstg;hd0_ep14_dg01_st00.sstg;hd0_ep14_dg02_st00.sstg;hd0_ep14_dg02_st01.sstg;hd0_ep15_dg00_st00.sstg;hd0_ep15_dg01_st00.sstg;hd0_ep15_dg02_st00.sstg;hd0_ep15_dg02_st01.sstg;hd0_ep16_dg00_st00.sstg;hd0_ep16_dg00_st01.sstg;hd0_ep17_dg00_st00.sstg;hd0_ep17_dg00_st01.sstg;hd0_ep18_dg00_st00.sstg;hd0_ep18_dg00_st01.sstg;hd0_ep19_dg00_st00.sstg;hd0_ep19_dg00_st01.sstg;hd0_ep20_dg00_st00.sstg;hd0_ep20_dg00_st01.sstg;hd0_ep21_dg00_st00.sstg;hd0_ep21_dg00_st01.sstg;hd0_ep22_dg00_st00.sstg;hd0_ep22_dg01_st01.sstg,eventbox_1year_02.mmo,50000055,金牌卡片,活动卡,100,50
hd0_ep00_dg00_st00.sstg;hd0_ep00_dg01_st00.sstg;hd0_ep00_dg02_st00.sstg;hd0_ep00_dg02_st01.sstg;hd0_ep01_dg00_st00.sstg;hd0_ep01_dg01_st00.sstg;hd0_ep01_dg02_st00.sstg;hd0_ep01_dg02_st01.sstg;hd0_ep02_dg00_st00.sstg;hd0_ep02_dg01_st00.sstg;hd0_ep02_dg02_st00.sstg;hd0_ep02_dg02_st01.sstg;hd0_ep03_dg00_st00.sstg;hd0_ep03_dg01_st00.sstg;hd0_ep03_dg02_st00.sstg;hd0_ep03_dg02_st01.sstg;hd0_ep04_dg00_st00.sstg;hd0_ep04_dg01_st00.sstg;hd0_ep04_dg02_st00.sstg;hd0_ep04_dg02_st01.sstg;hd0_ep05_dg00_st00.sstg;hd0_ep05_dg01_st00.sstg;hd0_ep05_dg02_st00.sstg;hd0_ep05_dg02_st01.sstg;hd0_ep06_dg00_st00.sstg;hd0_ep06_dg01_st00.sstg;hd0_ep06_dg02_st00.sstg;hd0_ep06_dg02_st01.sstg;hd0_ep07_dg00_st00.sstg;hd0_ep07_dg01_st00.sstg;hd0_ep07_dg02_st00.sstg;hd0_ep07_dg02_st01.sstg;hd0_ep08_dg00_st00.sstg;hd0_ep08_dg01_st00.sstg;hd0_ep08_dg02_st00.sstg;hd0_ep08_dg02_st01.sstg;hd0_ep09_dg00_st00.sstg;hd0_ep09_dg01_st00.sstg;hd0_ep09_dg02_st00.sstg;hd0_ep09_dg02_st01.sstg;hd0_ep10_dg00_st00.sstg;hd0_ep10_dg01_st00.sstg;hd0_ep10_dg02_st00.sstg;hd0_ep10_dg02_st01.sstg;hd0_ep11_dg00_st00.sstg;hd0_ep11_dg01_st00.sstg;hd0_ep11_dg02_st00.sstg;hd0_ep11_dg02_st01.sstg;hd0_ep12_dg00_st00.sstg;hd0_ep12_dg01_st00.sstg;hd0_ep12_dg02_st00.sstg;hd0_ep12_dg02_st01.sstg;hd0_ep13_dg00_st00.sstg;hd0_ep13_dg01_st00.sstg;hd0_ep13_dg02_st00.sstg;hd0_ep13_dg02_st01.sstg;hd0_ep14_dg00_st00.sstg;hd0_ep14_dg01_st00.sstg;hd0_ep14_dg02_st00.sstg;hd0_ep14_dg02_st01.sstg;hd0_ep15_dg00_st00.sstg;hd0_ep15_dg01_st00.sstg;hd0_ep15_dg02_st00.sstg;hd0_ep15_dg02_st01.sstg;hd0_ep16_dg00_st00.sstg;hd0_ep16_dg00_st01.sstg;hd0_ep17_dg00_st00.sstg;hd0_ep17_dg00_st01.sstg;hd0_ep18_dg00_st00.sstg;hd0_ep18_dg00_st01.sstg;hd0_ep19_dg00_st00.sstg;hd0_ep19_dg00_st01.sstg;hd0_ep20_dg00_st00.sstg;hd0_ep20_dg00_st01.sstg;hd0_ep21_dg00_st00.sstg;hd0_ep21_dg00_st01.sstg;hd0_ep22_dg00_st00.sstg;hd0_ep22_dg01_st01.sstg,eventbox_1year_02.mmo,50000056,金牌卡片,活动卡,100,50
hd0_ep00_dg00_st00.sstg;hd0_ep00_dg01_st00.sstg;hd0_ep00_dg02_st00.sstg;hd0_ep00_dg02_st01.sstg;hd0_ep01_dg00_st00.sstg;hd0_ep01_dg01_st00.sstg;hd0_ep01_dg02_st00.sstg;hd0_ep01_dg02_st01.sstg;hd0_ep02_dg00_st00.sstg;hd0_ep02_dg01_st00.sstg;hd0_ep02_dg02_st00.sstg;hd0_ep02_dg02_st01.sstg;hd0_ep03_dg00_st00.sstg;hd0_ep03_dg01_st00.sstg;hd0_ep03_dg02_st00.sstg;hd0_ep03_dg02_st01.sstg;hd0_ep04_dg00_st00.sstg;hd0_ep04_dg01_st00.sstg;hd0_ep04_dg02_st00.sstg;hd0_ep04_dg02_st01.sstg;hd0_ep05_dg00_st00.sstg;hd0_ep05_dg01_st00.sstg;hd0_ep05_dg02_st00.sstg;hd0_ep05_dg02_st01.sstg;hd0_ep06_dg00_st00.sstg;hd0_ep06_dg01_st00.sstg;hd0_ep06_dg02_st00.sstg;hd0_ep06_dg02_st01.sstg;hd0_ep07_dg00_st00.sstg;hd0_ep07_dg01_st00.sstg;hd0_ep07_dg02_st00.sstg;hd0_ep07_dg02_st01.sstg;hd0_ep08_dg00_st00.sstg;hd0_ep08_dg01_st00.sstg;hd0_ep08_dg02_st00.sstg;hd0_ep08_dg02_st01.sstg;hd0_ep09_dg00_st00.sstg;hd0_ep09_dg01_st00.sstg;hd0_ep09_dg02_st00.sstg;hd0_ep09_dg02_st01.sstg;hd0_ep10_dg00_st00.sstg;hd0_ep10_dg01_st00.sstg;hd0_ep10_dg02_st00.sstg;hd0_ep10_dg02_st01.sstg;hd0_ep11_dg00_st00.sstg;hd0_ep11_dg01_st00.sstg;hd0_ep11_dg02_st00.sstg;hd0_ep11_dg02_st01.sstg;hd0_ep12_dg00_st00.sstg;hd0_ep12_dg01_st00.sstg;hd0_ep12_dg02_st00.sstg;hd0_ep12_dg02_st01.sstg;hd0_ep13_dg00_st00.sstg;hd0_ep13_dg01_st00.sstg;hd0_ep13_dg02_st00.sstg;hd0_ep13_dg02_st01.sstg;hd0_ep14_dg00_st00.sstg;hd0_ep14_dg01_st00.sstg;hd0_ep14_dg02_st00.sstg;hd0_ep14_dg02_st01.sstg;hd0_ep15_dg00_st00.sstg;hd0_ep15_dg01_st00.sstg;hd0_ep15_dg02_st00.sstg;hd0_ep15_dg02_st01.sstg;hd0_ep16_dg00_st00.sstg;hd0_ep16_dg00_st01.sstg;hd0_ep17_dg00_st00.sstg;hd0_ep17_dg00_st01.sstg;hd0_ep18_dg00_st00.sstg;hd0_ep18_dg00_st01.sstg;hd0_ep19_dg00_st00.sstg;hd0_ep19_dg00_st01.sstg;hd0_ep20_dg00_st00.sstg;hd0_ep20_dg00_st01.sstg;hd0_ep21_dg00_st00.sstg;hd0_ep21_dg00_st01.sstg;hd0_ep22_dg00_st00.sstg;hd0_ep22_dg01_st01.sstg,eventbox_1year_01.mmo,50000053,金牌卡片,活动卡,100,50
hd0_ep00_dg00_st00.sstg;hd0_ep00_dg01_st00.sstg;hd0_ep00_dg02_st00.sstg;hd0_ep00_dg02_st01.sstg;hd0_ep01_dg00_st00.sstg;hd0_ep01_dg01_st00.sstg;hd0_ep01_dg02_st00.sstg;hd0_ep01_dg02_st01.sstg;hd0_ep02_dg00_st00.sstg;hd0_ep02_dg01_st00.sstg;hd0_ep02_dg02_st00.sstg;hd0_ep02_dg02_st01.sstg;hd0_ep03_dg00_st00.sstg;hd0_ep03_dg01_st00.sstg;hd0_ep03_dg02_st00.sstg;hd0_ep03_dg02_st01.sstg;hd0_ep04_dg00_st00.sstg;hd0_ep04_dg01_st00.sstg;hd0_ep04_dg02_st00.sstg;hd0_ep04_dg02_st01.sstg;hd0_ep05_dg00_st00.sstg;hd0_ep05_dg01_st00.sstg;hd0_ep05_dg02_st00.sstg;hd0_ep05_dg02_st01.sstg;hd0_ep06_dg00_st00.sstg;hd0_ep06_dg01_st00.sstg;hd0_ep06_dg02_st00.sstg;hd0_ep06_dg02_st01.sstg;hd0_ep07_dg00_st00.sstg;hd0_ep07_dg01_st00.sstg;hd0_ep07_dg02_st00.sstg;hd0_ep07_dg02_st01.sstg;hd0_ep08_dg00_st00.sstg;hd0_ep08_dg01_st00.sstg;hd0_ep08_dg02_st00.sstg;hd0_ep08_dg02_st01.sstg;hd0_ep09_dg00_st00.sstg;hd0_ep09_dg01_st00.sstg;hd0_ep09_dg02_st00.sstg;hd0_ep09_dg02_st01.sstg;hd0_ep10_dg00_st00.sstg;hd0_ep10_dg01_st00.sstg;hd0_ep10_dg02_st00.sstg;hd0_ep10_dg02_st01.sstg;hd0_ep11_dg00_st00.sstg;hd0_ep11_dg01_st00.sstg;hd0_ep11_dg02_st00.sstg;hd0_ep11_dg02_st01.sstg;hd0_ep12_dg00_st00.sstg;hd0_ep12_dg01_st00.sstg;hd0_ep12_dg02_st00.sstg;hd0_ep12_dg02_st01.sstg;hd0_ep13_dg00_st00.sstg;hd0_ep13_dg01_st00.sstg;hd0_ep13_dg02_st00.sstg;hd0_ep13_dg02_st01.sstg;hd0_ep14_dg00_st00.sstg;hd0_ep14_dg01_st00.sstg;hd0_ep14_dg02_st00.sstg;hd0_ep14_dg02_st01.sstg;hd0_ep15_dg00_st00.sstg;hd0_ep15_dg01_st00.sstg;hd0_ep15_dg02_st00.sstg;hd0_ep15_dg02_st01.sstg;hd0_ep16_dg00_st00.sstg;hd0_ep16_dg00_st01.sstg;hd0_ep17_dg00_st00.sstg;hd0_ep17_dg00_st01.sstg;hd0_ep18_dg00_st00.sstg;hd0_ep18_dg00_st01.sstg;hd0_ep19_dg00_st00.sstg;hd0_ep19_dg00_st01.sstg;hd0_ep20_dg00_st00.sstg;hd0_ep20_dg00_st01.sstg;hd0_ep21_dg00_st00.sstg;hd0_ep21_dg00_st01.sstg;hd0_ep22_dg00_st00.sstg;hd0_ep22_dg01_st01.sstg,eventbox_1year_01.mmo,50000054,金牌卡片,活动卡,100,50
hd0_ep00_dg00_st00.sstg;hd0_ep00_dg01_st00.sstg;hd0_ep00_dg02_st00.sstg;hd0_ep00_dg02_st01.sstg;hd0_ep01_dg00_st00.sstg;hd0_ep01_dg01_st00.sstg;hd0_ep01_dg02_st00.sstg;hd0_ep01_dg02_st01.sstg;hd0_ep02_dg00_st00.sstg;hd0_ep02_dg01_st00.sstg;hd0_ep02_dg02_st00.sstg;hd0_ep02_dg02_st01.sstg;hd0_ep03_dg00_st00.sstg;hd0_ep03_dg01_st00.sstg;hd0_ep03_dg02_st00.sstg;hd0_ep03_dg02_st01.sstg;hd0_ep04_dg00_st00.sstg;hd0_ep04_dg01_st00.sstg;hd0_ep04_dg02_st00.sstg;hd0_ep04_dg02_st01.sstg;hd0_ep05_dg00_st00.sstg;hd0_ep05_dg01_st00.sstg;hd0_ep05_dg02_st00.sstg;hd0_ep05_dg02_st01.sstg;hd0_ep06_dg00_st00.sstg;hd0_ep06_dg01_st00.sstg;hd0_ep06_dg02_st00.sstg;hd0_ep06_dg02_st01.sstg;hd0_ep07_dg00_st00.sstg;hd0_ep07_dg01_st00.sstg;hd0_ep07_dg02_st00.sstg;hd0_ep07_dg02_st01.sstg;hd0_ep08_dg00_st00.sstg;hd0_ep08_dg01_st00.sstg;hd0_ep08_dg02_st00.sstg;hd0_ep08_dg02_st01.sstg;hd0_ep09_dg00_st00.sstg;hd0_ep09_dg01_st00.sstg;hd0_ep09_dg02_st00.sstg;hd0_ep09_dg02_st01.sstg;hd0_ep10_dg00_st00.sstg;hd0_ep10_dg01_st00.sstg;hd0_ep10_dg02_st00.sstg;hd0_ep10_dg02_st01.sstg;hd0_ep11_dg00_st00.sstg;hd0_ep11_dg01_st00.sstg;hd0_ep11_dg02_st00.sstg;hd0_ep11_dg02_st01.sstg;hd0_ep12_dg00_st00.sstg;hd0_ep12_dg01_st00.sstg;hd0_ep12_dg02_st00.sstg;hd0_ep12_dg02_st01.sstg;hd0_ep13_dg00_st00.sstg;hd0_ep13_dg01_st00.sstg;hd0_ep13_dg02_st00.sstg;hd0_ep13_dg02_st01.sstg;hd0_ep14_dg00_st00.sstg;hd0_ep14_dg01_st00.sstg;hd0_ep14_dg02_st00.sstg;hd0_ep14_dg02_st01.sstg;hd0_ep15_dg00_st00.sstg;hd0_ep15_dg01_st00.sstg;hd0_ep15_dg02_st00.sstg;hd0_ep15_dg02_st01.sstg;hd0_ep16_dg00_st00.sstg;hd0_ep16_dg00_st01.sstg;hd0_ep17_dg00_st00.sstg;hd0_ep17_dg00_st01.sstg;hd0_ep18_dg00_st00.sstg;hd0_ep18_dg00_st01.sstg;hd0_ep19_dg00_st00.sstg;hd0_ep19_dg00_st01.sstg;hd0_ep20_dg00_st00.sstg;hd0_ep20_dg00_st01.sstg;hd0_ep21_dg00_st00.sstg;hd0_ep21_dg00_st01.sstg;hd0_ep22_dg00_st00.sstg;hd0_ep22_dg01_st01.sstg,eventbox_1year_00.mmo,50000051,金牌卡片,活动卡,100,50
hd0_ep00_dg00_st00.sstg;hd0_ep00_dg01_st00.sstg;hd0_ep00_dg02_st00.sstg;hd0_ep00_dg02_st01.sstg;hd0_ep01_dg00_st00.sstg;hd0_ep01_dg01_st00.sstg;hd0_ep01_dg02_st00.sstg;hd0_ep01_dg02_st01.sstg;hd0_ep02_dg00_st00.sstg;hd0_ep02_dg01_st00.sstg;hd0_ep02_dg02_st00.sstg;hd0_ep02_dg02_st01.sstg;hd0_ep03_dg00_st00.sstg;hd0_ep03_dg01_st00.sstg;hd0_ep03_dg02_st00.sstg;hd0_ep03_dg02_st01.sstg;hd0_ep04_dg00_st00.sstg;hd0_ep04_dg01_st00.sstg;hd0_ep04_dg02_st00.sstg;hd0_ep04_dg02_st01.sstg;hd0_ep05_dg00_st00.sstg;hd0_ep05_dg01_st00.sstg;hd0_ep05_dg02_st00.sstg;hd0_ep05_dg02_st01.sstg;hd0_ep06_dg00_st00.sstg;hd0_ep06_dg01_st00.sstg;hd0_ep06_dg02_st00.sstg;hd0_ep06_dg02_st01.sstg;hd0_ep07_dg00_st00.sstg;hd0_ep07_dg01_st00.sstg;hd0_ep07_dg02_st00.sstg;hd0_ep07_dg02_st01.sstg;hd0_ep08_dg00_st00.sstg;hd0_ep08_dg01_st00.sstg;hd0_ep08_dg02_st00.sstg;hd0_ep08_dg02_st01.sstg;hd0_ep09_dg00_st00.sstg;hd0_ep09_dg01_st00.sstg;hd0_ep09_dg02_st00.sstg;hd0_ep09_dg02_st01.sstg;hd0_ep10_dg00_st00.sstg;hd0_ep10_dg01_st00.sstg;hd0_ep10_dg02_st00.sstg;hd0_ep10_dg02_st01.sstg;hd0_ep11_dg00_st00.sstg;hd0_ep11_dg01_st00.sstg;hd0_ep11_dg02_st00.sstg;hd0_ep11_dg02_st01.sstg;hd0_ep12_dg00_st00.sstg;hd0_ep12_dg01_st00.sstg;hd0_ep12_dg02_st00.sstg;hd0_ep12_dg02_st01.sstg;hd0_ep13_dg00_st00.sstg;hd0_ep13_dg01_st00.sstg;hd0_ep13_dg02_st00.sstg;hd0_ep13_dg02_st01.sstg;hd0_ep14_dg00_st00.sstg;hd0_ep14_dg01_st00.sstg;hd0_ep14_dg02_st00.sstg;hd0_ep14_dg02_st01.sstg;hd0_ep15_dg00_st00.sstg;hd0_ep15_dg01_st00.sstg;hd0_ep15_dg02_st00.sstg;hd0_ep15_dg02_st01.sstg;hd0_ep16_dg00_st00.sstg;hd0_ep16_dg00_st01.sstg;hd0_ep17_dg00_st00.sstg;hd0_ep17_dg00_st01.sstg;hd0_ep18_dg00_st00.sstg;hd0_ep18_dg00_st01.sstg;hd0_ep19_dg00_st00.sstg;hd0_ep19_dg00_st01.sstg;hd0_ep20_dg00_st00.sstg;hd0_ep20_dg00_st01.sstg;hd0_ep21_dg00_st00.sstg;hd0_ep21_dg00_st01.sstg;hd0_ep22_dg00_st00.sstg;hd0_ep22_dg01_st01.sstg,eventbox_1year_00.mmo,50000052,金牌卡片,活动卡,100,50
hd0_ep00_dg00_st00.sstg;hd0_ep00_dg01_st00.sstg;hd0_ep00_dg02_st00.sstg;hd0_ep00_dg02_st01.sstg;hd0_ep01_dg00_st00.sstg;hd0_ep01_dg01_st00.sstg;hd0_ep01_dg02_st00.sstg;hd0_ep01_dg02_st01.sstg;hd0_ep02_dg00_st00.sstg;hd0_ep02_dg01_st00.sstg;hd0_ep02_dg02_st00.sstg;hd0_ep02_dg02_st01.sstg;hd0_ep03_dg00_st00.sstg;hd0_ep03_dg01_st00.sstg;hd0_ep03_dg02_st00.sstg;hd0_ep03_dg02_st01.sstg;hd0_ep04_dg00_st00.sstg;hd0_ep04_dg01_st00.sstg;hd0_ep04_dg02_st00.sstg;hd0_ep04_dg02_st01.sstg;hd0_ep05_dg00_st00.sstg;hd0_ep05_dg01_st00.sstg;hd0_ep05_dg02_st00.sstg;hd0_ep05_dg02_st01.sstg;hd0_ep06_dg00_st00.sstg;hd0_ep06_dg01_st00.sstg;hd0_ep06_dg02_st00.sstg;hd0_ep06_dg02_st01.sstg;hd0_ep07_dg00_st00.sstg;hd0_ep07_dg01_st00.sstg;hd0_ep07_dg02_st00.sstg;hd0_ep07_dg02_st01.sstg;hd0_ep08_dg00_st00.sstg;hd0_ep08_dg01_st00.sstg;hd0_ep08_dg02_st00.sstg;hd0_ep08_dg02_st01.sstg;hd0_ep09_dg00_st00.sstg;hd0_ep09_dg01_st00.sstg;hd0_ep09_dg02_st00.sstg;hd0_ep09_dg02_st01.sstg;hd0_ep10_dg00_st00.sstg;hd0_ep10_dg01_st00.sstg;hd0_ep10_dg02_st00.sstg;hd0_ep10_dg02_st01.sstg;hd0_ep11_dg00_st00.sstg;hd0_ep11_dg01_st00.sstg;hd0_ep11_dg02_st00.sstg;hd0_ep11_dg02_st01.sstg;hd0_ep12_dg00_st00.sstg;hd0_ep12_dg01_st00.sstg;hd0_ep12_dg02_st00.sstg;hd0_ep12_dg02_st01.sstg;hd0_ep13_dg00_st00.sstg;hd0_ep13_dg01_st00.sstg;hd0_ep13_dg02_st00.sstg;hd0_ep13_dg02_st01.sstg;hd0_ep14_dg00_st00.sstg;hd0_ep14_dg01_st00.sstg;hd0_ep14_dg02_st00.sstg;hd0_ep14_dg02_st01.sstg;hd0_ep15_dg00_st00.sstg;hd0_ep15_dg01_st00.sstg;hd0_ep15_dg02_st00.sstg;hd0_ep15_dg02_st01.sstg;hd0_ep16_dg00_st00.sstg;hd0_ep16_dg00_st01.sstg;hd0_ep17_dg00_st00.sstg;hd0_ep17_dg00_st01.sstg;hd0_ep18_dg00_st00.sstg;hd0_ep18_dg00_st01.sstg;hd0_ep19_dg00_st00.sstg;hd0_ep19_dg00_st01.sstg;hd0_ep20_dg00_st00.sstg;hd0_ep20_dg00_st01.sstg;hd0_ep21_dg00_st00.sstg;hd0_ep21_dg00_st01.sstg;hd0_ep22_dg00_st00.sstg;hd0_ep22_dg01_st01.sstg,eventbox_04.mmo,50000049,活动卡片,活动卡,100,50
hd0_ep00_dg00_st00.sstg;hd0_ep00_dg01_st00.sstg;hd0_ep00_dg02_st00.sstg;hd0_ep00_dg02_st01.sstg;hd0_ep01_dg00_st00.sstg;hd0_ep01_dg01_st00.sstg;hd0_ep01_dg02_st00.sstg;hd0_ep01_dg02_st01.sstg;hd0_ep02_dg00_st00.sstg;hd0_ep02_dg01_st00.sstg;hd0_ep02_dg02_st00.sstg;hd0_ep02_dg02_st01.sstg;hd0_ep03_dg00_st00.sstg;hd0_ep03_dg01_st00.sstg;hd0_ep03_dg02_st00.sstg;hd0_ep03_dg02_st01.sstg;hd0_ep04_dg00_st00.sstg;hd0_ep04_dg01_st00.sstg;hd0_ep04_dg02_st00.sstg;hd0_ep04_dg02_st01.sstg;hd0_ep05_dg00_st00.sstg;hd0_ep05_dg01_st00.sstg;hd0_ep05_dg02_st00.sstg;hd0_ep05_dg02_st01.sstg;hd0_ep06_dg00_st00.sstg;hd0_ep06_dg01_st00.sstg;hd0_ep06_dg02_st00.sstg;hd0_ep06_dg02_st01.sstg;hd0_ep07_dg00_st00.sstg;hd0_ep07_dg01_st00.sstg;hd0_ep07_dg02_st00.sstg;hd0_ep07_dg02_st01.sstg;hd0_ep08_dg00_st00.sstg;hd0_ep08_dg01_st00.sstg;hd0_ep08_dg02_st00.sstg;hd0_ep08_dg02_st01.sstg;hd0_ep09_dg00_st00.sstg;hd0_ep09_dg01_st00.sstg;hd0_ep09_dg02_st00.sstg;hd0_ep09_dg02_st01.sstg;hd0_ep10_dg00_st00.sstg;hd0_ep10_dg01_st00.sstg;hd0_ep10_dg02_st00.sstg;hd0_ep10_dg02_st01.sstg;hd0_ep11_dg00_st00.sstg;hd0_ep11_dg01_st00.sstg;hd0_ep11_dg02_st00.sstg;hd0_ep11_dg02_st01.sstg;hd0_ep12_dg00_st00.sstg;hd0_ep12_dg01_st00.sstg;hd0_ep12_dg02_st00.sstg;hd0_ep12_dg02_st01.sstg;hd0_ep13_dg00_st00.sstg;hd0_ep13_dg01_st00.sstg;hd0_ep13_dg02_st00.sstg;hd0_ep13_dg02_st01.sstg;hd0_ep14_dg00_st00.sstg;hd0_ep14_dg01_st00.sstg;hd0_ep14_dg02_st00.sstg;hd0_ep14_dg02_st01.sstg;hd0_ep15_dg00_st00.sstg;hd0_ep15_dg01_st00.sstg;hd0_ep15_dg02_st00.sstg;hd0_ep15_dg02_st01.sstg;hd0_ep16_dg00_st00.sstg;hd0_ep16_dg00_st01.sstg;hd0_ep17_dg00_st00.sstg;hd0_ep17_dg00_st01.sstg;hd0_ep18_dg00_st00.sstg;hd0_ep18_dg00_st01.sstg;hd0_ep19_dg00_st00.sstg;hd0_ep19_dg00_st01.sstg;hd0_ep20_dg00_st00.sstg;hd0_ep20_dg00_st01.sstg;hd0_ep21_dg00_st00.sstg;hd0_ep21_dg00_st01.sstg;hd0_ep22_dg00_st00.sstg;hd0_ep22_dg01_st01.sstg,eventbox_04.mmo,50000050,活动卡片,活动卡,100,50
hd0_ep00_dg00_st00.sstg;hd0_ep00_dg01_st00.sstg;hd0_ep00_dg02_st00.sstg;hd0_ep00_dg02_st01.sstg;hd0_ep01_dg00_st00.sstg;hd0_ep01_dg01_st00.sstg;hd0_ep01_dg02_st00.sstg;hd0_ep01_dg02_st01.sstg;hd0_ep02_dg00_st00.sstg;hd0_ep02_dg01_st00.sstg;hd0_ep02_dg02_st00.sstg;hd0_ep02_dg02_st01.sstg;hd0_ep03_dg00_st00.sstg;hd0_ep03_dg01_st00.sstg;hd0_ep03_dg02_st00.sstg;hd0_ep03_dg02_st01.sstg;hd0_ep04_dg00_st00.sstg;hd0_ep04_dg01_st00.sstg;hd0_ep04_dg02_st00.sstg;hd0_ep04_dg02_st01.sstg;hd0_ep05_dg00_st00.sstg;hd0_ep05_dg01_st00.sstg;hd0_ep05_dg02_st00.sstg;hd0_ep05_dg02_st01.sstg;hd0_ep06_dg00_st00.sstg;hd0_ep06_dg01_st00.sstg;hd0_ep06_dg02_st00.sstg;hd0_ep06_dg02_st01.sstg;hd0_ep07_dg00_st00.sstg;hd0_ep07_dg01_st00.sstg;hd0_ep07_dg02_st00.sstg;hd0_ep07_dg02_st01.sstg;hd0_ep08_dg00_st00.sstg;hd0_ep08_dg01_st00.sstg;hd0_ep08_dg02_st00.sstg;hd0_ep08_dg02_st01.sstg;hd0_ep09_dg00_st00.sstg;hd0_ep09_dg01_st00.sstg;hd0_ep09_dg02_st00.sstg;hd0_ep09_dg02_st01.sstg;hd0_ep10_dg00_st00.sstg;hd0_ep10_dg01_st00.sstg;hd0_ep10_dg02_st00.sstg;hd0_ep10_dg02_st01.sstg;hd0_ep11_dg00_st00.sstg;hd0_ep11_dg01_st00.sstg;hd0_ep11_dg02_st00.sstg;hd0_ep11_dg02_st01.sstg;hd0_ep12_dg00_st00.sstg;hd0_ep12_dg01_st00.sstg;hd0_ep12_dg02_st00.sstg;hd0_ep12_dg02_st01.sstg;hd0_ep13_dg00_st00.sstg;hd0_ep13_dg01_st00.sstg;hd0_ep13_dg02_st00.sstg;hd0_ep13_dg02_st01.sstg;hd0_ep14_dg00_st00.sstg;hd0_ep14_dg01_st00.sstg;hd0_ep14_dg02_st00.sstg;hd0_ep14_dg02_st01.sstg;hd0_ep15_dg00_st00.sstg;hd0_ep15_dg01_st00.sstg;hd0_ep15_dg02_st00.sstg;hd0_ep15_dg02_st01.sstg;hd0_ep16_dg00_st00.sstg;hd0_ep16_dg00_st01.sstg;hd0_ep17_dg00_st00.sstg;hd0_ep17_dg00_st01.sstg;hd0_ep18_dg00_st00.sstg;hd0_ep18_dg00_st01.sstg;hd0_ep19_dg00_st00.sstg;hd0_ep19_dg00_st01.sstg;hd0_ep20_dg00_st00.sstg;hd0_ep20_dg00_st01.sstg;hd0_ep21_dg00_st00.sstg;hd0_ep21_dg00_st01.sstg;hd0_ep22_dg00_st00.sstg;hd0_ep22_dg01_st01.sstg,eventbox_03.mmo,50000047,活动卡片,活动卡,100,50
hd0_ep00_dg00_st00.sstg;hd0_ep00_dg01_st00.sstg;hd0_ep00_dg02_st00.sstg;hd0_ep00_dg02_st01.sstg;hd0_ep01_dg00_st00.sstg;hd0_ep01_dg01_st00.sstg;hd0_ep01_dg02_st00.sstg;hd0_ep01_dg02_st01.sstg;hd0_ep02_dg00_st00.sstg;hd0_ep02_dg01_st00.sstg;hd0_ep02_dg02_st00.sstg;hd0_ep02_dg02_st01.sstg;hd0_ep03_dg00_st00.sstg;hd0_ep03_dg01_st00.sstg;hd0_ep03_dg02_st00.sstg;hd0_ep03_dg02_st01.sstg;hd0_ep04_dg00_st00.sstg;hd0_ep04_dg01_st00.sstg;hd0_ep04_dg02_st00.sstg;hd0_ep04_dg02_st01.sstg;hd0_ep05_dg00_st00.sstg;hd0_ep05_dg01_st00.sstg;hd0_ep05_dg02_st00.sstg;hd0_ep05_dg02_st01.sstg;hd0_ep06_dg00_st00.sstg;hd0_ep06_dg01_st00.sstg;hd0_ep06_dg02_st00.sstg;hd0_ep06_dg02_st01.sstg;hd0_ep07_dg00_st00.sstg;hd0_ep07_dg01_st00.sstg;hd0_ep07_dg02_st00.sstg;hd0_ep07_dg02_st01.sstg;hd0_ep08_dg00_st00.sstg;hd0_ep08_dg01_st00.sstg;hd0_ep08_dg02_st00.sstg;hd0_ep08_dg02_st01.sstg;hd0_ep09_dg00_st00.sstg;hd0_ep09_dg01_st00.sstg;hd0_ep09_dg02_st00.sstg;hd0_ep09_dg02_st01.sstg;hd0_ep10_dg00_st00.sstg;hd0_ep10_dg01_st00.sstg;hd0_ep10_dg02_st00.sstg;hd0_ep10_dg02_st01.sstg;hd0_ep11_dg00_st00.sstg;hd0_ep11_dg01_st00.sstg;hd0_ep11_dg02_st00.sstg;hd0_ep11_dg02_st01.sstg;hd0_ep12_dg00_st00.sstg;hd0_ep12_dg01_st00.sstg;hd0_ep12_dg02_st00.sstg;hd0_ep12_dg02_st01.sstg;hd0_ep13_dg00_st00.sstg;hd0_ep13_dg01_st00.sstg;hd0_ep13_dg02_st00.sstg;hd0_ep13_dg02_st01.sstg;hd0_ep14_dg00_st00.sstg;hd0_ep14_dg01_st00.sstg;hd0_ep14_dg02_st00.sstg;hd0_ep14_dg02_st01.sstg;hd0_ep15_dg00_st00.sstg;hd0_ep15_dg01_st00.sstg;hd0_ep15_dg02_st00.sstg;hd0_ep15_dg02_st01.sstg;hd0_ep16_dg00_st00.sstg;hd0_ep16_dg00_st01.sstg;hd0_ep17_dg00_st00.sstg;hd0_ep17_dg00_st01.sstg;hd0_ep18_dg00_st00.sstg;hd0_ep18_dg00_st01.sstg;hd0_ep19_dg00_st00.sstg;hd0_ep19_dg00_st01.sstg;hd0_ep20_dg00_st00.sstg;hd0_ep20_dg00_st01.sstg;hd0_ep21_dg00_st00.sstg;hd0_ep21_dg00_st01.sstg;hd0_ep22_dg00_st00.sstg;hd0_ep22_dg01_st01.sstg,eventbox_03.mmo,50000048,活动卡片,活动卡,100,50
hd0_ep00_dg00_st00.sstg;hd0_ep00_dg01_st00.sstg;hd0_ep00_dg02_st00.sstg;hd0_ep00_dg02_st01.sstg;hd0_ep01_dg00_st00.sstg;hd0_ep01_dg01_st00.sstg;hd0_ep01_dg02_st00.sstg;hd0_ep01_dg02_st01.sstg;hd0_ep02_dg00_st00.sstg;hd0_ep02_dg01_st00.sstg;hd0_ep02_dg02_st00.sstg;hd0_ep02_dg02_st01.sstg;hd0_ep03_dg00_st00.sstg;hd0_ep03_dg01_st00.sstg;hd0_ep03_dg02_st00.sstg;hd0_ep03_dg02_st01.sstg;hd0_ep04_dg00_st00.sstg;hd0_ep04_dg01_st00.sstg;hd0_ep04_dg02_st00.sstg;hd0_ep04_dg02_st01.sstg;hd0_ep05_dg00_st00.sstg;hd0_ep05_dg01_st00.sstg;hd0_ep05_dg02_st00.sstg;hd0_ep05_dg02_st01.sstg;hd0_ep06_dg00_st00.sstg;hd0_ep06_dg01_st00.sstg;hd0_ep06_dg02_st00.sstg;hd0_ep06_dg02_st01.sstg;hd0_ep07_dg00_st00.sstg;hd0_ep07_dg01_st00.sstg;hd0_ep07_dg02_st00.sstg;hd0_ep07_dg02_st01.sstg;hd0_ep08_dg00_st00.sstg;hd0_ep08_dg01_st00.sstg;hd0_ep08_dg02_st00.sstg;hd0_ep08_dg02_st01.sstg;hd0_ep09_dg00_st00.sstg;hd0_ep09_dg01_st00.sstg;hd0_ep09_dg02_st00.sstg;hd0_ep09_dg02_st01.sstg;hd0_ep10_dg00_st00.sstg;hd0_ep10_dg01_st00.sstg;hd0_ep10_dg02_st00.sstg;hd0_ep10_dg02_st01.sstg;hd0_ep11_dg00_st00.sstg;hd0_ep11_dg01_st00.sstg;hd0_ep11_dg02_st00.sstg;hd0_ep11_dg02_st01.sstg;hd0_ep12_dg00_st00.sstg;hd0_ep12_dg01_st00.sstg;hd0_ep12_dg02_st00.sstg;hd0_ep12_dg02_st01.sstg;hd0_ep13_dg00_st00.sstg;hd0_ep13_dg01_st00.sstg;hd0_ep13_dg02_st00.sstg;hd0_ep13_dg02_st01.sstg;hd0_ep14_dg00_st00.sstg;hd0_ep14_dg01_st00.sstg;hd0_ep14_dg02_st00.sstg;hd0_ep14_dg02_st01.sstg;hd0_ep15_dg00_st00.sstg;hd0_ep15_dg01_st00.sstg;hd0_ep15_dg02_st00.sstg;hd0_ep15_dg02_st01.sstg;hd0_ep16_dg00_st00.sstg;hd0_ep16_dg00_st01.sstg;hd0_ep17_dg00_st00.sstg;hd0_ep17_dg00_st01.sstg;hd0_ep18_dg00_st00.sstg;hd0_ep18_dg00_st01.sstg;hd0_ep19_dg00_st00.sstg;hd0_ep19_dg00_st01.sstg;hd0_ep20_dg00_st00.sstg;hd0_ep20_dg00_st01.sstg;hd0_ep21_dg00_st00.sstg;hd0_ep21_dg00_st01.sstg;hd0_ep22_dg00_st00.sstg;hd0_ep22_dg01_st01.sstg,eventbox_02.mmo,50000045,活动卡片,活动卡,100,50
hd0_ep00_dg00_st00.sstg;hd0_ep00_dg01_st00.sstg;hd0_ep00_dg02_st00.sstg;hd0_ep00_dg02_st01.sstg;hd0_ep01_dg00_st00.sstg;hd0_ep01_dg01_st00.sstg;hd0_ep01_dg02_st00.sstg;hd0_ep01_dg02_st01.sstg;hd0_ep02_dg00_st00.sstg;hd0_ep02_dg01_st00.sstg;hd0_ep02_dg02_st00.sstg;hd0_ep02_dg02_st01.sstg;hd0_ep03_dg00_st00.sstg;hd0_ep03_dg01_st00.sstg;hd0_ep03_dg02_st00.sstg;hd0_ep03_dg02_st01.sstg;hd0_ep04_dg00_st00.sstg;hd0_ep04_dg01_st00.sstg;hd0_ep04_dg02_st00.sstg;hd0_ep04_dg02_st01.sstg;hd0_ep05_dg00_st00.sstg;hd0_ep05_dg01_st00.sstg;hd0_ep05_dg02_st00.sstg;hd0_ep05_dg02_st01.sstg;hd0_ep06_dg00_st00.sstg;hd0_ep06_dg01_st00.sstg;hd0_ep06_dg02_st00.sstg;hd0_ep06_dg02_st01.sstg;hd0_ep07_dg00_st00.sstg;hd0_ep07_dg01_st00.sstg;hd0_ep07_dg02_st00.sstg;hd0_ep07_dg02_st01.sstg;hd0_ep08_dg00_st00.sstg;hd0_ep08_dg01_st00.sstg;hd0_ep08_dg02_st00.sstg;hd0_ep08_dg02_st01.sstg;hd0_ep09_dg00_st00.sstg;hd0_ep09_dg01_st00.sstg;hd0_ep09_dg02_st00.sstg;hd0_ep09_dg02_st01.sstg;hd0_ep10_dg00_st00.sstg;hd0_ep10_dg01_st00.sstg;hd0_ep10_dg02_st00.sstg;hd0_ep10_dg02_st01.sstg;hd0_ep11_dg00_st00.sstg;hd0_ep11_dg01_st00.sstg;hd0_ep11_dg02_st00.sstg;hd0_ep11_dg02_st01.sstg;hd0_ep12_dg00_st00.sstg;hd0_ep12_dg01_st00.sstg;hd0_ep12_dg02_st00.sstg;hd0_ep12_dg02_st01.sstg;hd0_ep13_dg00_st00.sstg;hd0_ep13_dg01_st00.sstg;hd0_ep13_dg02_st00.sstg;hd0_ep13_dg02_st01.sstg;hd0_ep14_dg00_st00.sstg;hd0_ep14_dg01_st00.sstg;hd0_ep14_dg02_st00.sstg;hd0_ep14_dg02_st01.sstg;hd0_ep15_dg00_st00.sstg;hd0_ep15_dg01_st00.sstg;hd0_ep15_dg02_st00.sstg;hd0_ep15_dg02_st01.sstg;hd0_ep16_dg00_st00.sstg;hd0_ep16_dg00_st01.sstg;hd0_ep17_dg00_st00.sstg;hd0_ep17_dg00_st01.sstg;hd0_ep18_dg00_st00.sstg;hd0_ep18_dg00_st01.sstg;hd0_ep19_dg00_st00.sstg;hd0_ep19_dg00_st01.sstg;hd0_ep20_dg00_st00.sstg;hd0_ep20_dg00_st01.sstg;hd0_ep21_dg00_st00.sstg;hd0_ep21_dg00_st01.sstg;hd0_ep22_dg00_st00.sstg;hd0_ep22_dg01_st01.sstg,eventbox_02.mmo,50000046,活动卡片,活动卡,100,50
hd0_ep00_dg00_st00.sstg;hd0_ep00_dg01_st00.sstg;hd0_ep00_dg02_st00.sstg;hd0_ep00_dg02_st01.sstg;hd0_ep01_dg00_st00.sstg;hd0_ep01_dg01_st00.sstg;hd0_ep01_dg02_st00.sstg;hd0_ep01_dg02_st01.sstg;hd0_ep02_dg00_st00.sstg;hd0_ep02_dg01_st00.sstg;hd0_ep02_dg02_st00.sstg;hd0_ep02_dg02_st01.sstg;hd0_ep03_dg00_st00.sstg;hd0_ep03_dg01_st00.sstg;hd0_ep03_dg02_st00.sstg;hd0_ep03_dg02_st01.sstg;hd0_ep04_dg00_st00.sstg;hd0_ep04_dg01_st00.sstg;hd0_ep04_dg02_st00.sstg;hd0_ep04_dg02_st01.sstg;hd0_ep05_dg00_st00.sstg;hd0_ep05_dg01_st00.sstg;hd0_ep05_dg02_st00.sstg;hd0_ep05_dg02_st01.sstg;hd0_ep06_dg00_st00.sstg;hd0_ep06_dg01_st00.sstg;hd0_ep06_dg02_st00.sstg;hd0_ep06_dg02_st01.sstg;hd0_ep07_dg00_st00.sstg;hd0_ep07_dg01_st00.sstg;hd0_ep07_dg02_st00.sstg;hd0_ep07_dg02_st01.sstg;hd0_ep08_dg00_st00.sstg;hd0_ep08_dg01_st00.sstg;hd0_ep08_dg02_st00.sstg;hd0_ep08_dg02_st01.sstg;hd0_ep09_dg00_st00.sstg;hd0_ep09_dg01_st00.sstg;hd0_ep09_dg02_st00.sstg;hd0_ep09_dg02_st01.sstg;hd0_ep10_dg00_st00.sstg;hd0_ep10_dg01_st00.sstg;hd0_ep10_dg02_st00.sstg;hd0_ep10_dg02_st01.sstg;hd0_ep11_dg00_st00.sstg;hd0_ep11_dg01_st00.sstg;hd0_ep11_dg02_st00.sstg;hd0_ep11_dg02_st01.sstg;hd0_ep12_dg00_st00.sstg;hd0_ep12_dg01_st00.sstg;hd0_ep12_dg02_st00.sstg;hd0_ep12_dg02_st01.sstg;hd0_ep13_dg00_st00.sstg;hd0_ep13_dg01_st00.sstg;hd0_ep13_dg02_st00.sstg;hd0_ep13_dg02_st01.sstg;hd0_ep14_dg00_st00.sstg;hd0_ep14_dg01_st00.sstg;hd0_ep14_dg02_st00.sstg;hd0_ep14_dg02_st01.sstg;hd0_ep15_dg00_st00.sstg;hd0_ep15_dg01_st00.sstg;hd0_ep15_dg02_st00.sstg;hd0_ep15_dg02_st01.sstg;hd0_ep16_dg00_st00.sstg;hd0_ep16_dg00_st01.sstg;hd0_ep17_dg00_st00.sstg;hd0_ep17_dg00_st01.sstg;hd0_ep18_dg00_st00.sstg;hd0_ep18_dg00_st01.sstg;hd0_ep19_dg00_st00.sstg;hd0_ep19_dg00_st01.sstg;hd0_ep20_dg00_st00.sstg;hd0_ep20_dg00_st01.sstg;hd0_ep21_dg00_st00.sstg;hd0_ep21_dg00_st01.sstg;hd0_ep22_dg00_st00.sstg;hd0_ep22_dg01_st01.sstg,eventbox_01.mmo,50000043,活动卡片,活动卡,100,50
hd0_ep00_dg00_st00.sstg;hd0_ep00_dg01_st00.sstg;hd0_ep00_dg02_st00.sstg;hd0_ep00_dg02_st01.sstg;hd0_ep01_dg00_st00.sstg;hd0_ep01_dg01_st00.sstg;hd0_ep01_dg02_st00.sstg;hd0_ep01_dg02_st01.sstg;hd0_ep02_dg00_st00.sstg;hd0_ep02_dg01_st00.sstg;hd0_ep02_dg02_st00.sstg;hd0_ep02_dg02_st01.sstg;hd0_ep03_dg00_st00.sstg;hd0_ep03_dg01_st00.sstg;hd0_ep03_dg02_st00.sstg;hd0_ep03_dg02_st01.sstg;hd0_ep04_dg00_st00.sstg;hd0_ep04_dg01_st00.sstg;hd0_ep04_dg02_st00.sstg;hd0_ep04_dg02_st01.sstg;hd0_ep05_dg00_st00.sstg;hd0_ep05_dg01_st00.sstg;hd0_ep05_dg02_st00.sstg;hd0_ep05_dg02_st01.sstg;hd0_ep06_dg00_st00.sstg;hd0_ep06_dg01_st00.sstg;hd0_ep06_dg02_st00.sstg;hd0_ep06_dg02_st01.sstg;hd0_ep07_dg00_st00.sstg;hd0_ep07_dg01_st00.sstg;hd0_ep07_dg02_st00.sstg;hd0_ep07_dg02_st01.sstg;hd0_ep08_dg00_st00.sstg;hd0_ep08_dg01_st00.sstg;hd0_ep08_dg02_st00.sstg;hd0_ep08_dg02_st01.sstg;hd0_ep09_dg00_st00.sstg;hd0_ep09_dg01_st00.sstg;hd0_ep09_dg02_st00.sstg;hd0_ep09_dg02_st01.sstg;hd0_ep10_dg00_st00.sstg;hd0_ep10_dg01_st00.sstg;hd0_ep10_dg02_st00.sstg;hd0_ep10_dg02_st01.sstg;hd0_ep11_dg00_st00.sstg;hd0_ep11_dg01_st00.sstg;hd0_ep11_dg02_st00.sstg;hd0_ep11_dg02_st01.sstg;hd0_ep12_dg00_st00.sstg;hd0_ep12_dg01_st00.sstg;hd0_ep12_dg02_st00.sstg;hd0_ep12_dg02_st01.sstg;hd0_ep13_dg00_st00.sstg;hd0_ep13_dg01_st00.sstg;hd0_ep13_dg02_st00.sstg;hd0_ep13_dg02_st01.sstg;hd0_ep14_dg00_st00.sstg;hd0_ep14_dg01_st00.sstg;hd0_ep14_dg02_st00.sstg;hd0_ep14_dg02_st01.sstg;hd0_ep15_dg00_st00.sstg;hd0_ep15_dg01_st00.sstg;hd0_ep15_dg02_st00.sstg;hd0_ep15_dg02_st01.sstg;hd0_ep16_dg00_st00.sstg;hd0_ep16_dg00_st01.sstg;hd0_ep17_dg00_st00.sstg;hd0_ep17_dg00_st01.sstg;hd0_ep18_dg00_st00.sstg;hd0_ep18_dg00_st01.sstg;hd0_ep19_dg00_st00.sstg;hd0_ep19_dg00_st01.sstg;hd0_ep20_dg00_st00.sstg;hd0_ep20_dg00_st01.sstg;hd0_ep21_dg00_st00.sstg;hd0_ep21_dg00_st01.sstg;hd0_ep22_dg00_st00.sstg;hd0_ep22_dg01_st01.sstg,eventbox_01.mmo,50000044,活动卡片,活动卡,100,50
hd0_ep00_dg00_st00.sstg;hd0_ep00_dg01_st00.sstg;hd0_ep00_dg02_st00.sstg;hd0_ep00_dg02_st01.sstg;hd0_ep01_dg00_st00.sstg;hd0_ep01_dg01_st00.sstg;hd0_ep01_dg02_st00.sstg;hd0_ep01_dg02_st01.sstg;hd0_ep02_dg00_st00.sstg;hd0_ep02_dg01_st00.sstg;hd0_ep02_dg02_st00.sstg;hd0_ep02_dg02_st01.sstg;hd0_ep03_dg00_st00.sstg;hd0_ep03_dg01_st00.sstg;hd0_ep03_dg02_st00.sstg;hd0_ep03_dg02_st01.sstg;hd0_ep04_dg00_st00.sstg;hd0_ep04_dg01_st00.sstg;hd0_ep04_dg02_st00.sstg;hd0_ep04_dg02_st01.sstg;hd0_ep05_dg00_st00.sstg;hd0_ep05_dg01_st00.sstg;hd0_ep05_dg02_st00.sstg;hd0_ep05_dg02_st01.sstg;hd0_ep06_dg00_st00.sstg;hd0_ep06_dg01_st00.sstg;hd0_ep06_dg02_st00.sstg;hd0_ep06_dg02_st01.sstg;hd0_ep07_dg00_st00.sstg;hd0_ep07_dg01_st00.sstg;hd0_ep07_dg02_st00.sstg;hd0_ep07_dg02_st01.sstg;hd0_ep08_dg00_st00.sstg;hd0_ep08_dg01_st00.sstg;hd0_ep08_dg02_st00.sstg;hd0_ep08_dg02_st01.sstg;hd0_ep09_dg00_st00.sstg;hd0_ep09_dg01_st00.sstg;hd0_ep09_dg02_st00.sstg;hd0_ep09_dg02_st01.sstg;hd0_ep10_dg00_st00.sstg;hd0_ep10_dg01_st00.sstg;hd0_ep10_dg02_st00.sstg;hd0_ep10_dg02_st01.sstg;hd0_ep11_dg00_st00.sstg;hd0_ep11_dg01_st00.sstg;hd0_ep11_dg02_st00.sstg;hd0_ep11_dg02_st01.sstg;hd0_ep12_dg00_st00.sstg;hd0_ep12_dg01_st00.sstg;hd0_ep12_dg02_st00.sstg;hd0_ep12_dg02_st01.sstg;hd0_ep13_dg00_st00.sstg;hd0_ep13_dg01_st00.sstg;hd0_ep13_dg02_st00.sstg;hd0_ep13_dg02_st01.sstg;hd0_ep14_dg00_st00.sstg;hd0_ep14_dg01_st00.sstg;hd0_ep14_dg02_st00.sstg;hd0_ep14_dg02_st01.sstg;hd0_ep15_dg00_st00.sstg;hd0_ep15_dg01_st00.sstg;hd0_ep15_dg02_st00.sstg;hd0_ep15_dg02_st01.sstg;hd0_ep16_dg00_st00.sstg;hd0_ep16_dg00_st01.sstg;hd0_ep17_dg00_st00.sstg;hd0_ep17_dg00_st01.sstg;hd0_ep18_dg00_st00.sstg;hd0_ep18_dg00_st01.sstg;hd0_ep19_dg00_st00.sstg;hd0_ep19_dg00_st01.sstg;hd0_ep20_dg00_st00.sstg;hd0_ep20_dg00_st01.sstg;hd0_ep21_dg00_st00.sstg;hd0_ep21_dg00_st01.sstg;hd0_ep22_dg00_st00.sstg;hd0_ep22_dg01_st01.sstg,eventbox_00.mmo,50000041,活动卡片,活动卡,100,50
hd0_ep00_dg00_st00.sstg;hd0_ep00_dg01_st00.sstg;hd0_ep00_dg02_st00.sstg;hd0_ep00_dg02_st01.sstg;hd0_ep01_dg00_st00.sstg;hd0_ep01_dg01_st00.sstg;hd0_ep01_dg02_st00.sstg;hd0_ep01_dg02_st01.sstg;hd0_ep02_dg00_st00.sstg;hd0_ep02_dg01_st00.sstg;hd0_ep02_dg02_st00.sstg;hd0_ep02_dg02_st01.sstg;hd0_ep03_dg00_st00.sstg;hd0_ep03_dg01_st00.sstg;hd0_ep03_dg02_st00.sstg;hd0_ep03_dg02_st01.sstg;hd0_ep04_dg00_st00.sstg;hd0_ep04_dg01_st00.sstg;hd0_ep04_dg02_st00.sstg;hd0_ep04_dg02_st01.sstg;hd0_ep05_dg00_st00.sstg;hd0_ep05_dg01_st00.sstg;hd0_ep05_dg02_st00.sstg;hd0_ep05_dg02_st01.sstg;hd0_ep06_dg00_st00.sstg;hd0_ep06_dg01_st00.sstg;hd0_ep06_dg02_st00.sstg;hd0_ep06_dg02_st01.sstg;hd0_ep07_dg00_st00.sstg;hd0_ep07_dg01_st00.sstg;hd0_ep07_dg02_st00.sstg;hd0_ep07_dg02_st01.sstg;hd0_ep08_dg00_st00.sstg;hd0_ep08_dg01_st00.sstg;hd0_ep08_dg02_st00.sstg;hd0_ep08_dg02_st01.sstg;hd0_ep09_dg00_st00.sstg;hd0_ep09_dg01_st00.sstg;hd0_ep09_dg02_st00.sstg;hd0_ep09_dg02_st01.sstg;hd0_ep10_dg00_st00.sstg;hd0_ep10_dg01_st00.sstg;hd0_ep10_dg02_st00.sstg;hd0_ep10_dg02_st01.sstg;hd0_ep11_dg00_st00.sstg;hd0_ep11_dg01_st00.sstg;hd0_ep11_dg02_st00.sstg;hd0_ep11_dg02_st01.sstg;hd0_ep12_dg00_st00.sstg;hd0_ep12_dg01_st00.sstg;hd0_ep12_dg02_st00.sstg;hd0_ep12_dg02_st01.sstg;hd0_ep13_dg00_st00.sstg;hd0_ep13_dg01_st00.sstg;hd0_ep13_dg02_st00.sstg;hd0_ep13_dg02_st01.sstg;hd0_ep14_dg00_st00.sstg;hd0_ep14_dg01_st00.sstg;hd0_ep14_dg02_st00.sstg;hd0_ep14_dg02_st01.sstg;hd0_ep15_dg00_st00.sstg;hd0_ep15_dg01_st00.sstg;hd0_ep15_dg02_st00.sstg;hd0_ep15_dg02_st01.sstg;hd0_ep16_dg00_st00.sstg;hd0_ep16_dg00_st01.sstg;hd0_ep17_dg00_st00.sstg;hd0_ep17_dg00_st01.sstg;hd0_ep18_dg00_st00.sstg;hd0_ep18_dg00_st01.sstg;hd0_ep19_dg00_st00.sstg;hd0_ep19_dg00_st01.sstg;hd0_ep20_dg00_st00.sstg;hd0_ep20_dg00_st01.sstg;hd0_ep21_dg00_st00.sstg;hd0_ep21_dg00_st01.sstg;hd0_ep22_dg00_st00.sstg;hd0_ep22_dg01_st01.sstg,eventbox_00.mmo,50000042,活动卡片,活动卡,100,50
hd0_ep22_dg00_st00.sstg;hd0_ep22_dg01_st01.sstg,ep22_mb_T_00.mmo,22000015,幸运卡片E,特殊卡,100,100
hd0_ep22_dg00_st00.sstg;hd0_ep22_dg01_st01.sstg,ep22_mb_R_00.mmo,22000017,幸运卡片G,特殊卡,100,100
hd0_ep22_dg00_st00.sstg;hd0_ep22_dg01_st01.sstg,ep22_mb_C_woman.mmo,22000016,幸运卡片F,特殊卡,100,100
hd0_ep22_dg00_st00.sstg;hd0_ep22_dg01_st01.sstg,ep22_mb_C_man.mmo,22000016,幸运卡片F,特殊卡,100,100
hd0_ep22_dg00_st00.sstg,ep22_ending_00.bmo,13000337,V07*属性宝石,图片卡,3,3
hd0_ep22_dg00_st00.sstg,ep22_ending_00.bmo,13000341,V11*能力宝石,图片卡,3,3
hd0_ep22_dg00_st00.sstg,ep22_ending_00.bmo,13000336,V06*NaNa秀卡片,图片卡,3,94
hd0_ep22_dg01_st01.sstg,ep22_dg01_mb_197_02.mmo,12000018,肉弹型 SP +8,SP卡,8,100
hd0_ep22_dg01_st01.sstg,ep22_dg01_mb_197_01.mmo,12000018,肉弹型 SP +8,SP卡,8,100
hd0_ep22_dg01_st01.sstg,ep22_dg01_mb_197_00.mmo,12000018,肉弹型 SP +8,SP卡,8,100
hd0_ep22_dg01_st01.sstg,ep22_dg01_mb_196_02.mmo,13000322,B12*装饰卡片,图片卡,3,10
hd0_ep22_dg01_st01.sstg,ep22_dg01_mb_196_02.mmo,13000321,B11*装饰卡片,图片卡,3,45
hd0_ep22_dg01_st01.sstg,ep22_dg01_mb_196_02.mmo,13000323,B13*NaNa秀卡片,图片卡,3,45
hd0_ep22_dg01_st01.sstg,ep22_dg01_mb_196_01.mmo,13000322,B12*装饰卡片,图片卡,3,10
hd0_ep22_dg01_st01.sstg,ep22_dg01_mb_196_01.mmo,13000321,B11*装饰卡片,图片卡,3,45
hd0_ep22_dg01_st01.sstg,ep22_dg01_mb_196_01.mmo,13000323,B13*NaNa秀卡片,图片卡,3,45
hd0_ep22_dg01_st01.sstg,ep22_dg01_mb_196_00.mmo,13000322,B12*装饰卡片,图片卡,3,10
hd0_ep22_dg01_st01.sstg,ep22_dg01_mb_196_00.mmo,13000321,B11*装饰卡片,图片卡,3,45
hd0_ep22_dg01_st01.sstg,ep22_dg01_mb_196_00.mmo,13000323,B13*NaNa秀卡片,图片卡,3,45
hd0_ep22_dg01_st01.sstg,ep22_dg01_mb_195_02.mmo,13000321,B11*装饰卡片,图片卡,3,50
hd0_ep22_dg01_st01.sstg,ep22_dg01_mb_195_02.mmo,13000323,B13*NaNa秀卡片,图片卡,3,50
hd0_ep22_dg01_st01.sstg,ep22_dg01_mb_195_01.mmo,13000321,B11*装饰卡片,图片卡,3,50
hd0_ep22_dg01_st01.sstg,ep22_dg01_mb_195_01.mmo,13000323,B13*NaNa秀卡片,图片卡,3,50
hd0_ep22_dg01_st01.sstg,ep22_dg01_mb_195_00.mmo,13000321,B11*装饰卡片,图片卡,3,50
hd0_ep22_dg01_st01.sstg,ep22_dg01_mb_195_00.mmo,13000322,B12*装饰卡片,图片卡,3,50
hd0_ep22_dg01_st01.sstg,ep22_dg01_m_197_03.mmo,12000015,肉弹型 SP +5,SP卡,5,50
hd0_ep22_dg01_st01.sstg,ep22_dg01_m_197_03.mmo,13000323,B13*NaNa秀卡片,图片卡,5,50
hd0_ep22_dg01_st01.sstg,ep22_dg01_m_197_02.mmo,12000015,肉弹型 SP +5,SP卡,5,50
hd0_ep22_dg01_st01.sstg,ep22_dg01_m_197_02.mmo,13000323,B13*NaNa秀卡片,图片卡,5,50
hd0_ep22_dg01_st01.sstg,ep22_dg01_m_197_01.mmo,12000015,肉弹型 SP +5,SP卡,5,50
hd0_ep22_dg01_st01.sstg,ep22_dg01_m_197_01.mmo,13000323,B13*NaNa秀卡片,图片卡,5,50
hd0_ep22_dg01_st01.sstg,ep22_dg01_m_197_00.mmo,12000015,肉弹型 SP +5,SP卡,5,50
hd0_ep22_dg01_st01.sstg,ep22_dg01_m_197_00.mmo,13000323,B13*NaNa秀卡片,图片卡,5,50
hd0_ep22_dg01_st01.sstg,ep22_dg01_m_196_03.mmo,13000330,B20*食物卡片,图片卡,5,100
hd0_ep22_dg01_st01.sstg,ep22_dg01_m_196_02.mmo,13000330,B20*食物卡片,图片卡,5,100
hd0_ep22_dg01_st01.sstg,ep22_dg01_m_196_01.mmo,13000330,B20*食物卡片,图片卡,5,100
hd0_ep22_dg01_st01.sstg,ep22_dg01_m_196_00.mmo,13000330,B20*食物卡片,图片卡,5,100
hd0_ep22_dg01_st01.sstg,ep22_dg01_m_195_03.mmo,13000319,B09*装饰卡片,图片卡,5,50
hd0_ep22_dg01_st01.sstg,ep22_dg01_m_195_03.mmo,13000323,B13*NaNa秀卡片,图片卡,5,50
hd0_ep22_dg01_st01.sstg,ep22_dg01_m_195_02.mmo,13000319,B09*装饰卡片,图片卡,5,50
hd0_ep22_dg01_st01.sstg,ep22_dg01_m_195_02.mmo,13000323,B13*NaNa秀卡片,图片卡,5,50
hd0_ep22_dg01_st01.sstg,ep22_dg01_m_195_01.mmo,13000319,B09*装饰卡片,图片卡,5,50
hd0_ep22_dg01_st01.sstg,ep22_dg01_m_195_01.mmo,13000323,B13*NaNa秀卡片,图片卡,5,50
hd0_ep22_dg01_st01.sstg,ep22_dg01_m_195_00.mmo,13000319,B09*装饰卡片,图片卡,5,50
hd0_ep22_dg01_st01.sstg,ep22_dg01_m_195_00.mmo,13000323,B13*NaNa秀卡片,图片卡,5,50
hd0_ep22_dg01_st01.sstg,ep22_dg01_M_00.mmo,22000012,幸运卡片B,特殊卡,100,33
hd0_ep22_dg01_st01.sstg,ep22_dg01_M_00.mmo,22000013,幸运卡片C,特殊卡,100,33
hd0_ep22_dg01_st01.sstg,ep22_dg01_M_00.mmo,22000014,幸运卡片D,特殊卡,100,34
hd0_ep22_dg01_st01.sstg,ep22_dg00_st01_obj_box1.mmo,13000319,B09*装饰卡片,图片卡,5,50
hd0_ep22_dg01_st01.sstg,ep22_dg00_st01_obj_box1.mmo,13000323,B13*NaNa秀卡片,图片卡,5,50
hd0_ep22_dg01_st01.sstg,ep22_dg00_st01_obj_box.mmo,13000396,A06*食物卡片,图片卡,50,33
hd0_ep22_dg01_st01.sstg,ep22_dg00_st01_obj_box.mmo,13000410,A20*食物卡片,图片卡,50,33
hd0_ep22_dg01_st01.sstg,ep22_dg00_st01_obj_box.mmo,12000011,肉弹型 SP +1,SP卡,50,34
hd0_ep22_dg00_st00.sstg,ep22_dg00_obj_box1.mmo,13000311,B01*天空之翼,图片卡,5,100
hd0_ep22_dg00_st00.sstg,ep22_dg00_mb_194_02.mmo,12000008,炮弹型 SP +8,SP卡,8,100
hd0_ep22_dg00_st00.sstg,ep22_dg00_mb_194_01.mmo,12000008,炮弹型 SP +8,SP卡,8,100
hd0_ep22_dg00_st00.sstg,ep22_dg00_mb_194_00.mmo,12000008,炮弹型 SP +8,SP卡,8,100
hd0_ep22_dg00_st00.sstg,ep22_dg00_mb_193_02.mmo,13000315,B05*能力宝石,图片卡,3,100
hd0_ep22_dg00_st00.sstg,ep22_dg00_mb_193_01.mmo,13000315,B05*能力宝石,图片卡,3,100
hd0_ep22_dg00_st00.sstg,ep22_dg00_mb_193_00.mmo,13000315,B05*能力宝石,图片卡,3,100
hd0_ep22_dg00_st00.sstg,ep22_dg00_mb_192_02.mmo,13000314,B04*能力宝石,图片卡,5,40
hd0_ep22_dg00_st00.sstg,ep22_dg00_mb_192_02.mmo,13000317,B07*能力宝石,图片卡,5,60
hd0_ep22_dg00_st00.sstg,ep22_dg00_mb_192_01.mmo,13000314,B04*能力宝石,图片卡,3,40
hd0_ep22_dg00_st00.sstg,ep22_dg00_mb_192_01.mmo,13000317,B07*能力宝石,图片卡,3,60
hd0_ep22_dg00_st00.sstg,ep22_dg00_mb_192_00.mmo,13000314,B04*能力宝石,图片卡,3,40
hd0_ep22_dg00_st00.sstg,ep22_dg00_mb_192_00.mmo,13000317,B07*能力宝石,图片卡,3,60
hd0_ep22_dg00_st00.sstg,ep22_dg00_m_194_03.mmo,12000005,炮弹型 SP +5,SP卡,5,50
hd0_ep22_dg00_st00.sstg,ep22_dg00_m_194_03.mmo,13000321,B11*装饰卡片,图片卡,5,50
hd0_ep22_dg00_st00.sstg,ep22_dg00_m_194_02.mmo,12000005,炮弹型 SP +5,SP卡,5,50
hd0_ep22_dg00_st00.sstg,ep22_dg00_m_194_02.mmo,13000321,B11*装饰卡片,图片卡,5,50
hd0_ep22_dg00_st00.sstg,ep22_dg00_m_194_01.mmo,12000005,炮弹型 SP +5,SP卡,5,50
hd0_ep22_dg00_st00.sstg,ep22_dg00_m_194_01.mmo,13000321,B11*装饰卡片,图片卡,5,50
hd0_ep22_dg00_st00.sstg,ep22_dg00_m_194_00.mmo,12000005,炮弹型 SP +5,SP卡,5,50
hd0_ep22_dg00_st00.sstg,ep22_dg00_m_194_00.mmo,13000321,B11*装饰卡片,图片卡,5,50
hd0_ep22_dg00_st00.sstg,ep22_dg00_m_193_03.mmo,13000319,B09*装饰卡片,图片卡,5,50
hd0_ep22_dg00_st00.sstg,ep22_dg00_m_193_03.mmo,13000321,B11*装饰卡片,图片卡,5,50
hd0_ep22_dg00_st00.sstg,ep22_dg00_m_193_02.mmo,13000319,B09*装饰卡片,图片卡,5,50
hd0_ep22_dg00_st00.sstg,ep22_dg00_m_193_02.mmo,13000321,B11*装饰卡片,图片卡,5,50
hd0_ep22_dg00_st00.sstg,ep22_dg00_m_193_01.mmo,13000319,B09*装饰卡片,图片卡,5,50
hd0_ep22_dg00_st00.sstg,ep22_dg00_m_193_01.mmo,13000321,B11*装饰卡片,图片卡,5,50
hd0_ep22_dg00_st00.sstg,ep22_dg00_m_193_00.mmo,13000319,B09*装饰卡片,图片卡,5,50
hd0_ep22_dg00_st00.sstg,ep22_dg00_m_193_00.mmo,13000321,B11*装饰卡片,图片卡,5,50
hd0_ep22_dg00_st00.sstg,ep22_dg00_m_192_03.mmo,13000311,B01*天空之翼,图片卡,5,100
hd0_ep22_dg00_st00.sstg,ep22_dg00_m_192_02.mmo,13000311,B01*天空之翼,图片卡,5,100
hd0_ep22_dg00_st00.sstg,ep22_dg00_m_192_01.mmo,13000311,B01*天空之翼,图片卡,5,100
hd0_ep22_dg00_st00.sstg,ep22_dg00_m_192_00.mmo,13000311,B01*天空之翼,图片卡,5,100
hd0_ep22_dg00_st00.sstg,ep22_dg00_M_00.mmo,22000011,幸运卡片A,特殊卡,100,33
hd0_ep22_dg00_st00.sstg,ep22_dg00_M_00.mmo,22000012,幸运卡片B,特殊卡,100,33
hd0_ep22_dg00_st00.sstg,ep22_dg00_M_00.mmo,22000013,幸运卡片C,特殊卡,100,34
hd0_ep22_dg01_st01.sstg,ep22_bbm_00_00.bmo,12000020,肉弹型 SP +10,SP卡,10,50
hd0_ep22_dg01_st01.sstg,ep22_bbm_00_00.bmo,22000018,幸运卡片H,特殊卡,10,50
hd0_ep21_dg00_st00.sstg;hd0_ep21_dg00_st01.sstg,ep21_mb_T_00.mmo,22000015,幸运卡片E,特殊卡,100,100
hd0_ep21_dg00_st00.sstg;hd0_ep21_dg00_st01.sstg,ep21_mb_R_00.mmo,22000017,幸运卡片G,特殊卡,100,100
hd0_ep21_dg00_st00.sstg;hd0_ep21_dg00_st01.sstg,ep21_mb_C_woman.mmo,22000016,幸运卡片F,特殊卡,100,100
hd0_ep21_dg00_st00.sstg;hd0_ep21_dg00_st01.sstg,ep21_mb_C_man.mmo,22000016,幸运卡片F,特殊卡,100,100
hd0_ep21_dg00_st00.sstg,ep21_ending00.bmo,13000315,B05*能力宝石,图片卡,3,95
hd0_ep21_dg00_st00.sstg,ep21_ending00.bmo,13000301,C11*能力宝石,图片卡,3,3
hd0_ep21_dg00_st00.sstg,ep21_ending00.bmo,13000280,G10*能力宝石,图片卡,3,2
hd0_ep21_dg00_st01.sstg,ep21_dg01_mb_191_02.mmo,13000320,B10*能力宝石,图片卡,3,10
hd0_ep21_dg00_st01.sstg,ep21_dg01_mb_191_02.mmo,13000319,B09*装饰卡片,图片卡,3,90
hd0_ep21_dg00_st01.sstg,ep21_dg01_mb_191_01.mmo,13000320,B10*能力宝石,图片卡,3,10
hd0_ep21_dg00_st01.sstg,ep21_dg01_mb_191_01.mmo,13000319,B09*装饰卡片,图片卡,3,90
hd0_ep21_dg00_st01.sstg,ep21_dg01_mb_191_00.mmo,13000320,B10*能力宝石,图片卡,3,10
hd0_ep21_dg00_st01.sstg,ep21_dg01_mb_191_00.mmo,13000319,B09*装饰卡片,图片卡,3,90
hd0_ep21_dg00_st01.sstg,ep21_dg01_mb_190_02.mmo,13000307,C17*宠物天使,图片卡,3,35
hd0_ep21_dg00_st01.sstg,ep21_dg01_mb_190_02.mmo,13000308,C18*宠物天使,图片卡,3,35
hd0_ep21_dg00_st01.sstg,ep21_dg01_mb_190_02.mmo,13000309,C19*宠物天使,图片卡,3,30
hd0_ep21_dg00_st01.sstg,ep21_dg01_mb_190_01.mmo,13000307,C17*宠物天使,图片卡,3,35
hd0_ep21_dg00_st01.sstg,ep21_dg01_mb_190_01.mmo,13000308,C18*宠物天使,图片卡,3,35
hd0_ep21_dg00_st01.sstg,ep21_dg01_mb_190_01.mmo,13000309,C19*宠物天使,图片卡,3,30
hd0_ep21_dg00_st01.sstg,ep21_dg01_mb_190_00.mmo,13000307,C17*宠物天使,图片卡,3,35
hd0_ep21_dg00_st01.sstg,ep21_dg01_mb_190_00.mmo,13000308,C18*宠物天使,图片卡,3,35
hd0_ep21_dg00_st01.sstg,ep21_dg01_mb_190_00.mmo,13000309,C19*宠物天使,图片卡,3,30
hd0_ep21_dg00_st01.sstg,ep21_dg01_mb_189_02.mmo,13000304,C14*宠物天使,图片卡,3,35
hd0_ep21_dg00_st01.sstg,ep21_dg01_mb_189_02.mmo,13000305,C15*宠物天使,图片卡,3,35
hd0_ep21_dg00_st01.sstg,ep21_dg01_mb_189_02.mmo,13000306,C16*宠物天使,图片卡,3,30
hd0_ep21_dg00_st01.sstg,ep21_dg01_mb_189_01.mmo,13000304,C14*宠物天使,图片卡,3,35
hd0_ep21_dg00_st01.sstg,ep21_dg01_mb_189_01.mmo,13000305,C15*宠物天使,图片卡,3,35
hd0_ep21_dg00_st01.sstg,ep21_dg01_mb_189_01.mmo,13000306,C16*宠物天使,图片卡,3,30
hd0_ep21_dg00_st01.sstg,ep21_dg01_mb_189_00.mmo,13000304,C14*宠物天使,图片卡,3,35
hd0_ep21_dg00_st01.sstg,ep21_dg01_mb_189_00.mmo,13000305,C15*宠物天使,图片卡,3,35
hd0_ep21_dg00_st01.sstg,ep21_dg01_mb_189_00.mmo,13000306,C16*宠物天使,图片卡,3,30
hd0_ep21_dg00_st01.sstg,ep21_dg01_m_191_03.mmo,13000316,B06*食物卡片,图片卡,5,50
hd0_ep21_dg00_st01.sstg,ep21_dg01_m_191_03.mmo,13000330,B20*食物卡片,图片卡,5,50
hd0_ep21_dg00_st01.sstg,ep21_dg01_m_191_02.mmo,13000316,B06*食物卡片,图片卡,5,50
hd0_ep21_dg00_st01.sstg,ep21_dg01_m_191_02.mmo,13000330,B20*食物卡片,图片卡,5,50
hd0_ep21_dg00_st01.sstg,ep21_dg01_m_191_01.mmo,13000316,B06*食物卡片,图片卡,5,50
hd0_ep21_dg00_st01.sstg,ep21_dg01_m_191_01.mmo,13000330,B20*食物卡片,图片卡,5,50
hd0_ep21_dg00_st01.sstg,ep21_dg01_m_191_00.mmo,13000316,B06*食物卡片,图片卡,5,50
hd0_ep21_dg00_st01.sstg,ep21_dg01_m_191_00.mmo,13000330,B20*食物卡片,图片卡,5,50
hd0_ep21_dg00_st01.sstg,ep21_dg01_m_190_03.mmo,13000330,B20*食物卡片,图片卡,5,50
hd0_ep21_dg00_st01.sstg,ep21_dg01_m_190_03.mmo,12000016,肉弹型 SP +6,SP卡,5,50
hd0_ep21_dg00_st01.sstg,ep21_dg01_m_190_02.mmo,13000330,B20*食物卡片,图片卡,5,50
hd0_ep21_dg00_st01.sstg,ep21_dg01_m_190_02.mmo,12000016,肉弹型 SP +6,SP卡,5,50
hd0_ep21_dg00_st01.sstg,ep21_dg01_m_190_01.mmo,13000330,B20*食物卡片,图片卡,5,50
hd0_ep21_dg00_st01.sstg,ep21_dg01_m_190_01.mmo,12000016,肉弹型 SP +6,SP卡,5,50
hd0_ep21_dg00_st01.sstg,ep21_dg01_m_190_00.mmo,13000330,B20*食物卡片,图片卡,5,50
hd0_ep21_dg00_st01.sstg,ep21_dg01_m_190_00.mmo,12000016,肉弹型 SP +6,SP卡,5,50
hd0_ep21_dg00_st01.sstg,ep21_dg01_m_189_03.mmo,13000312,B02*天空之翼,图片卡,5,50
hd0_ep21_dg00_st01.sstg,ep21_dg01_m_189_03.mmo,13000316,B06*食物卡片,图片卡,5,50
hd0_ep21_dg00_st01.sstg,ep21_dg01_m_189_02.mmo,13000312,B02*天空之翼,图片卡,5,50
hd0_ep21_dg00_st01.sstg,ep21_dg01_m_189_02.mmo,13000316,B06*食物卡片,图片卡,5,50
hd0_ep21_dg00_st01.sstg,ep21_dg01_m_189_01.mmo,13000312,B02*天空之翼,图片卡,5,50
hd0_ep21_dg00_st01.sstg,ep21_dg01_m_189_01.mmo,13000316,B06*食物卡片,图片卡,5,50
hd0_ep21_dg00_st01.sstg,ep21_dg01_m_189_00.mmo,13000312,B02*天空之翼,图片卡,5,50
hd0_ep21_dg00_st01.sstg,ep21_dg01_m_189_00.mmo,13000316,B06*食物卡片,图片卡,5,50
hd0_ep21_dg00_st01.sstg,ep21_dg01_M_00.mmo,22000012,幸运卡片B,特殊卡,100,33
hd0_ep21_dg00_st01.sstg,ep21_dg01_M_00.mmo,22000013,幸运卡片C,特殊卡,100,33
hd0_ep21_dg00_st01.sstg,ep21_dg01_M_00.mmo,22000014,幸运卡片D,特殊卡,100,34
hd0_ep21_dg00_st00.sstg,ep21_dg00_mb_188_02.mmo,12000010,炮弹型 SP +10,SP卡,8,100
hd0_ep21_dg00_st00.sstg,ep21_dg00_mb_188_01.mmo,12000010,炮弹型 SP +10,SP卡,8,100
hd0_ep21_dg00_st00.sstg,ep21_dg00_mb_188_00.mmo,12000010,炮弹型 SP +10,SP卡,8,100
hd0_ep21_dg00_st00.sstg,ep21_dg00_mb_187_02.mmo,13000319,B09*装饰卡片,图片卡,3,100
hd0_ep21_dg00_st00.sstg,ep21_dg00_mb_187_01.mmo,13000319,B09*装饰卡片,图片卡,3,100
hd0_ep21_dg00_st00.sstg,ep21_dg00_mb_187_00.mmo,13000319,B09*装饰卡片,图片卡,3,100
hd0_ep21_dg00_st00.sstg,ep21_dg00_mb_186_02.mmo,13000314,B04*能力宝石,图片卡,3,40
hd0_ep21_dg00_st00.sstg,ep21_dg00_mb_186_02.mmo,13000317,B07*能力宝石,图片卡,3,60
hd0_ep21_dg00_st00.sstg,ep21_dg00_mb_186_01.mmo,13000314,B04*能力宝石,图片卡,3,40
hd0_ep21_dg00_st00.sstg,ep21_dg00_mb_186_01.mmo,13000317,B07*能力宝石,图片卡,3,60
hd0_ep21_dg00_st00.sstg,ep21_dg00_mb_186_00.mmo,13000314,B04*能力宝石,图片卡,3,40
hd0_ep21_dg00_st00.sstg,ep21_dg00_mb_186_00.mmo,13000317,B07*能力宝石,图片卡,3,60
hd0_ep21_dg00_st00.sstg,ep21_dg00_m_188_03.mmo,13000316,B06*食物卡片,图片卡,5,50
hd0_ep21_dg00_st00.sstg,ep21_dg00_m_188_03.mmo,13000330,B20*食物卡片,图片卡,5,50
hd0_ep21_dg00_st00.sstg,ep21_dg00_m_188_02.mmo,13000316,B06*食物卡片,图片卡,5,50
hd0_ep21_dg00_st00.sstg,ep21_dg00_m_188_02.mmo,13000330,B20*食物卡片,图片卡,5,50
hd0_ep21_dg00_st00.sstg,ep21_dg00_m_188_01.mmo,13000316,B06*食物卡片,图片卡,5,50
hd0_ep21_dg00_st00.sstg,ep21_dg00_m_188_01.mmo,13000330,B20*食物卡片,图片卡,5,50
hd0_ep21_dg00_st00.sstg,ep21_dg00_m_188_00.mmo,13000316,B06*食物卡片,图片卡,5,50
hd0_ep21_dg00_st00.sstg,ep21_dg00_m_188_00.mmo,13000330,B20*食物卡片,图片卡,5,50
hd0_ep21_dg00_st00.sstg,ep21_dg00_m_187_03.mmo,13000312,B02*天空之翼,图片卡,5,50
hd0_ep21_dg00_st00.sstg,ep21_dg00_m_187_03.mmo,12000006,炮弹型 SP +6,SP卡,5,50
hd0_ep21_dg00_st00.sstg,ep21_dg00_m_187_02.mmo,13000312,B02*天空之翼,图片卡,5,50
hd0_ep21_dg00_st00.sstg,ep21_dg00_m_187_02.mmo,12000006,炮弹型 SP +6,SP卡,5,50
hd0_ep21_dg00_st00.sstg,ep21_dg00_m_187_01.mmo,13000312,B02*天空之翼,图片卡,5,50
hd0_ep21_dg00_st00.sstg,ep21_dg00_m_187_01.mmo,12000006,炮弹型 SP +6,SP卡,5,50
hd0_ep21_dg00_st00.sstg,ep21_dg00_m_187_00.mmo,13000312,B02*天空之翼,图片卡,5,50
hd0_ep21_dg00_st00.sstg,ep21_dg00_m_187_00.mmo,12000006,炮弹型 SP +6,SP卡,5,50
hd0_ep21_dg00_st00.sstg,ep21_dg00_m_186_03.mmo,13000311,B01*天空之翼,图片卡,5,100
hd0_ep21_dg00_st00.sstg,ep21_dg00_m_186_02.mmo,13000311,B01*天空之翼,图片卡,5,100
hd0_ep21_dg00_st00.sstg,ep21_dg00_m_186_01.mmo,13000311,B01*天空之翼,图片卡,5,100
hd0_ep21_dg00_st00.sstg,ep21_dg00_m_186_00.mmo,13000311,B01*天空之翼,图片卡,5,100
hd0_ep21_dg00_st00.sstg,ep21_dg00_M_00.mmo,22000011,幸运卡片A,特殊卡,100,33
hd0_ep21_dg00_st00.sstg,ep21_dg00_M_00.mmo,22000012,幸运卡片B,特殊卡,100,33
hd0_ep21_dg00_st00.sstg,ep21_dg00_M_00.mmo,22000013,幸运卡片C,特殊卡,100,34
hd0_ep21_dg00_st01.sstg,ep21_bbm_00.bmo,12000020,肉弹型 SP +10,SP卡,90,100
hd0_ep20_dg00_st00.sstg;hd0_ep20_dg00_st01.sstg,ep20_mb_T_00.mmo,22000015,幸运卡片E,特殊卡,100,100
hd0_ep20_dg00_st00.sstg;hd0_ep20_dg00_st01.sstg,ep20_mb_R_00.mmo,22000017,幸运卡片G,特殊卡,100,100
hd0_ep20_dg00_st00.sstg;hd0_ep20_dg00_st01.sstg,ep20_mb_C_woman.mmo,22000016,幸运卡片F,特殊卡,100,100
hd0_ep20_dg00_st00.sstg;hd0_ep20_dg00_st01.sstg,ep20_mb_C_man.mmo,22000016,幸运卡片F,特殊卡,100,100
hd0_ep20_dg00_st00.sstg,ep20_ending00.bmo,13000317,B07*能力宝石,图片卡,50,70
hd0_ep20_dg00_st00.sstg,ep20_ending00.bmo,13000314,B04*能力宝石,图片卡,50,28
hd0_ep20_dg00_st00.sstg,ep20_ending00.bmo,13000301,C11*能力宝石,图片卡,50,2
hd0_ep20_dg00_st01.sstg,ep20_dg01_obj_m_184.mmo,13000316,B06*食物卡片,图片卡,5,50
hd0_ep20_dg00_st01.sstg,ep20_dg01_obj_m_184.mmo,13000310,C20*食物卡片,图片卡,5,50
hd0_ep20_dg00_st01.sstg,ep20_dg01_obj_m_183.mmo,13000312,B02*天空之翼,图片卡,5,100
hd0_ep20_dg00_st01.sstg,ep20_dg01_mb_185_02.mmo,13000313,B03*属性宝石,图片卡,3,10
hd0_ep20_dg00_st01.sstg,ep20_dg01_mb_185_02.mmo,13000315,B05*能力宝石,图片卡,3,90
hd0_ep20_dg00_st01.sstg,ep20_dg01_mb_185_01.mmo,13000313,B03*属性宝石,图片卡,3,10
hd0_ep20_dg00_st01.sstg,ep20_dg01_mb_185_01.mmo,13000315,B05*能力宝石,图片卡,3,90
hd0_ep20_dg00_st01.sstg,ep20_dg01_mb_185_00.mmo,13000313,B03*属性宝石,图片卡,3,10
hd0_ep20_dg00_st01.sstg,ep20_dg01_mb_185_00.mmo,13000315,B05*能力宝石,图片卡,3,90
hd0_ep20_dg00_st01.sstg,ep20_dg01_mb_184_02.mmo,13000317,B07*能力宝石,图片卡,3,100
hd0_ep20_dg00_st01.sstg,ep20_dg01_mb_184_01.mmo,13000317,B07*能力宝石,图片卡,3,100
hd0_ep20_dg00_st01.sstg,ep20_dg01_mb_184_00.mmo,13000317,B07*能力宝石,图片卡,3,100
hd0_ep20_dg00_st01.sstg,ep20_dg01_mb_183_02.mmo,13000303,C13*NaNa秀卡片,图片卡,3,10
hd0_ep20_dg00_st01.sstg,ep20_dg01_mb_183_02.mmo,13000315,B05*能力宝石,图片卡,3,90
hd0_ep20_dg00_st01.sstg,ep20_dg01_mb_183_01.mmo,13000303,C13*NaNa秀卡片,图片卡,3,10
hd0_ep20_dg00_st01.sstg,ep20_dg01_mb_183_01.mmo,13000315,B05*能力宝石,图片卡,3,90
hd0_ep20_dg00_st01.sstg,ep20_dg01_mb_183_00.mmo,13000303,C13*NaNa秀卡片,图片卡,3,10
hd0_ep20_dg00_st01.sstg,ep20_dg01_mb_183_00.mmo,13000315,B05*能力宝石,图片卡,3,90
hd0_ep20_dg00_st01.sstg,ep20_dg01_m_185_03.mmo,13000312,B02*天空之翼,图片卡,5,50
hd0_ep20_dg00_st01.sstg,ep20_dg01_m_185_03.mmo,12000005,炮弹型 SP +5,SP卡,5,50
hd0_ep20_dg00_st01.sstg,ep20_dg01_m_185_02.mmo,13000312,B02*天空之翼,图片卡,5,50
hd0_ep20_dg00_st01.sstg,ep20_dg01_m_185_02.mmo,12000005,炮弹型 SP +5,SP卡,5,50
hd0_ep20_dg00_st01.sstg,ep20_dg01_m_185_01.mmo,13000312,B02*天空之翼,图片卡,5,50
hd0_ep20_dg00_st01.sstg,ep20_dg01_m_185_01.mmo,12000005,炮弹型 SP +5,SP卡,5,50
hd0_ep20_dg00_st01.sstg,ep20_dg01_m_185_00.mmo,13000312,B02*天空之翼,图片卡,5,50
hd0_ep20_dg00_st01.sstg,ep20_dg01_m_185_00.mmo,12000005,炮弹型 SP +5,SP卡,5,50
hd0_ep20_dg00_st01.sstg,ep20_dg01_m_184_03.mmo,13000316,B06*食物卡片,图片卡,5,50
hd0_ep20_dg00_st01.sstg,ep20_dg01_m_184_03.mmo,13000310,C20*食物卡片,图片卡,5,50
hd0_ep20_dg00_st01.sstg,ep20_dg01_m_184_02.mmo,13000316,B06*食物卡片,图片卡,5,50
hd0_ep20_dg00_st01.sstg,ep20_dg01_m_184_02.mmo,13000310,C20*食物卡片,图片卡,5,50
hd0_ep20_dg00_st01.sstg,ep20_dg01_m_184_01.mmo,13000316,B06*食物卡片,图片卡,5,50
hd0_ep20_dg00_st01.sstg,ep20_dg01_m_184_01.mmo,13000310,C20*食物卡片,图片卡,5,50
hd0_ep20_dg00_st01.sstg,ep20_dg01_m_184_00.mmo,13000316,B06*食物卡片,图片卡,5,50
hd0_ep20_dg00_st01.sstg,ep20_dg01_m_184_00.mmo,13000310,C20*食物卡片,图片卡,5,50
hd0_ep20_dg00_st01.sstg,ep20_dg01_m_183_03.mmo,13000312,B02*天空之翼,图片卡,5,100
hd0_ep20_dg00_st01.sstg,ep20_dg01_m_183_02.mmo,13000312,B02*天空之翼,图片卡,5,100
hd0_ep20_dg00_st01.sstg,ep20_dg01_m_183_01.mmo,13000312,B02*天空之翼,图片卡,5,100
hd0_ep20_dg00_st01.sstg,ep20_dg01_m_183_00.mmo,13000312,B02*天空之翼,图片卡,5,100
hd0_ep20_dg00_st01.sstg,ep20_dg01_M_00.mmo,22000012,幸运卡片B,特殊卡,100,33
hd0_ep20_dg00_st01.sstg,ep20_dg01_M_00.mmo,22000013,幸运卡片C,特殊卡,100,33
hd0_ep20_dg00_st01.sstg,ep20_dg01_M_00.mmo,22000014,幸运卡片D,特殊卡,100,34
hd0_ep20_dg00_st00.sstg,ep20_dg00_mb_182_02.mmo,12000009,炮弹型 SP +9,SP卡,8,100
hd0_ep20_dg00_st00.sstg,ep20_dg00_mb_182_02.mmo,13000310,C20*食物卡片,图片卡,5,50
hd0_ep20_dg00_st00.sstg,ep20_dg00_mb_182_02.mmo,12000015,肉弹型 SP +5,SP卡,5,50
hd0_ep20_dg00_st00.sstg,ep20_dg00_mb_182_01.mmo,12000009,炮弹型 SP +9,SP卡,8,100
hd0_ep20_dg00_st00.sstg,ep20_dg00_mb_182_01.mmo,13000310,C20*食物卡片,图片卡,5,50
hd0_ep20_dg00_st00.sstg,ep20_dg00_mb_182_01.mmo,12000015,肉弹型 SP +5,SP卡,5,50
hd0_ep20_dg00_st00.sstg,ep20_dg00_mb_182_00.mmo,12000009,炮弹型 SP +9,SP卡,8,100
hd0_ep20_dg00_st00.sstg,ep20_dg00_mb_182_00.mmo,13000310,C20*食物卡片,图片卡,5,50
hd0_ep20_dg00_st00.sstg,ep20_dg00_mb_182_00.mmo,12000015,肉弹型 SP +5,SP卡,5,50
hd0_ep20_dg00_st00.sstg,ep20_dg00_mb_181_02.mmo,13000302,C12*装饰卡片,图片卡,3,100
hd0_ep20_dg00_st00.sstg,ep20_dg00_mb_181_01.mmo,13000302,C12*装饰卡片,图片卡,3,100
hd0_ep20_dg00_st00.sstg,ep20_dg00_mb_181_00.mmo,13000302,C12*装饰卡片,图片卡,3,100
hd0_ep20_dg00_st00.sstg,ep20_dg00_mb_180_02.mmo,13000301,C11*能力宝石,图片卡,3,10
hd0_ep20_dg00_st00.sstg,ep20_dg00_mb_180_02.mmo,13000300,C10*装饰卡片,图片卡,3,90
hd0_ep20_dg00_st00.sstg,ep20_dg00_mb_180_01.mmo,13000301,C11*能力宝石,图片卡,3,10
hd0_ep20_dg00_st00.sstg,ep20_dg00_mb_180_01.mmo,13000300,C10*装饰卡片,图片卡,3,90
hd0_ep20_dg00_st00.sstg,ep20_dg00_mb_180_00.mmo,13000301,C11*能力宝石,图片卡,3,10
hd0_ep20_dg00_st00.sstg,ep20_dg00_mb_180_00.mmo,13000300,C10*装饰卡片,图片卡,3,90
hd0_ep20_dg00_st00.sstg,ep20_dg00_m_182_03.mmo,13000310,C20*食物卡片,图片卡,5,50
hd0_ep20_dg00_st00.sstg,ep20_dg00_m_182_03.mmo,12000015,肉弹型 SP +5,SP卡,5,50
hd0_ep20_dg00_st00.sstg,ep20_dg00_m_182_02.mmo,13000310,C20*食物卡片,图片卡,5,50
hd0_ep20_dg00_st00.sstg,ep20_dg00_m_182_02.mmo,12000015,肉弹型 SP +5,SP卡,5,50
hd0_ep20_dg00_st00.sstg,ep20_dg00_m_182_01.mmo,13000310,C20*食物卡片,图片卡,5,50
hd0_ep20_dg00_st00.sstg,ep20_dg00_m_182_01.mmo,12000015,肉弹型 SP +5,SP卡,5,50
hd0_ep20_dg00_st00.sstg,ep20_dg00_m_182_00.mmo,13000310,C20*食物卡片,图片卡,5,50
hd0_ep20_dg00_st00.sstg,ep20_dg00_m_182_00.mmo,12000015,肉弹型 SP +5,SP卡,5,50
hd0_ep20_dg00_st00.sstg,ep20_dg00_m_181_03.mmo,13000311,B01*天空之翼,图片卡,5,100
hd0_ep20_dg00_st00.sstg,ep20_dg00_m_181_02.mmo,13000311,B01*天空之翼,图片卡,5,100
hd0_ep20_dg00_st00.sstg,ep20_dg00_m_181_01.mmo,13000311,B01*天空之翼,图片卡,5,100
hd0_ep20_dg00_st00.sstg,ep20_dg00_m_181_00.mmo,13000311,B01*天空之翼,图片卡,5,100
hd0_ep20_dg00_st00.sstg,ep20_dg00_m_180_03.mmo,13000310,C20*食物卡片,图片卡,5,50
hd0_ep20_dg00_st00.sstg,ep20_dg00_m_180_03.mmo,13000311,B01*天空之翼,图片卡,5,50
hd0_ep20_dg00_st00.sstg,ep20_dg00_m_180_02.mmo,13000310,C20*食物卡片,图片卡,5,50
hd0_ep20_dg00_st00.sstg,ep20_dg00_m_180_02.mmo,13000311,B01*天空之翼,图片卡,5,50
hd0_ep20_dg00_st00.sstg,ep20_dg00_m_180_01.mmo,13000310,C20*食物卡片,图片卡,5,50
hd0_ep20_dg00_st00.sstg,ep20_dg00_m_180_01.mmo,13000311,B01*天空之翼,图片卡,5,50
hd0_ep20_dg00_st00.sstg,ep20_dg00_m_180_00.mmo,13000310,C20*食物卡片,图片卡,5,50
hd0_ep20_dg00_st00.sstg,ep20_dg00_m_180_00.mmo,13000311,B01*天空之翼,图片卡,5,50
hd0_ep20_dg00_st00.sstg,ep20_dg00_M_00.mmo,22000011,幸运卡片A,特殊卡,100,33
hd0_ep20_dg00_st00.sstg,ep20_dg00_M_00.mmo,22000012,幸运卡片B,特殊卡,100,33
hd0_ep20_dg00_st00.sstg,ep20_dg00_M_00.mmo,22000013,幸运卡片C,特殊卡,100,34
hd0_ep20_dg00_st01.sstg,ep20_bbm_00.bmo,12000019,肉弹型 SP +9,SP卡,10,100
hd0_ep19_dg00_st00.sstg;hd0_ep19_dg00_st01.sstg,ep19_mb_T_00.mmo,22000015,幸运卡片E,特殊卡,100,100
hd0_ep19_dg00_st00.sstg;hd0_ep19_dg00_st01.sstg,ep19_mb_R_00.mmo,22000017,幸运卡片G,特殊卡,100,100
hd0_ep19_dg00_st00.sstg;hd0_ep19_dg00_st01.sstg,ep19_mb_C_woman.mmo,22000016,幸运卡片F,特殊卡,100,100
hd0_ep19_dg00_st00.sstg;hd0_ep19_dg00_st01.sstg,ep19_mb_C_man.mmo,22000016,幸运卡片F,特殊卡,100,100
hd0_ep19_dg00_st00.sstg,ep19_ending00.bmo,13000290,G20*食物卡片,图片卡,3,95
hd0_ep19_dg00_st00.sstg,ep19_ending00.bmo,13000277,G07*能力宝石,图片卡,3,3
hd0_ep19_dg00_st00.sstg,ep19_ending00.bmo,13000280,G10*能力宝石,图片卡,3,2
hd0_ep19_dg00_st01.sstg,ep19_dg01_mb_179_02.mmo,13000298,C08*属性宝石,图片卡,3,10
hd0_ep19_dg00_st01.sstg,ep19_dg01_mb_179_02.mmo,13000296,C06*食物卡片,图片卡,3,90
hd0_ep19_dg00_st01.sstg,ep19_dg01_mb_179_01.mmo,13000298,C08*属性宝石,图片卡,3,10
hd0_ep19_dg00_st01.sstg,ep19_dg01_mb_179_01.mmo,13000296,C06*食物卡片,图片卡,3,90
hd0_ep19_dg00_st01.sstg,ep19_dg01_mb_179_00.mmo,13000298,C08*属性宝石,图片卡,3,10
hd0_ep19_dg00_st01.sstg,ep19_dg01_mb_179_00.mmo,13000296,C06*食物卡片,图片卡,3,90
hd0_ep19_dg00_st01.sstg,ep19_dg01_mb_178_02.mmo,13000290,G20*食物卡片,图片卡,3,100
hd0_ep19_dg00_st01.sstg,ep19_dg01_mb_178_01.mmo,13000290,G20*食物卡片,图片卡,3,100
hd0_ep19_dg00_st01.sstg,ep19_dg01_mb_178_00.mmo,13000290,G20*食物卡片,图片卡,3,100
hd0_ep19_dg00_st01.sstg,ep19_dg01_mb_177_02.mmo,13000299,C09*装饰卡片,图片卡,3,10
hd0_ep19_dg00_st01.sstg,ep19_dg01_mb_177_02.mmo,13000300,C10*装饰卡片,图片卡,3,90
hd0_ep19_dg00_st01.sstg,ep19_dg01_mb_177_01.mmo,13000299,C09*装饰卡片,图片卡,3,10
hd0_ep19_dg00_st01.sstg,ep19_dg01_mb_177_01.mmo,13000300,C10*装饰卡片,图片卡,3,90
hd0_ep19_dg00_st01.sstg,ep19_dg01_mb_177_00.mmo,13000299,C09*装饰卡片,图片卡,3,10
hd0_ep19_dg00_st01.sstg,ep19_dg01_mb_177_00.mmo,13000300,C10*装饰卡片,图片卡,3,90
hd0_ep19_dg00_st01.sstg,ep19_dg01_m_179_03.mmo,13000296,C06*食物卡片,图片卡,5,100
hd0_ep19_dg00_st01.sstg,ep19_dg01_m_179_02.mmo,13000296,C06*食物卡片,图片卡,5,100
hd0_ep19_dg00_st01.sstg,ep19_dg01_m_179_01.mmo,13000296,C06*食物卡片,图片卡,5,100
hd0_ep19_dg00_st01.sstg,ep19_dg01_m_179_00.mmo,13000296,C06*食物卡片,图片卡,5,100
hd0_ep19_dg00_st01.sstg,ep19_dg01_m_178_03.mmo,13000296,C06*食物卡片,图片卡,5,50
hd0_ep19_dg00_st01.sstg,ep19_dg01_m_178_03.mmo,12000016,肉弹型 SP +6,SP卡,5,50
hd0_ep19_dg00_st01.sstg,ep19_dg01_m_178_02.mmo,13000296,C06*食物卡片,图片卡,5,50
hd0_ep19_dg00_st01.sstg,ep19_dg01_m_178_02.mmo,12000016,肉弹型 SP +6,SP卡,5,50
hd0_ep19_dg00_st01.sstg,ep19_dg01_m_178_01.mmo,13000296,C06*食物卡片,图片卡,5,50
hd0_ep19_dg00_st01.sstg,ep19_dg01_m_178_01.mmo,12000016,肉弹型 SP +6,SP卡,5,50
hd0_ep19_dg00_st01.sstg,ep19_dg01_m_178_00.mmo,13000296,C06*食物卡片,图片卡,5,50
hd0_ep19_dg00_st01.sstg,ep19_dg01_m_178_00.mmo,12000016,肉弹型 SP +6,SP卡,5,50
hd0_ep19_dg00_st01.sstg,ep19_dg01_m_177_03.mmo,13000292,C02*天空之翼,图片卡,5,100
hd0_ep19_dg00_st01.sstg,ep19_dg01_m_177_02.mmo,13000292,C02*天空之翼,图片卡,5,100
hd0_ep19_dg00_st01.sstg,ep19_dg01_m_177_01.mmo,13000292,C02*天空之翼,图片卡,5,100
hd0_ep19_dg00_st01.sstg,ep19_dg01_m_177_00.mmo,13000292,C02*天空之翼,图片卡,5,100
hd0_ep19_dg00_st01.sstg,ep19_dg01_M_00.mmo,22000012,幸运卡片B,特殊卡,100,33
hd0_ep19_dg00_st01.sstg,ep19_dg01_M_00.mmo,22000013,幸运卡片C,特殊卡,100,33
hd0_ep19_dg00_st01.sstg,ep19_dg01_M_00.mmo,22000014,幸运卡片D,特殊卡,100,34
hd0_ep19_dg00_st00.sstg,ep19_dg00_mb_176_02.mmo,12000010,炮弹型 SP +10,SP卡,7,100
hd0_ep19_dg00_st00.sstg,ep19_dg00_mb_176_01.mmo,12000010,炮弹型 SP +10,SP卡,7,100
hd0_ep19_dg00_st00.sstg,ep19_dg00_mb_176_00.mmo,12000010,炮弹型 SP +10,SP卡,7,100
hd0_ep19_dg00_st00.sstg,ep19_dg00_mb_175_02.mmo,13000297,C07*NaNa秀卡片,图片卡,3,100
hd0_ep19_dg00_st00.sstg,ep19_dg00_mb_175_01.mmo,13000297,C07*NaNa秀卡片,图片卡,3,100
hd0_ep19_dg00_st00.sstg,ep19_dg00_mb_175_00.mmo,13000297,C07*NaNa秀卡片,图片卡,3,100
hd0_ep19_dg00_st00.sstg,ep19_dg00_mb_174_02.mmo,13000282,G12*装饰卡片,图片卡,3,10
hd0_ep19_dg00_st00.sstg,ep19_dg00_mb_174_02.mmo,13000295,C05*能力宝石,图片卡,3,90
hd0_ep19_dg00_st00.sstg,ep19_dg00_mb_174_01.mmo,13000282,G12*装饰卡片,图片卡,3,10
hd0_ep19_dg00_st00.sstg,ep19_dg00_mb_174_01.mmo,13000295,C05*能力宝石,图片卡,3,90
hd0_ep19_dg00_st00.sstg,ep19_dg00_mb_174_00.mmo,13000282,G12*装饰卡片,图片卡,3,10
hd0_ep19_dg00_st00.sstg,ep19_dg00_mb_174_00.mmo,13000295,C05*能力宝石,图片卡,3,90
hd0_ep19_dg00_st00.sstg,ep19_dg00_m_176_03.mmo,13000276,G06*食物卡片,图片卡,5,50
hd0_ep19_dg00_st00.sstg,ep19_dg00_m_176_03.mmo,12000006,炮弹型 SP +6,SP卡,5,50
hd0_ep19_dg00_st00.sstg,ep19_dg00_m_176_02.mmo,13000276,G06*食物卡片,图片卡,5,50
hd0_ep19_dg00_st00.sstg,ep19_dg00_m_176_02.mmo,12000006,炮弹型 SP +6,SP卡,5,50
hd0_ep19_dg00_st00.sstg,ep19_dg00_m_176_01.mmo,13000276,G06*食物卡片,图片卡,5,50
hd0_ep19_dg00_st00.sstg,ep19_dg00_m_176_01.mmo,12000006,炮弹型 SP +6,SP卡,5,50
hd0_ep19_dg00_st00.sstg,ep19_dg00_m_176_00.mmo,13000276,G06*食物卡片,图片卡,5,50
hd0_ep19_dg00_st00.sstg,ep19_dg00_m_176_00.mmo,12000006,炮弹型 SP +6,SP卡,5,50
hd0_ep19_dg00_st00.sstg,ep19_dg00_m_175_03.mmo,13000291,C01*天空之翼,图片卡,5,100
hd0_ep19_dg00_st00.sstg,ep19_dg00_m_175_02.mmo,13000291,C01*天空之翼,图片卡,5,100
hd0_ep19_dg00_st00.sstg,ep19_dg00_m_175_01.mmo,13000291,C01*天空之翼,图片卡,5,100
hd0_ep19_dg00_st00.sstg,ep19_dg00_m_175_00.mmo,13000291,C01*天空之翼,图片卡,5,100
hd0_ep19_dg00_st00.sstg,ep19_dg00_m_174_03.mmo,13000276,G06*食物卡片,图片卡,5,100
hd0_ep19_dg00_st00.sstg,ep19_dg00_m_174_02.mmo,13000276,G06*食物卡片,图片卡,5,100
hd0_ep19_dg00_st00.sstg,ep19_dg00_m_174_01.mmo,13000276,G06*食物卡片,图片卡,5,100
hd0_ep19_dg00_st00.sstg,ep19_dg00_m_174_00.mmo,13000276,G06*食物卡片,图片卡,5,100
hd0_ep19_dg00_st00.sstg,ep19_dg00_M_00.mmo,22000011,幸运卡片A,特殊卡,100,33
hd0_ep19_dg00_st00.sstg,ep19_dg00_M_00.mmo,22000012,幸运卡片B,特殊卡,100,33
hd0_ep19_dg00_st00.sstg,ep19_dg00_M_00.mmo,22000013,幸运卡片C,特殊卡,100,34
hd0_ep19_dg00_st01.sstg,ep19_bbm_00.bmo,12000020,肉弹型 SP +10,SP卡,10,100
hd0_ep18_dg00_st00.sstg;hd0_ep18_dg00_st01.sstg,ep18_mb_T_00.mmo,22000015,幸运卡片E,特殊卡,100,100
hd0_ep18_dg00_st00.sstg;hd0_ep18_dg00_st01.sstg,ep18_mb_R_00.mmo,22000017,幸运卡片G,特殊卡,100,100
hd0_ep18_dg00_st00.sstg;hd0_ep18_dg00_st01.sstg,ep18_mb_C_woman.mmo,22000016,幸运卡片F,特殊卡,100,100
hd0_ep18_dg00_st00.sstg;hd0_ep18_dg00_st01.sstg,ep18_mb_C_man.mmo,22000016,幸运卡片F,特殊卡,100,100
hd0_ep18_dg00_st00.sstg,ep18_ending00.bmo,13000275,G05*能力宝石,图片卡,3,95
hd0_ep18_dg00_st00.sstg,ep18_ending00.bmo,13000255,Y05*能力宝石,图片卡,3,3
hd0_ep18_dg00_st00.sstg,ep18_ending00.bmo,13000260,Y10*能力宝石,图片卡,3,2
hd0_ep18_dg00_st01.sstg,ep18_dg01_mb_173_02.mmo,13000277,G07*能力宝石,图片卡,3,10
hd0_ep18_dg00_st01.sstg,ep18_dg01_mb_173_02.mmo,13000274,G04*能力宝石,图片卡,3,90
hd0_ep18_dg00_st01.sstg,ep18_dg01_mb_173_01.mmo,13000277,G07*能力宝石,图片卡,3,10
hd0_ep18_dg00_st01.sstg,ep18_dg01_mb_173_01.mmo,13000274,G04*能力宝石,图片卡,3,90
hd0_ep18_dg00_st01.sstg,ep18_dg01_mb_173_00.mmo,13000277,G07*能力宝石,图片卡,3,10
hd0_ep18_dg00_st01.sstg,ep18_dg01_mb_173_00.mmo,13000274,G04*能力宝石,图片卡,3,90
hd0_ep18_dg00_st01.sstg,ep18_dg01_mb_172_02.mmo,13000290,G20*食物卡片,图片卡,3,100
hd0_ep18_dg00_st01.sstg,ep18_dg01_mb_172_01.mmo,13000290,G20*食物卡片,图片卡,3,100
hd0_ep18_dg00_st01.sstg,ep18_dg01_mb_172_00.mmo,13000290,G20*食物卡片,图片卡,3,100
hd0_ep18_dg00_st01.sstg,ep18_dg01_mb_171_02.mmo,13000280,G10*能力宝石,图片卡,3,10
hd0_ep18_dg00_st01.sstg,ep18_dg01_mb_171_02.mmo,13000293,C03*能力宝石,图片卡,3,90
hd0_ep18_dg00_st01.sstg,ep18_dg01_mb_171_01.mmo,13000280,G10*能力宝石,图片卡,3,10
hd0_ep18_dg00_st01.sstg,ep18_dg01_mb_171_01.mmo,13000293,C03*能力宝石,图片卡,3,90
hd0_ep18_dg00_st01.sstg,ep18_dg01_mb_171_00.mmo,13000280,G10*能力宝石,图片卡,3,10
hd0_ep18_dg00_st01.sstg,ep18_dg01_mb_171_00.mmo,13000293,C03*能力宝石,图片卡,3,90
hd0_ep18_dg00_st01.sstg,ep18_dg01_m_173_03.mmo,13000270,Y20*食物卡片,图片卡,5,50
hd0_ep18_dg00_st01.sstg,ep18_dg01_m_173_03.mmo,12000015,肉弹型 SP +5,SP卡,5,50
hd0_ep18_dg00_st01.sstg,ep18_dg01_m_173_02.mmo,13000270,Y20*食物卡片,图片卡,5,50
hd0_ep18_dg00_st01.sstg,ep18_dg01_m_173_02.mmo,12000015,肉弹型 SP +5,SP卡,5,50
hd0_ep18_dg00_st01.sstg,ep18_dg01_m_173_01.mmo,13000270,Y20*食物卡片,图片卡,5,50
hd0_ep18_dg00_st01.sstg,ep18_dg01_m_173_01.mmo,12000015,肉弹型 SP +5,SP卡,5,50
hd0_ep18_dg00_st01.sstg,ep18_dg01_m_173_00.mmo,13000270,Y20*食物卡片,图片卡,5,50
hd0_ep18_dg00_st01.sstg,ep18_dg01_m_173_00.mmo,12000015,肉弹型 SP +5,SP卡,5,50
hd0_ep18_dg00_st01.sstg,ep18_dg01_m_172_03.mmo,13000272,G02*天空之翼,图片卡,5,100
hd0_ep18_dg00_st01.sstg,ep18_dg01_m_172_02.mmo,13000272,G02*天空之翼,图片卡,5,100
hd0_ep18_dg00_st01.sstg,ep18_dg01_m_172_01.mmo,13000272,G02*天空之翼,图片卡,5,100
hd0_ep18_dg00_st01.sstg,ep18_dg01_m_172_00.mmo,13000272,G02*天空之翼,图片卡,5,100
hd0_ep18_dg00_st01.sstg,ep18_dg01_m_171_03.mmo,13000271,G01*天空之翼,图片卡,5,100
hd0_ep18_dg00_st01.sstg,ep18_dg01_m_171_02.mmo,13000271,G01*天空之翼,图片卡,5,100
hd0_ep18_dg00_st01.sstg,ep18_dg01_m_171_01.mmo,13000271,G01*天空之翼,图片卡,5,100
hd0_ep18_dg00_st01.sstg,ep18_dg01_m_171_00.mmo,13000271,G01*天空之翼,图片卡,5,100
hd0_ep18_dg00_st01.sstg,ep18_dg01_M_00.mmo,22000012,幸运卡片B,特殊卡,100,33
hd0_ep18_dg00_st01.sstg,ep18_dg01_M_00.mmo,22000013,幸运卡片C,特殊卡,100,33
hd0_ep18_dg00_st01.sstg,ep18_dg01_M_00.mmo,22000014,幸运卡片D,特殊卡,100,34
hd0_ep18_dg00_st00.sstg,ep18_dg00_mb_170_02.mmo,12000009,炮弹型 SP +9,SP卡,7,100
hd0_ep18_dg00_st00.sstg,ep18_dg00_mb_170_01.mmo,12000009,炮弹型 SP +9,SP卡,7,100
hd0_ep18_dg00_st00.sstg,ep18_dg00_mb_170_00.mmo,12000009,炮弹型 SP +9,SP卡,7,100
hd0_ep18_dg00_st00.sstg,ep18_dg00_mb_169_02.mmo,13000275,G05*能力宝石,图片卡,3,100
hd0_ep18_dg00_st00.sstg,ep18_dg00_mb_169_01.mmo,13000275,G05*能力宝石,图片卡,3,100
hd0_ep18_dg00_st00.sstg,ep18_dg00_mb_169_00.mmo,13000275,G05*能力宝石,图片卡,3,100
hd0_ep18_dg00_st00.sstg,ep18_dg00_mb_168_02.mmo,13000260,Y10*能力宝石,图片卡,3,10
hd0_ep18_dg00_st00.sstg,ep18_dg00_mb_168_02.mmo,13000263,Y13*NaNa秀卡片,图片卡,3,90
hd0_ep18_dg00_st00.sstg,ep18_dg00_mb_168_01.mmo,13000260,Y10*能力宝石,图片卡,3,10
hd0_ep18_dg00_st00.sstg,ep18_dg00_mb_168_01.mmo,13000263,Y13*NaNa秀卡片,图片卡,3,90
hd0_ep18_dg00_st00.sstg,ep18_dg00_mb_168_00.mmo,13000260,Y10*能力宝石,图片卡,3,10
hd0_ep18_dg00_st00.sstg,ep18_dg00_mb_168_00.mmo,13000263,Y13*NaNa秀卡片,图片卡,3,90
hd0_ep18_dg00_st00.sstg,ep18_dg00_m_170_03.mmo,13000270,Y20*食物卡片,图片卡,5,100
hd0_ep18_dg00_st00.sstg,ep18_dg00_m_170_02.mmo,13000270,Y20*食物卡片,图片卡,5,100
hd0_ep18_dg00_st00.sstg,ep18_dg00_m_170_01.mmo,13000270,Y20*食物卡片,图片卡,5,100
hd0_ep18_dg00_st00.sstg,ep18_dg00_m_170_00.mmo,13000270,Y20*食物卡片,图片卡,5,100
hd0_ep18_dg00_st00.sstg,ep18_dg00_m_169_03.mmo,13000256,Y06*食物卡片,图片卡,5,50
hd0_ep18_dg00_st00.sstg,ep18_dg00_m_169_03.mmo,12000005,炮弹型 SP +5,SP卡,5,50
hd0_ep18_dg00_st00.sstg,ep18_dg00_m_169_02.mmo,13000256,Y06*食物卡片,图片卡,5,50
hd0_ep18_dg00_st00.sstg,ep18_dg00_m_169_02.mmo,12000005,炮弹型 SP +5,SP卡,5,50
hd0_ep18_dg00_st00.sstg,ep18_dg00_m_169_01.mmo,13000256,Y06*食物卡片,图片卡,5,50
hd0_ep18_dg00_st00.sstg,ep18_dg00_m_169_01.mmo,12000005,炮弹型 SP +5,SP卡,5,50
hd0_ep18_dg00_st00.sstg,ep18_dg00_m_169_00.mmo,13000256,Y06*食物卡片,图片卡,5,50
hd0_ep18_dg00_st00.sstg,ep18_dg00_m_169_00.mmo,12000005,炮弹型 SP +5,SP卡,5,50
hd0_ep18_dg00_st00.sstg,ep18_dg00_m_168_03.mmo,13000256,Y06*食物卡片,图片卡,5,100
hd0_ep18_dg00_st00.sstg,ep18_dg00_m_168_02.mmo,13000256,Y06*食物卡片,图片卡,5,100
hd0_ep18_dg00_st00.sstg,ep18_dg00_m_168_01.mmo,13000256,Y06*食物卡片,图片卡,5,100
hd0_ep18_dg00_st00.sstg,ep18_dg00_m_168_00.mmo,13000256,Y06*食物卡片,图片卡,5,100
hd0_ep18_dg00_st00.sstg,ep18_dg00_M_00.mmo,22000011,幸运卡片A,特殊卡,100,33
hd0_ep18_dg00_st00.sstg,ep18_dg00_M_00.mmo,22000012,幸运卡片B,特殊卡,100,33
hd0_ep18_dg00_st00.sstg,ep18_dg00_M_00.mmo,22000013,幸运卡片C,特殊卡,100,34
hd0_ep18_dg00_st01.sstg,ep18_bbm_00.bmo,12000019,肉弹型 SP +9,SP卡,10,100
hd0_ep17_dg00_st00.sstg;hd0_ep17_dg00_st01.sstg,ep17_mb_T_00.mmo,22000015,幸运卡片E,特殊卡,100,100
hd0_ep17_dg00_st00.sstg;hd0_ep17_dg00_st01.sstg,ep17_mb_R_00.mmo,22000017,幸运卡片G,特殊卡,100,100
hd0_ep17_dg00_st00.sstg;hd0_ep17_dg00_st01.sstg,ep17_mb_C_woman.mmo,22000016,幸运卡片F,特殊卡,100,100
hd0_ep17_dg00_st00.sstg;hd0_ep17_dg00_st01.sstg,ep17_mb_C_man.mmo,22000016,幸运卡片F,特殊卡,100,100
hd0_ep17_dg00_st00.sstg,ep17_ending_00.bmo,12000017,肉弹型 SP +7,SP卡,10,100
hd0_ep17_dg00_st01.sstg,ep17_dg01_mb_167_02.mmo,13000257,Y07*装饰卡片,图片卡,3,100
hd0_ep17_dg00_st01.sstg,ep17_dg01_mb_167_01.mmo,13000257,Y07*装饰卡片,图片卡,3,100
hd0_ep17_dg00_st01.sstg,ep17_dg01_mb_167_00.mmo,13000257,Y07*装饰卡片,图片卡,3,100
hd0_ep17_dg00_st01.sstg,ep17_dg01_mb_166_01.mmo,12000018,肉弹型 SP +8,SP卡,10,100
hd0_ep17_dg00_st01.sstg,ep17_dg01_mb_166_00.mmo,12000018,肉弹型 SP +8,SP卡,10,100
hd0_ep17_dg00_st01.sstg,ep17_dg01_mb_165_00.mmo,13000255,Y05*能力宝石,图片卡,3,10
hd0_ep17_dg00_st01.sstg,ep17_dg01_mb_165_00.mmo,13000261,Y11*能力宝石,图片卡,3,90
hd0_ep17_dg00_st01.sstg,ep17_dg01_m_167_03.mmo,13000252,Y02*天空之翼,图片卡,5,100
hd0_ep17_dg00_st01.sstg,ep17_dg01_m_167_02.mmo,13000252,Y02*天空之翼,图片卡,5,100
hd0_ep17_dg00_st01.sstg,ep17_dg01_m_167_01.mmo,13000252,Y02*天空之翼,图片卡,5,100
hd0_ep17_dg00_st01.sstg,ep17_dg01_m_167_00.mmo,13000252,Y02*天空之翼,图片卡,5,100
hd0_ep17_dg00_st01.sstg,ep17_dg01_m_166_03.mmo,13000252,Y02*天空之翼,图片卡,5,50
hd0_ep17_dg00_st01.sstg,ep17_dg01_m_166_03.mmo,12000014,肉弹型 SP +4,SP卡,5,50
hd0_ep17_dg00_st01.sstg,ep17_dg01_m_166_02.mmo,13000252,Y02*天空之翼,图片卡,5,50
hd0_ep17_dg00_st01.sstg,ep17_dg01_m_166_02.mmo,12000014,肉弹型 SP +4,SP卡,5,50
hd0_ep17_dg00_st01.sstg,ep17_dg01_m_166_01.mmo,13000252,Y02*天空之翼,图片卡,5,50
hd0_ep17_dg00_st01.sstg,ep17_dg01_m_166_01.mmo,12000014,肉弹型 SP +4,SP卡,5,50
hd0_ep17_dg00_st01.sstg,ep17_dg01_m_166_00.mmo,13000252,Y02*天空之翼,图片卡,5,50
hd0_ep17_dg00_st01.sstg,ep17_dg01_m_166_00.mmo,12000014,肉弹型 SP +4,SP卡,5,50
hd0_ep17_dg00_st01.sstg,ep17_dg01_m_165_03_02.mmo,13000251,Y01*天空之翼,图片卡,5,100
hd0_ep17_dg00_st01.sstg,ep17_dg01_m_165_03_01.mmo,13000251,Y01*天空之翼,图片卡,5,100
hd0_ep17_dg00_st01.sstg,ep17_dg01_m_165_03_00.mmo,13000251,Y01*天空之翼,图片卡,5,100
hd0_ep17_dg00_st01.sstg,ep17_dg01_m_165_02.mmo,13000251,Y01*天空之翼,图片卡,5,100
hd0_ep17_dg00_st01.sstg,ep17_dg01_m_165_01.mmo,13000251,Y01*天空之翼,图片卡,5,100
hd0_ep17_dg00_st00.sstg,ep17_dg00_mb_164_02.mmo,13000233,O03*装饰卡片,图片卡,3,10
hd0_ep17_dg00_st00.sstg,ep17_dg00_mb_164_02.mmo,13000258,Y08*能力宝石,图片卡,3,90
hd0_ep17_dg00_st00.sstg,ep17_dg00_mb_164_01.mmo,13000233,O03*装饰卡片,图片卡,3,10
hd0_ep17_dg00_st00.sstg,ep17_dg00_mb_164_01.mmo,13000258,Y08*能力宝石,图片卡,3,90
hd0_ep17_dg00_st00.sstg,ep17_dg00_mb_164_00.mmo,13000233,O03*装饰卡片,图片卡,3,10
hd0_ep17_dg00_st00.sstg,ep17_dg00_mb_164_00.mmo,13000258,Y08*能力宝石,图片卡,3,90
hd0_ep17_dg00_st00.sstg,ep17_dg00_mb_163_02.mmo,13000237,O07*能力宝石,图片卡,3,10
hd0_ep17_dg00_st00.sstg,ep17_dg00_mb_163_02.mmo,13000243,O13*NaNa秀卡片,图片卡,3,90
hd0_ep17_dg00_st00.sstg,ep17_dg00_mb_163_01.mmo,13000237,O07*能力宝石,图片卡,3,10
hd0_ep17_dg00_st00.sstg,ep17_dg00_mb_163_01.mmo,13000243,O13*NaNa秀卡片,图片卡,3,90
hd0_ep17_dg00_st00.sstg,ep17_dg00_mb_163_00.mmo,13000237,O07*能力宝石,图片卡,3,10
hd0_ep17_dg00_st00.sstg,ep17_dg00_mb_163_00.mmo,13000243,O13*NaNa秀卡片,图片卡,3,90
hd0_ep17_dg00_st00.sstg,ep17_dg00_mb_162_02.mmo,13000253,Y03*NaNa秀卡片,图片卡,3,10
hd0_ep17_dg00_st00.sstg,ep17_dg00_mb_162_02.mmo,13000223,R13*NaNa秀卡片,图片卡,3,90
hd0_ep17_dg00_st00.sstg,ep17_dg00_mb_162_01.mmo,13000253,Y03*NaNa秀卡片,图片卡,3,10
hd0_ep17_dg00_st00.sstg,ep17_dg00_mb_162_01.mmo,13000223,R13*NaNa秀卡片,图片卡,3,90
hd0_ep17_dg00_st00.sstg,ep17_dg00_mb_162_00.mmo,13000253,Y03*NaNa秀卡片,图片卡,3,10
hd0_ep17_dg00_st00.sstg,ep17_dg00_mb_162_00.mmo,13000223,R13*NaNa秀卡片,图片卡,3,90
hd0_ep17_dg00_st00.sstg,ep17_dg00_m_164_03.mmo,13000235,O05*天空之翼,图片卡,5,50
hd0_ep17_dg00_st00.sstg,ep17_dg00_m_164_03.mmo,12000004,炮弹型 SP +4,SP卡,5,50
hd0_ep17_dg00_st00.sstg,ep17_dg00_m_164_02.mmo,13000235,O05*天空之翼,图片卡,5,50
hd0_ep17_dg00_st00.sstg,ep17_dg00_m_164_02.mmo,12000004,炮弹型 SP +4,SP卡,5,50
hd0_ep17_dg00_st00.sstg,ep17_dg00_m_164_01.mmo,13000235,O05*天空之翼,图片卡,5,50
hd0_ep17_dg00_st00.sstg,ep17_dg00_m_164_01.mmo,12000004,炮弹型 SP +4,SP卡,5,50
hd0_ep17_dg00_st00.sstg,ep17_dg00_m_164_00.mmo,13000235,O05*天空之翼,图片卡,5,50
hd0_ep17_dg00_st00.sstg,ep17_dg00_m_164_00.mmo,12000004,炮弹型 SP +4,SP卡,5,50
hd0_ep17_dg00_st00.sstg,ep17_dg00_m_163_03.mmo,13000250,O20*食物卡片,图片卡,5,100
hd0_ep17_dg00_st00.sstg,ep17_dg00_m_163_02.mmo,13000250,O20*食物卡片,图片卡,5,100
hd0_ep17_dg00_st00.sstg,ep17_dg00_m_163_01.mmo,13000250,O20*食物卡片,图片卡,5,100
hd0_ep17_dg00_st00.sstg,ep17_dg00_m_163_00.mmo,13000250,O20*食物卡片,图片卡,5,100
hd0_ep17_dg00_st00.sstg,ep17_dg00_m_162_05.mmo,13000231,O01*天空之翼,图片卡,5,50
hd0_ep17_dg00_st00.sstg,ep17_dg00_m_162_05.mmo,13000235,O05*天空之翼,图片卡,5,50
hd0_ep17_dg00_st00.sstg,ep17_dg00_m_162_04.mmo,13000231,O01*天空之翼,图片卡,5,50
hd0_ep17_dg00_st00.sstg,ep17_dg00_m_162_04.mmo,13000235,O05*天空之翼,图片卡,5,50
hd0_ep17_dg00_st00.sstg,ep17_dg00_m_162_02.mmo,13000231,O01*天空之翼,图片卡,5,50
hd0_ep17_dg00_st00.sstg,ep17_dg00_m_162_02.mmo,13000235,O05*天空之翼,图片卡,5,50
hd0_ep17_dg00_st00.sstg,ep17_dg00_m_162_01.mmo,13000231,O01*天空之翼,图片卡,5,50
hd0_ep17_dg00_st00.sstg,ep17_dg00_m_162_01.mmo,13000235,O05*天空之翼,图片卡,5,50
hd0_ep17_dg00_st00.sstg,ep17_dg00_m_162_00.mmo,13000231,O01*天空之翼,图片卡,5,50
hd0_ep17_dg00_st00.sstg,ep17_dg00_m_162_00.mmo,13000235,O05*天空之翼,图片卡,5,50
hd0_ep17_dg00_st01.sstg,ep17_bbm_00.bmo,13000243,O13*NaNa秀卡片,图片卡,3,95
hd0_ep17_dg00_st01.sstg,ep17_bbm_00.bmo,13000220,R10*能力宝石,图片卡,3,3
hd0_ep17_dg00_st01.sstg,ep17_bbm_00.bmo,13000236,O06*属性宝石,图片卡,3,2
hd0_ep16_dg00_st00.sstg;hd0_ep16_dg00_st01.sstg,ep16_mb_T_00.mmo,22000015,幸运卡片E,特殊卡,100,100
hd0_ep16_dg00_st00.sstg;hd0_ep16_dg00_st01.sstg,ep16_mb_R_00.mmo,22000017,幸运卡片G,特殊卡,100,100
hd0_ep16_dg00_st00.sstg;hd0_ep16_dg00_st01.sstg,ep16_mb_C_woman.mmo,22000016,幸运卡片F,特殊卡,100,100
hd0_ep16_dg00_st00.sstg;hd0_ep16_dg00_st01.sstg,ep16_mb_C_man.mmo,22000016,幸运卡片F,特殊卡,100,100
hd0_ep16_dg00_st00.sstg,ep16_ending_00.bmo,13000219,R09*装饰卡片,图片卡,3,95
hd0_ep16_dg00_st00.sstg,ep16_ending_00.bmo,13000213,R03*NaNa秀卡片,图片卡,3,3
hd0_ep16_dg00_st00.sstg,ep16_ending_00.bmo,13000214,R04*属性宝石,图片卡,3,2
hd0_ep16_dg00_st01.sstg,ep16_dg01_mb_161_02.mmo,13000234,O04*能力宝石,图片卡,3,100
hd0_ep16_dg00_st01.sstg,ep16_dg01_mb_161_01.mmo,13000234,O04*能力宝石,图片卡,3,100
hd0_ep16_dg00_st01.sstg,ep16_dg01_mb_161_00.mmo,13000234,O04*能力宝石,图片卡,3,100
hd0_ep16_dg00_st01.sstg,ep16_dg01_mb_160_02.mmo,13000220,R10*能力宝石,图片卡,3,10
hd0_ep16_dg00_st01.sstg,ep16_dg01_mb_160_02.mmo,13000221,R11*能力宝石,图片卡,3,90
hd0_ep16_dg00_st01.sstg,ep16_dg01_mb_160_01.mmo,13000220,R10*能力宝石,图片卡,3,10
hd0_ep16_dg00_st01.sstg,ep16_dg01_mb_160_01.mmo,13000221,R11*能力宝石,图片卡,3,90
hd0_ep16_dg00_st01.sstg,ep16_dg01_mb_160_00.mmo,13000220,R10*能力宝石,图片卡,3,10
hd0_ep16_dg00_st01.sstg,ep16_dg01_mb_160_00.mmo,13000221,R11*能力宝石,图片卡,3,90
hd0_ep16_dg00_st01.sstg,ep16_dg01_mb_159_02.mmo,13000219,R09*装饰卡片,图片卡,3,100
hd0_ep16_dg00_st01.sstg,ep16_dg01_mb_159_01.mmo,13000219,R09*装饰卡片,图片卡,3,100
hd0_ep16_dg00_st01.sstg,ep16_dg01_mb_159_00.mmo,13000219,R09*装饰卡片,图片卡,3,100
hd0_ep16_dg00_st01.sstg,ep16_dg01_m_161_03.mmo,13000239,O09*食物卡片,图片卡,5,50
hd0_ep16_dg00_st01.sstg,ep16_dg01_m_161_03.mmo,12000013,肉弹型 SP +3,SP卡,5,50
hd0_ep16_dg00_st01.sstg,ep16_dg01_m_161_02.mmo,13000239,O09*食物卡片,图片卡,5,50
hd0_ep16_dg00_st01.sstg,ep16_dg01_m_161_02.mmo,12000013,肉弹型 SP +3,SP卡,5,50
hd0_ep16_dg00_st01.sstg,ep16_dg01_m_161_01.mmo,13000239,O09*食物卡片,图片卡,5,50
hd0_ep16_dg00_st01.sstg,ep16_dg01_m_161_01.mmo,12000013,肉弹型 SP +3,SP卡,5,50
hd0_ep16_dg00_st01.sstg,ep16_dg01_m_161_00.mmo,13000239,O09*食物卡片,图片卡,5,50
hd0_ep16_dg00_st01.sstg,ep16_dg01_m_161_00.mmo,12000013,肉弹型 SP +3,SP卡,5,50
hd0_ep16_dg00_st01.sstg,ep16_dg01_m_160_03.mmo,13000239,O09*食物卡片,图片卡,5,100
hd0_ep16_dg00_st01.sstg,ep16_dg01_m_160_02.mmo,13000239,O09*食物卡片,图片卡,5,100
hd0_ep16_dg00_st01.sstg,ep16_dg01_m_160_01.mmo,13000239,O09*食物卡片,图片卡,5,100
hd0_ep16_dg00_st01.sstg,ep16_dg01_m_160_00.mmo,13000239,O09*食物卡片,图片卡,5,100
hd0_ep16_dg00_st01.sstg,ep16_dg01_m_159_03.mmo,13000230,R20*食物卡片,图片卡,5,100
hd0_ep16_dg00_st01.sstg,ep16_dg01_m_159_02.mmo,13000230,R20*食物卡片,图片卡,5,100
hd0_ep16_dg00_st01.sstg,ep16_dg01_m_159_01.mmo,13000230,R20*食物卡片,图片卡,5,100
hd0_ep16_dg00_st01.sstg,ep16_dg01_m_159_00.mmo,13000230,R20*食物卡片,图片卡,5,100
hd0_ep16_dg00_st01.sstg,ep16_dg01_M_00.mmo,22000012,幸运卡片B,特殊卡,100,33
hd0_ep16_dg00_st01.sstg,ep16_dg01_M_00.mmo,22000013,幸运卡片C,特殊卡,100,33
hd0_ep16_dg00_st01.sstg,ep16_dg01_M_00.mmo,22000014,幸运卡片D,特殊卡,100,34
hd0_ep16_dg00_st00.sstg,ep16_dg00_mb_158_03.mmo,12000007,炮弹型 SP +7,SP卡,10,100
hd0_ep16_dg00_st00.sstg,ep16_dg00_mb_158_02.mmo,12000007,炮弹型 SP +7,SP卡,10,100
hd0_ep16_dg00_st00.sstg,ep16_dg00_mb_158_01.mmo,12000007,炮弹型 SP +7,SP卡,10,100
hd0_ep16_dg00_st00.sstg,ep16_dg00_mb_158_01.mmo,12000003,炮弹型 SP +3,SP卡,5,100
hd0_ep16_dg00_st00.sstg,ep16_dg00_mb_158_00.mmo,12000007,炮弹型 SP +7,SP卡,10,100
hd0_ep16_dg00_st00.sstg,ep16_dg00_mb_157_04_combine.mmo,13000213,R03*NaNa秀卡片,图片卡,3,10
hd0_ep16_dg00_st00.sstg,ep16_dg00_mb_157_04_combine.mmo,13000240,O10*能力宝石,图片卡,3,90
hd0_ep16_dg00_st00.sstg,ep16_dg00_mb_157_03.mmo,13000213,R03*NaNa秀卡片,图片卡,3,10
hd0_ep16_dg00_st00.sstg,ep16_dg00_mb_157_03.mmo,13000240,O10*能力宝石,图片卡,3,90
hd0_ep16_dg00_st00.sstg,ep16_dg00_mb_157_03.mmo,13000216,R06*食物卡片,图片卡,5,100
hd0_ep16_dg00_st00.sstg,ep16_dg00_mb_157_02.mmo,13000216,R06*食物卡片,图片卡,5,100
hd0_ep16_dg00_st00.sstg,ep16_dg00_mb_157_02.mmo,13000213,R03*NaNa秀卡片,图片卡,3,10
hd0_ep16_dg00_st00.sstg,ep16_dg00_mb_157_02.mmo,13000240,O10*能力宝石,图片卡,3,90
hd0_ep16_dg00_st00.sstg,ep16_dg00_mb_157_01.mmo,13000213,R03*NaNa秀卡片,图片卡,3,10
hd0_ep16_dg00_st00.sstg,ep16_dg00_mb_157_01.mmo,13000240,O10*能力宝石,图片卡,3,90
hd0_ep16_dg00_st00.sstg,ep16_dg00_mb_156_04_combine.mmo,13000214,R04*属性宝石,图片卡,3,10
hd0_ep16_dg00_st00.sstg,ep16_dg00_mb_156_04_combine.mmo,13000215,R05*能力宝石,图片卡,3,90
hd0_ep16_dg00_st00.sstg,ep16_dg00_mb_156_03.mmo,13000214,R04*属性宝石,图片卡,3,10
hd0_ep16_dg00_st00.sstg,ep16_dg00_mb_156_03.mmo,13000215,R05*能力宝石,图片卡,3,90
hd0_ep16_dg00_st00.sstg,ep16_dg00_mb_156_02.mmo,13000214,R04*属性宝石,图片卡,3,10
hd0_ep16_dg00_st00.sstg,ep16_dg00_mb_156_02.mmo,13000215,R05*能力宝石,图片卡,3,90
hd0_ep16_dg00_st00.sstg,ep16_dg00_mb_156_01.mmo,13000214,R04*属性宝石,图片卡,3,10
hd0_ep16_dg00_st00.sstg,ep16_dg00_mb_156_01.mmo,13000215,R05*能力宝石,图片卡,3,90
hd0_ep16_dg00_st00.sstg,ep16_dg00_m_158_05_01.mmo,13000216,R06*食物卡片,图片卡,5,50
hd0_ep16_dg00_st00.sstg,ep16_dg00_m_158_05_01.mmo,12000003,炮弹型 SP +3,SP卡,5,50
hd0_ep16_dg00_st00.sstg,ep16_dg00_m_158_04_dan.mmo,13000216,R06*食物卡片,图片卡,5,50
hd0_ep16_dg00_st00.sstg,ep16_dg00_m_158_04_dan.mmo,12000003,炮弹型 SP +3,SP卡,5,50
hd0_ep16_dg00_st00.sstg,ep16_dg00_m_158_02.mmo,13000216,R06*食物卡片,图片卡,5,50
hd0_ep16_dg00_st00.sstg,ep16_dg00_m_158_02.mmo,12000003,炮弹型 SP +3,SP卡,5,0
hd0_ep16_dg00_st00.sstg,ep16_dg00_m_158_01.mmo,13000216,R06*食物卡片,图片卡,5,50
hd0_ep16_dg00_st00.sstg,ep16_dg00_m_158_01.mmo,12000003,炮弹型 SP +3,SP卡,5,50
hd0_ep16_dg00_st00.sstg,ep16_dg00_m_158_00.mmo,13000216,R06*食物卡片,图片卡,5,50
hd0_ep16_dg00_st00.sstg,ep16_dg00_m_158_00.mmo,12000003,炮弹型 SP +3,SP卡,5,50
hd0_ep16_dg00_st00.sstg,ep16_dg00_m_157_04_dan.mmo,13000216,R06*食物卡片,图片卡,5,100
hd0_ep16_dg00_st00.sstg,ep16_dg00_m_157_03.mmo,13000216,R06*食物卡片,图片卡,5,100
hd0_ep16_dg00_st00.sstg,ep16_dg00_m_157_02.mmo,13000216,R06*食物卡片,图片卡,5,100
hd0_ep16_dg00_st00.sstg,ep16_dg00_m_157_01.mmo,13000216,R06*食物卡片,图片卡,5,100
hd0_ep16_dg00_st00.sstg,ep16_dg00_m_157_00.mmo,13000216,R06*食物卡片,图片卡,5,100
hd0_ep16_dg00_st00.sstg,ep16_dg00_m_156_03.mmo,13000211,R01*天空之翼,图片卡,5,50
hd0_ep16_dg00_st00.sstg,ep16_dg00_m_156_03.mmo,13000212,R02*天空之翼,图片卡,5,50
hd0_ep16_dg00_st00.sstg,ep16_dg00_m_156_02.mmo,13000211,R01*天空之翼,图片卡,5,50
hd0_ep16_dg00_st00.sstg,ep16_dg00_m_156_02.mmo,13000212,R02*天空之翼,图片卡,5,50
hd0_ep16_dg00_st00.sstg,ep16_dg00_m_156_01.mmo,13000211,R01*天空之翼,图片卡,5,50
hd0_ep16_dg00_st00.sstg,ep16_dg00_m_156_01.mmo,13000212,R02*天空之翼,图片卡,5,50
hd0_ep16_dg00_st00.sstg,ep16_dg00_m_156_00.mmo,13000211,R01*天空之翼,图片卡,5,50
hd0_ep16_dg00_st00.sstg,ep16_dg00_m_156_00.mmo,13000212,R02*天空之翼,图片卡,5,50
hd0_ep16_dg00_st00.sstg;hd0_ep17_dg00_st00.sstg,ep16_dg00_M_00.mmo,22000011,幸运卡片A,特殊卡,100,33
hd0_ep16_dg00_st00.sstg;hd0_ep17_dg00_st00.sstg,ep16_dg00_M_00.mmo,22000012,幸运卡片B,特殊卡,100,33
hd0_ep16_dg00_st00.sstg;hd0_ep17_dg00_st00.sstg,ep16_dg00_M_00.mmo,22000013,幸运卡片C,特殊卡,100,34
hd0_ep16_dg00_st01.sstg,ep16_bbm_00.bmo,12000008,炮弹型 SP +8,SP卡,10,100
hd0_ep15_dg00_st00.sstg;hd0_ep15_dg01_st00.sstg;hd0_ep15_dg02_st00.sstg,ep15_mb_T_00.mmo,22000015,幸运卡片E,特殊卡,100,100
hd0_ep15_dg00_st00.sstg;hd0_ep15_dg01_st00.sstg;hd0_ep15_dg02_st00.sstg;hd0_ep15_dg02_st01.sstg,ep15_mb_R_00.mmo,22000017,幸运卡片G,特殊卡,100,100
hd0_ep15_dg00_st00.sstg;hd0_ep15_dg01_st00.sstg;hd0_ep15_dg02_st00.sstg,ep15_mb_C_woman.mmo,22000016,幸运卡片F,特殊卡,100,100
hd0_ep15_dg00_st00.sstg;hd0_ep15_dg01_st00.sstg;hd0_ep15_dg02_st00.sstg,ep15_mb_C_man.mmo,22000016,幸运卡片F,特殊卡,100,100
hd0_ep15_dg00_st00.sstg,ep15_ending00_00_M.mmo,13000404,A14*宠物天使,图片卡,3,20
hd0_ep15_dg00_st00.sstg,ep15_ending00_00_M.mmo,13000405,A15*宠物天使,图片卡,3,20
hd0_ep15_dg00_st00.sstg,ep15_ending00_00_M.mmo,13000410,A20*食物卡片,图片卡,3,60
hd0_ep15_dg00_st00.sstg,ep15_ending00_00_L.mmo,13000404,A14*宠物天使,图片卡,3,20
hd0_ep15_dg00_st00.sstg,ep15_ending00_00_L.mmo,13000405,A15*宠物天使,图片卡,3,20
hd0_ep15_dg00_st00.sstg,ep15_ending00_00_L.mmo,13000410,A20*食物卡片,图片卡,3,60
hd0_ep15_dg00_st00.sstg,ep15_ending00_00_H.mmo,13000404,A14*宠物天使,图片卡,3,20
hd0_ep15_dg00_st00.sstg,ep15_ending00_00_H.mmo,13000405,A15*宠物天使,图片卡,3,20
hd0_ep15_dg00_st00.sstg,ep15_ending00_00_H.mmo,13000410,A20*食物卡片,图片卡,3,60
hd0_ep15_dg02_st00.sstg,ep15_ending_02_M.bmo,13000408,A18*宠物天使,图片卡,3,20
hd0_ep15_dg02_st00.sstg,ep15_ending_02_M.bmo,13000409,A19*宠物天使,图片卡,3,20
hd0_ep15_dg02_st00.sstg,ep15_ending_02_M.bmo,13000410,A20*食物卡片,图片卡,3,60
hd0_ep15_dg02_st00.sstg,ep15_ending_02_L.bmo,13000408,A18*宠物天使,图片卡,3,20
hd0_ep15_dg02_st00.sstg,ep15_ending_02_L.bmo,13000409,A19*宠物天使,图片卡,3,20
hd0_ep15_dg02_st00.sstg,ep15_ending_02_L.bmo,13000410,A20*食物卡片,图片卡,3,60
hd0_ep15_dg02_st00.sstg,ep15_ending_02_H.bmo,13000408,A18*宠物天使,图片卡,3,20
hd0_ep15_dg02_st00.sstg,ep15_ending_02_H.bmo,13000409,A19*宠物天使,图片卡,3,20
hd0_ep15_dg02_st00.sstg,ep15_ending_02_H.bmo,13000410,A20*食物卡片,图片卡,3,60
hd0_ep15_dg01_st00.sstg,ep15_ending_01_M.bmo,13000406,A16*宠物天使,图片卡,3,20
hd0_ep15_dg01_st00.sstg,ep15_ending_01_M.bmo,13000407,A17*宠物天使,图片卡,3,20
hd0_ep15_dg01_st00.sstg,ep15_ending_01_M.bmo,13000410,A20*食物卡片,图片卡,3,60
hd0_ep15_dg01_st00.sstg,ep15_ending_01_L.bmo,13000406,A16*宠物天使,图片卡,3,20
hd0_ep15_dg01_st00.sstg,ep15_ending_01_L.bmo,13000407,A17*宠物天使,图片卡,3,20
hd0_ep15_dg01_st00.sstg,ep15_ending_01_L.bmo,13000410,A20*食物卡片,图片卡,3,60
hd0_ep15_dg01_st00.sstg,ep15_ending_01_H.bmo,13000406,A16*宠物天使,图片卡,3,20
hd0_ep15_dg01_st00.sstg,ep15_ending_01_H.bmo,13000407,A17*宠物天使,图片卡,3,20
hd0_ep15_dg01_st00.sstg,ep15_ending_01_H.bmo,13000410,A20*食物卡片,图片卡,3,60
hd0_ep15_dg00_st00.sstg,ep15_ending_00_M.bmo,13000404,A14*宠物天使,图片卡,3,20
hd0_ep15_dg00_st00.sstg,ep15_ending_00_M.bmo,13000405,A15*宠物天使,图片卡,3,20
hd0_ep15_dg00_st00.sstg,ep15_ending_00_M.bmo,13000410,A20*食物卡片,图片卡,3,60
hd0_ep15_dg00_st00.sstg,ep15_ending_00_L.bmo,13000404,A14*宠物天使,图片卡,3,20
hd0_ep15_dg00_st00.sstg,ep15_ending_00_L.bmo,13000405,A15*宠物天使,图片卡,3,20
hd0_ep15_dg00_st00.sstg,ep15_ending_00_L.bmo,13000410,A20*食物卡片,图片卡,3,60
hd0_ep15_dg00_st00.sstg,ep15_ending_00_H.bmo,13000404,A14*宠物天使,图片卡,3,20
hd0_ep15_dg00_st00.sstg,ep15_ending_00_H.bmo,13000405,A15*宠物天使,图片卡,3,20
hd0_ep15_dg00_st00.sstg,ep15_ending_00_H.bmo,13000410,A20*食物卡片,图片卡,3,60
hd0_ep15_dg02_st01.sstg,ep15_dg03_M_00.mmo,22000012,幸运卡片B,特殊卡,100,33
hd0_ep15_dg02_st01.sstg,ep15_dg03_M_00.mmo,22000013,幸运卡片C,特殊卡,100,34
hd0_ep15_dg02_st01.sstg,ep15_dg03_M_00.mmo,22000014,幸运卡片D,特殊卡,100,33
hd0_ep15_dg02_st00.sstg;hd0_ep15_dg02_st01.sstg,ep15_dg02_mb_155_03.mmo,13000408,A18*宠物天使,图片卡,3,10
hd0_ep15_dg02_st00.sstg;hd0_ep15_dg02_st01.sstg,ep15_dg02_mb_155_03.mmo,13000409,A19*宠物天使,图片卡,3,10
hd0_ep15_dg02_st00.sstg;hd0_ep15_dg02_st01.sstg,ep15_dg02_mb_155_03.mmo,13000087,C07_能力宝石,图片卡,3,80
hd0_ep15_dg02_st00.sstg;hd0_ep15_dg02_st01.sstg,ep15_dg02_mb_155_02.mmo,13000408,A18*宠物天使,图片卡,3,10
hd0_ep15_dg02_st00.sstg;hd0_ep15_dg02_st01.sstg,ep15_dg02_mb_155_02.mmo,13000409,A19*宠物天使,图片卡,3,10
hd0_ep15_dg02_st00.sstg;hd0_ep15_dg02_st01.sstg,ep15_dg02_mb_155_02.mmo,13000087,C07_能力宝石,图片卡,3,80
hd0_ep15_dg02_st00.sstg;hd0_ep15_dg02_st01.sstg,ep15_dg02_mb_155_01.mmo,13000408,A18*宠物天使,图片卡,3,10
hd0_ep15_dg02_st00.sstg;hd0_ep15_dg02_st01.sstg,ep15_dg02_mb_155_01.mmo,13000409,A19*宠物天使,图片卡,3,10
hd0_ep15_dg02_st00.sstg;hd0_ep15_dg02_st01.sstg,ep15_dg02_mb_155_01.mmo,13000087,C07_能力宝石,图片卡,3,80
hd0_ep15_dg02_st00.sstg;hd0_ep15_dg02_st01.sstg,ep15_dg02_mb_155_00.mmo,13000408,A18*宠物天使,图片卡,3,10
hd0_ep15_dg02_st00.sstg;hd0_ep15_dg02_st01.sstg,ep15_dg02_mb_155_00.mmo,13000409,A19*宠物天使,图片卡,3,10
hd0_ep15_dg02_st00.sstg;hd0_ep15_dg02_st01.sstg,ep15_dg02_mb_155_00.mmo,13000087,C07_能力宝石,图片卡,3,80
hd0_ep15_dg02_st00.sstg;hd0_ep15_dg02_st01.sstg,ep15_dg02_mb_154_03.mmo,13000399,A09*装饰卡片,图片卡,3,4
hd0_ep15_dg02_st00.sstg;hd0_ep15_dg02_st01.sstg,ep15_dg02_mb_154_03.mmo,13000401,A11*能力宝石,图片卡,3,4
hd0_ep15_dg02_st00.sstg;hd0_ep15_dg02_st01.sstg,ep15_dg02_mb_154_03.mmo,13000403,A13*NaNa秀卡片,图片卡,3,92
hd0_ep15_dg02_st00.sstg;hd0_ep15_dg02_st01.sstg,ep15_dg02_mb_154_02.mmo,13000399,A09*装饰卡片,图片卡,3,4
hd0_ep15_dg02_st00.sstg;hd0_ep15_dg02_st01.sstg,ep15_dg02_mb_154_02.mmo,13000401,A11*能力宝石,图片卡,3,4
hd0_ep15_dg02_st00.sstg;hd0_ep15_dg02_st01.sstg,ep15_dg02_mb_154_02.mmo,13000403,A13*NaNa秀卡片,图片卡,3,92
hd0_ep15_dg02_st00.sstg;hd0_ep15_dg02_st01.sstg,ep15_dg02_mb_154_01.mmo,13000399,A09*装饰卡片,图片卡,3,4
hd0_ep15_dg02_st00.sstg;hd0_ep15_dg02_st01.sstg,ep15_dg02_mb_154_01.mmo,13000401,A11*能力宝石,图片卡,3,4
hd0_ep15_dg02_st00.sstg;hd0_ep15_dg02_st01.sstg,ep15_dg02_mb_154_01.mmo,13000403,A13*NaNa秀卡片,图片卡,3,92
hd0_ep15_dg02_st00.sstg;hd0_ep15_dg02_st01.sstg,ep15_dg02_mb_154_00.mmo,13000399,A09*装饰卡片,图片卡,3,4
hd0_ep15_dg02_st00.sstg;hd0_ep15_dg02_st01.sstg,ep15_dg02_mb_154_00.mmo,13000401,A11*能力宝石,图片卡,3,4
hd0_ep15_dg02_st00.sstg;hd0_ep15_dg02_st01.sstg,ep15_dg02_mb_154_00.mmo,13000403,A13*NaNa秀卡片,图片卡,3,92
hd0_ep15_dg02_st00.sstg;hd0_ep15_dg02_st01.sstg,ep15_dg02_mb_153_03.mmo,13000398,A08*NaNa秀卡片,图片卡,3,4
hd0_ep15_dg02_st00.sstg;hd0_ep15_dg02_st01.sstg,ep15_dg02_mb_153_03.mmo,13000400,A10*能力宝石,图片卡,3,96
hd0_ep15_dg02_st00.sstg;hd0_ep15_dg02_st01.sstg,ep15_dg02_mb_153_02.mmo,13000398,A08*NaNa秀卡片,图片卡,3,4
hd0_ep15_dg02_st00.sstg;hd0_ep15_dg02_st01.sstg,ep15_dg02_mb_153_02.mmo,13000400,A10*能力宝石,图片卡,3,96
hd0_ep15_dg02_st00.sstg;hd0_ep15_dg02_st01.sstg,ep15_dg02_mb_153_01.mmo,13000398,A08*NaNa秀卡片,图片卡,3,4
hd0_ep15_dg02_st00.sstg;hd0_ep15_dg02_st01.sstg,ep15_dg02_mb_153_01.mmo,13000400,A10*能力宝石,图片卡,3,96
hd0_ep15_dg02_st00.sstg;hd0_ep15_dg02_st01.sstg,ep15_dg02_mb_153_00.mmo,13000398,A08*NaNa秀卡片,图片卡,3,4
hd0_ep15_dg02_st00.sstg;hd0_ep15_dg02_st01.sstg,ep15_dg02_mb_153_00.mmo,13000400,A10*能力宝石,图片卡,3,96
hd0_ep15_dg02_st00.sstg;hd0_ep15_dg02_st01.sstg,ep15_dg02_m_155_03.mmo,13000410,A20*食物卡片,图片卡,5,40
hd0_ep15_dg02_st00.sstg;hd0_ep15_dg02_st01.sstg,ep15_dg02_m_155_03.mmo,13000158,P18_食物卡片,图片卡,5,30
hd0_ep15_dg02_st00.sstg;hd0_ep15_dg02_st01.sstg,ep15_dg02_m_155_03.mmo,13000173,E13_食物卡片,图片卡,5,30
hd0_ep15_dg02_st00.sstg;hd0_ep15_dg02_st01.sstg,ep15_dg02_m_155_02.mmo,13000410,A20*食物卡片,图片卡,5,40
hd0_ep15_dg02_st00.sstg;hd0_ep15_dg02_st01.sstg,ep15_dg02_m_155_02.mmo,13000158,P18_食物卡片,图片卡,5,30
hd0_ep15_dg02_st00.sstg;hd0_ep15_dg02_st01.sstg,ep15_dg02_m_155_02.mmo,13000173,E13_食物卡片,图片卡,5,30
hd0_ep15_dg02_st00.sstg;hd0_ep15_dg02_st01.sstg,ep15_dg02_m_155_01.mmo,13000410,A20*食物卡片,图片卡,5,40
hd0_ep15_dg02_st00.sstg;hd0_ep15_dg02_st01.sstg,ep15_dg02_m_155_01.mmo,13000158,P18_食物卡片,图片卡,5,30
hd0_ep15_dg02_st00.sstg;hd0_ep15_dg02_st01.sstg,ep15_dg02_m_155_01.mmo,13000173,E13_食物卡片,图片卡,5,30
hd0_ep15_dg02_st00.sstg;hd0_ep15_dg02_st01.sstg,ep15_dg02_m_155_00.mmo,13000410,A20*食物卡片,图片卡,5,40
hd0_ep15_dg02_st00.sstg;hd0_ep15_dg02_st01.sstg,ep15_dg02_m_155_00.mmo,13000158,P18_食物卡片,图片卡,5,30
hd0_ep15_dg02_st00.sstg;hd0_ep15_dg02_st01.sstg,ep15_dg02_m_155_00.mmo,13000173,E13_食物卡片,图片卡,5,30
hd0_ep15_dg02_st00.sstg;hd0_ep15_dg02_st01.sstg,ep15_dg02_m_154_03.mmo,13000186,A06_食物卡片,图片卡,5,30
hd0_ep15_dg02_st00.sstg;hd0_ep15_dg02_st01.sstg,ep15_dg02_m_154_03.mmo,13000199,A19_食物卡片,图片卡,5,35
hd0_ep15_dg02_st00.sstg;hd0_ep15_dg02_st01.sstg,ep15_dg02_m_154_03.mmo,13000200,A20_食物卡片,图片卡,5,35
hd0_ep15_dg02_st00.sstg;hd0_ep15_dg02_st01.sstg,ep15_dg02_m_154_02.mmo,13000186,A06_食物卡片,图片卡,5,30
hd0_ep15_dg02_st00.sstg;hd0_ep15_dg02_st01.sstg,ep15_dg02_m_154_02.mmo,13000199,A19_食物卡片,图片卡,5,35
hd0_ep15_dg02_st00.sstg;hd0_ep15_dg02_st01.sstg,ep15_dg02_m_154_02.mmo,13000200,A20_食物卡片,图片卡,5,35
hd0_ep15_dg02_st00.sstg;hd0_ep15_dg02_st01.sstg,ep15_dg02_m_154_01.mmo,13000186,A06_食物卡片,图片卡,5,30
hd0_ep15_dg02_st00.sstg;hd0_ep15_dg02_st01.sstg,ep15_dg02_m_154_01.mmo,13000199,A19_食物卡片,图片卡,5,35
hd0_ep15_dg02_st00.sstg;hd0_ep15_dg02_st01.sstg,ep15_dg02_m_154_01.mmo,13000200,A20_食物卡片,图片卡,5,35
hd0_ep15_dg02_st00.sstg;hd0_ep15_dg02_st01.sstg,ep15_dg02_m_154_00.mmo,13000186,A06_食物卡片,图片卡,5,30
hd0_ep15_dg02_st00.sstg;hd0_ep15_dg02_st01.sstg,ep15_dg02_m_154_00.mmo,13000199,A19_食物卡片,图片卡,5,35
hd0_ep15_dg02_st00.sstg;hd0_ep15_dg02_st01.sstg,ep15_dg02_m_154_00.mmo,13000200,A20_食物卡片,图片卡,5,35
hd0_ep15_dg02_st00.sstg;hd0_ep15_dg02_st01.sstg,ep15_dg02_m_153_03.mmo,13000396,A06*食物卡片,图片卡,5,50
hd0_ep15_dg02_st00.sstg;hd0_ep15_dg02_st01.sstg,ep15_dg02_m_153_03.mmo,13000199,A19_食物卡片,图片卡,5,5
hd0_ep15_dg02_st00.sstg;hd0_ep15_dg02_st01.sstg,ep15_dg02_m_153_03.mmo,12000016,肉弹型 SP +6,SP卡,5,45
hd0_ep15_dg02_st00.sstg;hd0_ep15_dg02_st01.sstg,ep15_dg02_m_153_02.mmo,13000396,A06*食物卡片,图片卡,5,50
hd0_ep15_dg02_st00.sstg;hd0_ep15_dg02_st01.sstg,ep15_dg02_m_153_02.mmo,13000199,A19_食物卡片,图片卡,5,5
hd0_ep15_dg02_st00.sstg;hd0_ep15_dg02_st01.sstg,ep15_dg02_m_153_02.mmo,12000016,肉弹型 SP +6,SP卡,5,45
hd0_ep15_dg02_st00.sstg;hd0_ep15_dg02_st01.sstg,ep15_dg02_m_153_01.mmo,13000396,A06*食物卡片,图片卡,5,50
hd0_ep15_dg02_st00.sstg;hd0_ep15_dg02_st01.sstg,ep15_dg02_m_153_01.mmo,13000199,A19_食物卡片,图片卡,5,5
hd0_ep15_dg02_st00.sstg;hd0_ep15_dg02_st01.sstg,ep15_dg02_m_153_01.mmo,12000016,肉弹型 SP +6,SP卡,5,45
hd0_ep15_dg02_st00.sstg;hd0_ep15_dg02_st01.sstg,ep15_dg02_m_153_00.mmo,13000396,A06*食物卡片,图片卡,5,50
hd0_ep15_dg02_st00.sstg;hd0_ep15_dg02_st01.sstg,ep15_dg02_m_153_00.mmo,13000199,A19_食物卡片,图片卡,5,5
hd0_ep15_dg02_st00.sstg;hd0_ep15_dg02_st01.sstg,ep15_dg02_m_153_00.mmo,12000016,肉弹型 SP +6,SP卡,5,45
hd0_ep15_dg02_st00.sstg,ep15_dg02_M_00.mmo,22000011,幸运卡片A,特殊卡,100,33
hd0_ep15_dg02_st00.sstg,ep15_dg02_M_00.mmo,22000013,幸运卡片C,特殊卡,100,33
hd0_ep15_dg02_st00.sstg,ep15_dg02_M_00.mmo,22000014,幸运卡片D,特殊卡,100,34
hd0_ep15_dg01_st00.sstg,ep15_dg01_mb_152_03.mmo,13000406,A16*宠物天使,图片卡,3,10
hd0_ep15_dg01_st00.sstg,ep15_dg01_mb_152_03.mmo,13000407,A17*宠物天使,图片卡,3,10
hd0_ep15_dg01_st00.sstg,ep15_dg01_mb_152_03.mmo,13000070,G10_能力宝石,图片卡,3,80
hd0_ep15_dg01_st00.sstg,ep15_dg01_mb_152_02.mmo,13000406,A16*宠物天使,图片卡,3,10
hd0_ep15_dg01_st00.sstg,ep15_dg01_mb_152_02.mmo,13000407,A17*宠物天使,图片卡,3,10
hd0_ep15_dg01_st00.sstg,ep15_dg01_mb_152_02.mmo,13000070,G10_能力宝石,图片卡,3,80
hd0_ep15_dg01_st00.sstg,ep15_dg01_mb_152_01.mmo,13000406,A16*宠物天使,图片卡,3,10
hd0_ep15_dg01_st00.sstg,ep15_dg01_mb_152_01.mmo,13000407,A17*宠物天使,图片卡,3,10
hd0_ep15_dg01_st00.sstg,ep15_dg01_mb_152_01.mmo,13000070,G10_能力宝石,图片卡,3,80
hd0_ep15_dg01_st00.sstg,ep15_dg01_mb_152_00.mmo,13000406,A16*宠物天使,图片卡,3,10
hd0_ep15_dg01_st00.sstg,ep15_dg01_mb_152_00.mmo,13000407,A17*宠物天使,图片卡,3,10
hd0_ep15_dg01_st00.sstg,ep15_dg01_mb_152_00.mmo,13000070,G10_能力宝石,图片卡,3,80
hd0_ep15_dg01_st00.sstg,ep15_dg01_mb_151_03.mmo,13000394,A04*属性宝石,图片卡,3,4
hd0_ep15_dg01_st00.sstg,ep15_dg01_mb_151_03.mmo,13000397,A07*装饰卡片,图片卡,3,96
hd0_ep15_dg01_st00.sstg,ep15_dg01_mb_151_02.mmo,13000394,A04*属性宝石,图片卡,3,4
hd0_ep15_dg01_st00.sstg,ep15_dg01_mb_151_02.mmo,13000397,A07*装饰卡片,图片卡,3,96
hd0_ep15_dg01_st00.sstg,ep15_dg01_mb_151_01.mmo,13000394,A04*属性宝石,图片卡,3,4
hd0_ep15_dg01_st00.sstg,ep15_dg01_mb_151_01.mmo,13000397,A07*装饰卡片,图片卡,3,96
hd0_ep15_dg01_st00.sstg,ep15_dg01_mb_151_00.mmo,13000394,A04*属性宝石,图片卡,3,4
hd0_ep15_dg01_st00.sstg,ep15_dg01_mb_151_00.mmo,13000397,A07*装饰卡片,图片卡,3,96
hd0_ep15_dg01_st00.sstg,ep15_dg01_mb_150_03.mmo,13000383,E13*NaNa秀卡片,图片卡,3,4
hd0_ep15_dg01_st00.sstg,ep15_dg01_mb_150_03.mmo,13000395,A05*能力宝石,图片卡,3,96
hd0_ep15_dg01_st00.sstg,ep15_dg01_mb_150_02.mmo,13000383,E13*NaNa秀卡片,图片卡,3,4
hd0_ep15_dg01_st00.sstg,ep15_dg01_mb_150_02.mmo,13000395,A05*能力宝石,图片卡,3,96
hd0_ep15_dg01_st00.sstg,ep15_dg01_mb_150_01.mmo,13000383,E13*NaNa秀卡片,图片卡,3,4
hd0_ep15_dg01_st00.sstg,ep15_dg01_mb_150_01.mmo,13000395,A05*能力宝石,图片卡,3,96
hd0_ep15_dg01_st00.sstg,ep15_dg01_mb_150_00.mmo,13000383,E13*NaNa秀卡片,图片卡,3,4
hd0_ep15_dg01_st00.sstg,ep15_dg01_mb_150_00.mmo,13000395,A05*能力宝石,图片卡,3,96
hd0_ep15_dg01_st00.sstg,ep15_dg01_m_152_03.mmo,13000158,P18_食物卡片,图片卡,5,30
hd0_ep15_dg01_st00.sstg,ep15_dg01_m_152_03.mmo,13000179,E19_食物卡片,图片卡,5,35
hd0_ep15_dg01_st00.sstg,ep15_dg01_m_152_03.mmo,13000200,A20_食物卡片,图片卡,5,35
hd0_ep15_dg01_st00.sstg,ep15_dg01_m_152_02.mmo,13000158,P18_食物卡片,图片卡,5,30
hd0_ep15_dg01_st00.sstg,ep15_dg01_m_152_02.mmo,13000179,E19_食物卡片,图片卡,5,35
hd0_ep15_dg01_st00.sstg,ep15_dg01_m_152_02.mmo,13000200,A20_食物卡片,图片卡,5,35
hd0_ep15_dg01_st00.sstg,ep15_dg01_m_152_01.mmo,13000158,P18_食物卡片,图片卡,5,30
hd0_ep15_dg01_st00.sstg,ep15_dg01_m_152_01.mmo,13000179,E19_食物卡片,图片卡,5,35
hd0_ep15_dg01_st00.sstg,ep15_dg01_m_152_01.mmo,13000200,A20_食物卡片,图片卡,5,35
hd0_ep15_dg01_st00.sstg,ep15_dg01_m_152_00.mmo,13000158,P18_食物卡片,图片卡,5,30
hd0_ep15_dg01_st00.sstg,ep15_dg01_m_152_00.mmo,13000179,E19_食物卡片,图片卡,5,35
hd0_ep15_dg01_st00.sstg,ep15_dg01_m_152_00.mmo,13000200,A20_食物卡片,图片卡,5,35
hd0_ep15_dg01_st00.sstg,ep15_dg01_m_151_03.mmo,13000392,A02*天空之翼,图片卡,5,50
hd0_ep15_dg01_st00.sstg,ep15_dg01_m_151_03.mmo,13000186,A06_食物卡片,图片卡,5,5
hd0_ep15_dg01_st00.sstg,ep15_dg01_m_151_03.mmo,12000016,肉弹型 SP +6,SP卡,5,45
hd0_ep15_dg01_st00.sstg,ep15_dg01_m_151_02.mmo,13000392,A02*天空之翼,图片卡,5,50
hd0_ep15_dg01_st00.sstg,ep15_dg01_m_151_02.mmo,13000186,A06_食物卡片,图片卡,5,5
hd0_ep15_dg01_st00.sstg,ep15_dg01_m_151_02.mmo,12000016,肉弹型 SP +6,SP卡,5,45
hd0_ep15_dg01_st00.sstg,ep15_dg01_m_151_01.mmo,13000392,A02*天空之翼,图片卡,5,50
hd0_ep15_dg01_st00.sstg,ep15_dg01_m_151_01.mmo,13000186,A06_食物卡片,图片卡,5,5
hd0_ep15_dg01_st00.sstg,ep15_dg01_m_151_01.mmo,12000016,肉弹型 SP +6,SP卡,5,45
hd0_ep15_dg01_st00.sstg,ep15_dg01_m_151_00.mmo,13000392,A02*天空之翼,图片卡,5,50
hd0_ep15_dg01_st00.sstg,ep15_dg01_m_151_00.mmo,13000186,A06_食物卡片,图片卡,5,5
hd0_ep15_dg01_st00.sstg,ep15_dg01_m_151_00.mmo,12000016,肉弹型 SP +6,SP卡,5,45
hd0_ep15_dg01_st00.sstg,ep15_dg01_m_150_03.mmo,13000199,A19_食物卡片,图片卡,5,30
hd0_ep15_dg01_st00.sstg,ep15_dg01_m_150_03.mmo,13000158,P18_食物卡片,图片卡,5,35
hd0_ep15_dg01_st00.sstg,ep15_dg01_m_150_03.mmo,13000173,E13_食物卡片,图片卡,5,35
hd0_ep15_dg01_st00.sstg,ep15_dg01_m_150_02.mmo,13000199,A19_食物卡片,图片卡,5,30
hd0_ep15_dg01_st00.sstg,ep15_dg01_m_150_02.mmo,13000158,P18_食物卡片,图片卡,5,35
hd0_ep15_dg01_st00.sstg,ep15_dg01_m_150_02.mmo,13000173,E13_食物卡片,图片卡,5,35
hd0_ep15_dg01_st00.sstg,ep15_dg01_m_150_01.mmo,13000199,A19_食物卡片,图片卡,5,30
hd0_ep15_dg01_st00.sstg,ep15_dg01_m_150_01.mmo,13000158,P18_食物卡片,图片卡,5,35
hd0_ep15_dg01_st00.sstg,ep15_dg01_m_150_01.mmo,13000173,E13_食物卡片,图片卡,5,35
hd0_ep15_dg01_st00.sstg,ep15_dg01_m_150_00.mmo,13000199,A19_食物卡片,图片卡,5,30
hd0_ep15_dg01_st00.sstg,ep15_dg01_m_150_00.mmo,13000158,P18_食物卡片,图片卡,5,35
hd0_ep15_dg01_st00.sstg,ep15_dg01_m_150_00.mmo,13000173,E13_食物卡片,图片卡,5,35
hd0_ep15_dg01_st00.sstg,ep15_dg01_M_00.mmo,22000011,幸运卡片A,特殊卡,100,33
hd0_ep15_dg01_st00.sstg,ep15_dg01_M_00.mmo,22000012,幸运卡片B,特殊卡,100,34
hd0_ep15_dg01_st00.sstg,ep15_dg01_M_00.mmo,22000014,幸运卡片D,特殊卡,100,33
hd0_ep15_dg00_st00.sstg,ep15_dg00_mb_149_03.mmo,13000404,A14*宠物天使,图片卡,3,10
hd0_ep15_dg00_st00.sstg,ep15_dg00_mb_149_03.mmo,13000405,A15*宠物天使,图片卡,3,10
hd0_ep15_dg00_st00.sstg,ep15_dg00_mb_149_03.mmo,13000031,O11_能力宝石,图片卡,3,80
hd0_ep15_dg00_st00.sstg,ep15_dg00_mb_149_02.mmo,13000404,A14*宠物天使,图片卡,3,10
hd0_ep15_dg00_st00.sstg,ep15_dg00_mb_149_02.mmo,13000405,A15*宠物天使,图片卡,3,10
hd0_ep15_dg00_st00.sstg,ep15_dg00_mb_149_02.mmo,13000031,O11_能力宝石,图片卡,3,80
hd0_ep15_dg00_st00.sstg,ep15_dg00_mb_149_01.mmo,13000404,A14*宠物天使,图片卡,3,10
hd0_ep15_dg00_st00.sstg,ep15_dg00_mb_149_01.mmo,13000405,A15*宠物天使,图片卡,3,10
hd0_ep15_dg00_st00.sstg,ep15_dg00_mb_149_01.mmo,13000031,O11_能力宝石,图片卡,3,80
hd0_ep15_dg00_st00.sstg,ep15_dg00_mb_149_00.mmo,13000404,A14*宠物天使,图片卡,3,10
hd0_ep15_dg00_st00.sstg,ep15_dg00_mb_149_00.mmo,13000405,A15*宠物天使,图片卡,3,10
hd0_ep15_dg00_st00.sstg,ep15_dg00_mb_149_00.mmo,13000031,O11_能力宝石,图片卡,3,80
hd0_ep15_dg00_st00.sstg,ep15_dg00_mb_148_03.mmo,13000376,E06*能力宝石,图片卡,3,4
hd0_ep15_dg00_st00.sstg,ep15_dg00_mb_148_03.mmo,13000393,A03*能力宝石,图片卡,3,96
hd0_ep15_dg00_st00.sstg,ep15_dg00_mb_148_02.mmo,13000376,E06*能力宝石,图片卡,3,4
hd0_ep15_dg00_st00.sstg,ep15_dg00_mb_148_02.mmo,13000393,A03*能力宝石,图片卡,3,96
hd0_ep15_dg00_st00.sstg,ep15_dg00_mb_148_01.mmo,13000376,E06*能力宝石,图片卡,3,4
hd0_ep15_dg00_st00.sstg,ep15_dg00_mb_148_01.mmo,13000393,A03*能力宝石,图片卡,3,96
hd0_ep15_dg00_st00.sstg,ep15_dg00_mb_148_00.mmo,13000376,E06*能力宝石,图片卡,3,4
hd0_ep15_dg00_st00.sstg,ep15_dg00_mb_148_00.mmo,13000393,A03*能力宝石,图片卡,3,96
hd0_ep15_dg00_st00.sstg,ep15_dg00_mb_147_03.mmo,13000377,E07*属性宝石,图片卡,3,4
hd0_ep15_dg00_st00.sstg,ep15_dg00_mb_147_03.mmo,13000378,E08*装饰卡片,图片卡,3,96
hd0_ep15_dg00_st00.sstg,ep15_dg00_mb_147_02.mmo,13000377,E07*属性宝石,图片卡,3,4
hd0_ep15_dg00_st00.sstg,ep15_dg00_mb_147_02.mmo,13000378,E08*装饰卡片,图片卡,3,96
hd0_ep15_dg00_st00.sstg,ep15_dg00_mb_147_01.mmo,13000377,E07*属性宝石,图片卡,3,4
hd0_ep15_dg00_st00.sstg,ep15_dg00_mb_147_01.mmo,13000378,E08*装饰卡片,图片卡,3,96
hd0_ep15_dg00_st00.sstg,ep15_dg00_mb_147_00.mmo,13000377,E07*属性宝石,图片卡,3,4
hd0_ep15_dg00_st00.sstg,ep15_dg00_mb_147_00.mmo,13000378,E08*装饰卡片,图片卡,3,96
hd0_ep15_dg00_st00.sstg,ep15_dg00_m_149_03.mmo,13000391,A01*天空之翼,图片卡,5,40
hd0_ep15_dg00_st00.sstg,ep15_dg00_m_149_03.mmo,13000179,E19_食物卡片,图片卡,5,30
hd0_ep15_dg00_st00.sstg,ep15_dg00_m_149_03.mmo,13000173,E13_食物卡片,图片卡,5,30
hd0_ep15_dg00_st00.sstg,ep15_dg00_m_149_02.mmo,13000391,A01*天空之翼,图片卡,5,40
hd0_ep15_dg00_st00.sstg,ep15_dg00_m_149_02.mmo,13000179,E19_食物卡片,图片卡,5,30
hd0_ep15_dg00_st00.sstg,ep15_dg00_m_149_02.mmo,13000173,E13_食物卡片,图片卡,5,30
hd0_ep15_dg00_st00.sstg,ep15_dg00_m_149_01.mmo,13000391,A01*天空之翼,图片卡,5,40
hd0_ep15_dg00_st00.sstg,ep15_dg00_m_149_01.mmo,13000179,E19_食物卡片,图片卡,5,30
hd0_ep15_dg00_st00.sstg,ep15_dg00_m_149_01.mmo,13000173,E13_食物卡片,图片卡,5,30
hd0_ep15_dg00_st00.sstg,ep15_dg00_m_149_00.mmo,13000391,A01*天空之翼,图片卡,5,40
hd0_ep15_dg00_st00.sstg,ep15_dg00_m_149_00.mmo,13000179,E19_食物卡片,图片卡,5,30
hd0_ep15_dg00_st00.sstg,ep15_dg00_m_149_00.mmo,13000173,E13_食物卡片,图片卡,5,30
hd0_ep15_dg00_st00.sstg,ep15_dg00_m_148_03.mmo,13000179,E19_食物卡片,图片卡,5,30
hd0_ep15_dg00_st00.sstg,ep15_dg00_m_148_03.mmo,13000186,A06_食物卡片,图片卡,5,35
hd0_ep15_dg00_st00.sstg,ep15_dg00_m_148_03.mmo,13000200,A20_食物卡片,图片卡,5,35
hd0_ep15_dg00_st00.sstg,ep15_dg00_m_148_02.mmo,13000179,E19_食物卡片,图片卡,5,30
hd0_ep15_dg00_st00.sstg,ep15_dg00_m_148_02.mmo,13000186,A06_食物卡片,图片卡,5,35
hd0_ep15_dg00_st00.sstg,ep15_dg00_m_148_02.mmo,13000200,A20_食物卡片,图片卡,5,35
hd0_ep15_dg00_st00.sstg,ep15_dg00_m_148_01.mmo,13000179,E19_食物卡片,图片卡,5,30
hd0_ep15_dg00_st00.sstg,ep15_dg00_m_148_01.mmo,13000186,A06_食物卡片,图片卡,5,35
hd0_ep15_dg00_st00.sstg,ep15_dg00_m_148_01.mmo,13000200,A20_食物卡片,图片卡,5,35
hd0_ep15_dg00_st00.sstg,ep15_dg00_m_148_00.mmo,13000179,E19_食物卡片,图片卡,5,30
hd0_ep15_dg00_st00.sstg,ep15_dg00_m_148_00.mmo,13000186,A06_食物卡片,图片卡,5,35
hd0_ep15_dg00_st00.sstg,ep15_dg00_m_148_00.mmo,13000200,A20_食物卡片,图片卡,5,35
hd0_ep15_dg00_st00.sstg,ep15_dg00_m_147_03.mmo,13000379,E09*食物卡片,图片卡,5,60
hd0_ep15_dg00_st00.sstg,ep15_dg00_m_147_03.mmo,13000158,P18_食物卡片,图片卡,5,40
hd0_ep15_dg00_st00.sstg,ep15_dg00_m_147_02.mmo,13000379,E09*食物卡片,图片卡,5,60
hd0_ep15_dg00_st00.sstg,ep15_dg00_m_147_02.mmo,13000158,P18_食物卡片,图片卡,5,40
hd0_ep15_dg00_st00.sstg,ep15_dg00_m_147_01.mmo,13000379,E09*食物卡片,图片卡,5,60
hd0_ep15_dg00_st00.sstg,ep15_dg00_m_147_01.mmo,13000158,P18_食物卡片,图片卡,5,40
hd0_ep15_dg00_st00.sstg,ep15_dg00_m_147_00.mmo,13000379,E09*食物卡片,图片卡,5,60
hd0_ep15_dg00_st00.sstg,ep15_dg00_m_147_00.mmo,13000158,P18_食物卡片,图片卡,5,40
hd0_ep15_dg00_st00.sstg,ep15_dg00_M_00.mmo,22000011,幸运卡片A,特殊卡,100,34
hd0_ep15_dg00_st00.sstg,ep15_dg00_M_00.mmo,22000012,幸运卡片B,特殊卡,100,33
hd0_ep15_dg00_st00.sstg,ep15_dg00_M_00.mmo,22000013,幸运卡片C,特殊卡,100,33
hd0_ep15_dg02_st01.sstg,ep15_bbm_00_M.bmo,13000402,A12*装饰卡片,图片卡,3,60
hd0_ep15_dg02_st01.sstg,ep15_bbm_00_M.bmo,13000410,A20*食物卡片,图片卡,3,40
hd0_ep15_dg02_st01.sstg,ep15_bbm_00_L.bmo,13000402,A12*装饰卡片,图片卡,3,60
hd0_ep15_dg02_st01.sstg,ep15_bbm_00_L.bmo,13000410,A20*食物卡片,图片卡,3,40
hd0_ep15_dg02_st01.sstg,ep15_bbm_00_H.bmo,13000402,A12*装饰卡片,图片卡,3,60
hd0_ep15_dg02_st01.sstg,ep15_bbm_00_H.bmo,13000410,A20*食物卡片,图片卡,3,40
hd0_ep14_dg00_st00.sstg;hd0_ep14_dg01_st00.sstg;hd0_ep14_dg02_st00.sstg,ep14_mb_T_00.mmo,22000015,幸运卡片E,特殊卡,100,100
hd0_ep14_dg00_st00.sstg;hd0_ep14_dg01_st00.sstg;hd0_ep14_dg02_st00.sstg;hd0_ep14_dg02_st01.sstg,ep14_mb_R_00.mmo,22000017,幸运卡片G,特殊卡,100,100
hd0_ep14_dg00_st00.sstg;hd0_ep14_dg01_st00.sstg;hd0_ep14_dg02_st00.sstg,ep14_mb_C_woman.mmo,22000016,幸运卡片F,特殊卡,100,100
hd0_ep14_dg00_st00.sstg;hd0_ep14_dg01_st00.sstg;hd0_ep14_dg02_st00.sstg,ep14_mb_C_man.mmo,22000016,幸运卡片F,特殊卡,100,100
hd0_ep14_dg02_st00.sstg,ep14_ending_02_M.bmo,13000386,E16*宠物天使,图片卡,50,20
hd0_ep14_dg02_st00.sstg,ep14_ending_02_M.bmo,13000387,E17*宠物天使,图片卡,50,20
hd0_ep14_dg02_st00.sstg,ep14_ending_02_M.bmo,13000370,P20*食物卡片,图片卡,50,60
hd0_ep14_dg02_st00.sstg,ep14_ending_02_L.bmo,13000386,E16*宠物天使,图片卡,50,20
hd0_ep14_dg02_st00.sstg,ep14_ending_02_L.bmo,13000387,E17*宠物天使,图片卡,50,20
hd0_ep14_dg02_st00.sstg,ep14_ending_02_L.bmo,13000370,P20*食物卡片,图片卡,50,60
hd0_ep14_dg02_st00.sstg,ep14_ending_02_H.bmo,13000386,E16*宠物天使,图片卡,50,20
hd0_ep14_dg02_st00.sstg,ep14_ending_02_H.bmo,13000387,E17*宠物天使,图片卡,50,20
hd0_ep14_dg02_st00.sstg,ep14_ending_02_H.bmo,13000370,P20*食物卡片,图片卡,50,60
hd0_ep14_dg01_st00.sstg,ep14_ending_01_M.bmo,13000384,E14*宠物天使,图片卡,50,20
hd0_ep14_dg01_st00.sstg,ep14_ending_01_M.bmo,13000385,E15*宠物天使,图片卡,50,20
hd0_ep14_dg01_st00.sstg,ep14_ending_01_M.bmo,13000370,P20*食物卡片,图片卡,50,60
hd0_ep14_dg01_st00.sstg,ep14_ending_01_L.bmo,13000384,E14*宠物天使,图片卡,50,20
hd0_ep14_dg01_st00.sstg,ep14_ending_01_L.bmo,13000385,E15*宠物天使,图片卡,50,20
hd0_ep14_dg01_st00.sstg,ep14_ending_01_L.bmo,13000370,P20*食物卡片,图片卡,50,60
hd0_ep14_dg01_st00.sstg,ep14_ending_01_H.bmo,13000384,E14*宠物天使,图片卡,50,20
hd0_ep14_dg01_st00.sstg,ep14_ending_01_H.bmo,13000385,E15*宠物天使,图片卡,50,20
hd0_ep14_dg01_st00.sstg,ep14_ending_01_H.bmo,13000370,P20*食物卡片,图片卡,50,60
hd0_ep14_dg00_st00.sstg,ep14_ending_00_M.bmo,13000368,P18*宠物天使,图片卡,50,20
hd0_ep14_dg00_st00.sstg,ep14_ending_00_M.bmo,13000369,P19*宠物天使,图片卡,50,20
hd0_ep14_dg00_st00.sstg,ep14_ending_00_M.bmo,13000370,P20*食物卡片,图片卡,50,60
hd0_ep14_dg00_st00.sstg,ep14_ending_00_L.bmo,13000368,P18*宠物天使,图片卡,50,20
hd0_ep14_dg00_st00.sstg,ep14_ending_00_L.bmo,13000369,P19*宠物天使,图片卡,50,20
hd0_ep14_dg00_st00.sstg,ep14_ending_00_L.bmo,13000370,P20*食物卡片,图片卡,50,60
hd0_ep14_dg00_st00.sstg,ep14_ending_00_H.bmo,13000368,P18*宠物天使,图片卡,50,20
hd0_ep14_dg00_st00.sstg,ep14_ending_00_H.bmo,13000369,P19*宠物天使,图片卡,50,20
hd0_ep14_dg00_st00.sstg,ep14_ending_00_H.bmo,13000370,P20*食物卡片,图片卡,50,60
hd0_ep14_dg02_st01.sstg,ep14_dg03_M_00.mmo,22000012,幸运卡片B,特殊卡,100,33
hd0_ep14_dg02_st01.sstg,ep14_dg03_M_00.mmo,22000013,幸运卡片C,特殊卡,100,34
hd0_ep14_dg02_st01.sstg,ep14_dg03_M_00.mmo,22000014,幸运卡片D,特殊卡,100,33
hd0_ep14_dg02_st00.sstg;hd0_ep14_dg02_st01.sstg,ep14_dg02_mb_146_04.mmo,13000361,P11*能力宝石,图片卡,3,4
hd0_ep14_dg02_st00.sstg;hd0_ep14_dg02_st01.sstg,ep14_dg02_mb_146_04.mmo,13000380,E10*装饰卡片,图片卡,3,96
hd0_ep14_dg02_st00.sstg;hd0_ep14_dg02_st01.sstg,ep14_dg02_mb_146_03.mmo,13000361,P11*能力宝石,图片卡,3,4
hd0_ep14_dg02_st00.sstg;hd0_ep14_dg02_st01.sstg,ep14_dg02_mb_146_03.mmo,13000380,E10*装饰卡片,图片卡,3,96
hd0_ep14_dg02_st00.sstg;hd0_ep14_dg02_st01.sstg,ep14_dg02_mb_146_02.mmo,13000361,P11*能力宝石,图片卡,3,4
hd0_ep14_dg02_st00.sstg;hd0_ep14_dg02_st01.sstg,ep14_dg02_mb_146_02.mmo,13000380,E10*装饰卡片,图片卡,3,96
hd0_ep14_dg02_st00.sstg;hd0_ep14_dg02_st01.sstg,ep14_dg02_mb_146_00.mmo,13000361,P11*能力宝石,图片卡,3,4
hd0_ep14_dg02_st00.sstg;hd0_ep14_dg02_st01.sstg,ep14_dg02_mb_146_00.mmo,13000380,E10*装饰卡片,图片卡,3,96
hd0_ep14_dg02_st00.sstg;hd0_ep14_dg02_st01.sstg,ep14_dg02_mb_145_03.mmo,13000382,E12*装饰卡片,图片卡,3,80
hd0_ep14_dg02_st00.sstg;hd0_ep14_dg02_st01.sstg,ep14_dg02_mb_145_03.mmo,13000388,E18*宠物天使,图片卡,3,10
hd0_ep14_dg02_st00.sstg;hd0_ep14_dg02_st01.sstg,ep14_dg02_mb_145_03.mmo,13000389,E19*宠物天使,图片卡,3,10
hd0_ep14_dg02_st00.sstg;hd0_ep14_dg02_st01.sstg,ep14_dg02_mb_145_02.mmo,13000382,E12*装饰卡片,图片卡,3,80
hd0_ep14_dg02_st00.sstg;hd0_ep14_dg02_st01.sstg,ep14_dg02_mb_145_02.mmo,13000388,E18*宠物天使,图片卡,3,10
hd0_ep14_dg02_st00.sstg;hd0_ep14_dg02_st01.sstg,ep14_dg02_mb_145_02.mmo,13000389,E19*宠物天使,图片卡,3,10
hd0_ep14_dg02_st00.sstg;hd0_ep14_dg02_st01.sstg,ep14_dg02_mb_145_01.mmo,13000382,E12*装饰卡片,图片卡,3,80
hd0_ep14_dg02_st00.sstg;hd0_ep14_dg02_st01.sstg,ep14_dg02_mb_145_01.mmo,13000388,E18*宠物天使,图片卡,3,10
hd0_ep14_dg02_st00.sstg;hd0_ep14_dg02_st01.sstg,ep14_dg02_mb_145_01.mmo,13000389,E19*宠物天使,图片卡,3,10
hd0_ep14_dg02_st00.sstg;hd0_ep14_dg02_st01.sstg,ep14_dg02_mb_145_00.mmo,13000382,E12*装饰卡片,图片卡,3,80
hd0_ep14_dg02_st00.sstg;hd0_ep14_dg02_st01.sstg,ep14_dg02_mb_145_00.mmo,13000388,E18*宠物天使,图片卡,3,10
hd0_ep14_dg02_st00.sstg;hd0_ep14_dg02_st01.sstg,ep14_dg02_mb_145_00.mmo,13000389,E19*宠物天使,图片卡,3,10
hd0_ep14_dg02_st00.sstg;hd0_ep14_dg02_st01.sstg,ep14_dg02_mb_144_03.mmo,13000363,P13*NaNa秀卡片,图片卡,3,4
hd0_ep14_dg02_st00.sstg;hd0_ep14_dg02_st01.sstg,ep14_dg02_mb_144_03.mmo,13000373,E03*能力宝石,图片卡,3,96
hd0_ep14_dg02_st00.sstg;hd0_ep14_dg02_st01.sstg,ep14_dg02_mb_144_02.mmo,13000363,P13*NaNa秀卡片,图片卡,3,4
hd0_ep14_dg02_st00.sstg;hd0_ep14_dg02_st01.sstg,ep14_dg02_mb_144_02.mmo,13000373,E03*能力宝石,图片卡,3,96
hd0_ep14_dg02_st00.sstg;hd0_ep14_dg02_st01.sstg,ep14_dg02_mb_144_01.mmo,13000363,P13*NaNa秀卡片,图片卡,3,4
hd0_ep14_dg02_st00.sstg;hd0_ep14_dg02_st01.sstg,ep14_dg02_mb_144_01.mmo,13000373,E03*能力宝石,图片卡,3,96
hd0_ep14_dg02_st00.sstg;hd0_ep14_dg02_st01.sstg,ep14_dg02_mb_144_00.mmo,13000363,P13*NaNa秀卡片,图片卡,3,4
hd0_ep14_dg02_st00.sstg;hd0_ep14_dg02_st01.sstg,ep14_dg02_mb_144_00.mmo,13000373,E03*能力宝石,图片卡,3,96
hd0_ep14_dg02_st00.sstg;hd0_ep14_dg02_st01.sstg,ep14_dg02_m_146_03.mmo,13000390,E20*食物卡片,图片卡,5,40
hd0_ep14_dg02_st00.sstg;hd0_ep14_dg02_st01.sstg,ep14_dg02_m_146_03.mmo,13000158,P18_食物卡片,图片卡,5,30
hd0_ep14_dg02_st00.sstg;hd0_ep14_dg02_st01.sstg,ep14_dg02_m_146_03.mmo,13000200,A20_食物卡片,图片卡,5,30
hd0_ep14_dg02_st00.sstg;hd0_ep14_dg02_st01.sstg,ep14_dg02_m_146_02.mmo,13000390,E20*食物卡片,图片卡,5,40
hd0_ep14_dg02_st00.sstg;hd0_ep14_dg02_st01.sstg,ep14_dg02_m_146_02.mmo,13000158,P18_食物卡片,图片卡,5,30
hd0_ep14_dg02_st00.sstg;hd0_ep14_dg02_st01.sstg,ep14_dg02_m_146_02.mmo,13000200,A20_食物卡片,图片卡,5,30
hd0_ep14_dg02_st00.sstg;hd0_ep14_dg02_st01.sstg,ep14_dg02_m_146_01.mmo,13000390,E20*食物卡片,图片卡,5,40
hd0_ep14_dg02_st00.sstg;hd0_ep14_dg02_st01.sstg,ep14_dg02_m_146_01.mmo,13000158,P18_食物卡片,图片卡,5,30
hd0_ep14_dg02_st00.sstg;hd0_ep14_dg02_st01.sstg,ep14_dg02_m_146_01.mmo,13000200,A20_食物卡片,图片卡,5,30
hd0_ep14_dg02_st00.sstg;hd0_ep14_dg02_st01.sstg,ep14_dg02_m_146_00.mmo,13000390,E20*食物卡片,图片卡,5,40
hd0_ep14_dg02_st00.sstg;hd0_ep14_dg02_st01.sstg,ep14_dg02_m_146_00.mmo,13000158,P18_食物卡片,图片卡,5,30
hd0_ep14_dg02_st00.sstg;hd0_ep14_dg02_st01.sstg,ep14_dg02_m_146_00.mmo,13000200,A20_食物卡片,图片卡,5,30
hd0_ep14_dg02_st00.sstg;hd0_ep14_dg02_st01.sstg,ep14_dg02_m_145_03.mmo,13000186,A06_食物卡片,图片卡,5,30
hd0_ep14_dg02_st00.sstg;hd0_ep14_dg02_st01.sstg,ep14_dg02_m_145_03.mmo,13000199,A19_食物卡片,图片卡,5,35
hd0_ep14_dg02_st00.sstg;hd0_ep14_dg02_st01.sstg,ep14_dg02_m_145_03.mmo,13000173,E13_食物卡片,图片卡,5,35
hd0_ep14_dg02_st00.sstg;hd0_ep14_dg02_st01.sstg,ep14_dg02_m_145_02.mmo,13000186,A06_食物卡片,图片卡,5,30
hd0_ep14_dg02_st00.sstg;hd0_ep14_dg02_st01.sstg,ep14_dg02_m_145_02.mmo,13000199,A19_食物卡片,图片卡,5,35
hd0_ep14_dg02_st00.sstg;hd0_ep14_dg02_st01.sstg,ep14_dg02_m_145_02.mmo,13000173,E13_食物卡片,图片卡,5,35
hd0_ep14_dg02_st00.sstg;hd0_ep14_dg02_st01.sstg,ep14_dg02_m_145_01.mmo,13000186,A06_食物卡片,图片卡,5,30
hd0_ep14_dg02_st00.sstg;hd0_ep14_dg02_st01.sstg,ep14_dg02_m_145_01.mmo,13000199,A19_食物卡片,图片卡,5,35
hd0_ep14_dg02_st00.sstg;hd0_ep14_dg02_st01.sstg,ep14_dg02_m_145_01.mmo,13000173,E13_食物卡片,图片卡,5,35
hd0_ep14_dg02_st00.sstg;hd0_ep14_dg02_st01.sstg,ep14_dg02_m_145_00.mmo,13000186,A06_食物卡片,图片卡,5,30
hd0_ep14_dg02_st00.sstg;hd0_ep14_dg02_st01.sstg,ep14_dg02_m_145_00.mmo,13000199,A19_食物卡片,图片卡,5,35
hd0_ep14_dg02_st00.sstg;hd0_ep14_dg02_st01.sstg,ep14_dg02_m_145_00.mmo,13000173,E13_食物卡片,图片卡,5,35
hd0_ep14_dg02_st00.sstg;hd0_ep14_dg02_st01.sstg,ep14_dg02_m_144_03.mmo,13000372,E02*天空之翼,图片卡,5,50
hd0_ep14_dg02_st00.sstg;hd0_ep14_dg02_st01.sstg,ep14_dg02_m_144_03.mmo,13000199,A19_食物卡片,图片卡,5,5
hd0_ep14_dg02_st00.sstg;hd0_ep14_dg02_st01.sstg,ep14_dg02_m_144_03.mmo,12000006,炮弹型 SP +6,SP卡,5,45
hd0_ep14_dg02_st00.sstg;hd0_ep14_dg02_st01.sstg,ep14_dg02_m_144_02.mmo,13000372,E02*天空之翼,图片卡,5,50
hd0_ep14_dg02_st00.sstg;hd0_ep14_dg02_st01.sstg,ep14_dg02_m_144_02.mmo,13000199,A19_食物卡片,图片卡,5,5
hd0_ep14_dg02_st00.sstg;hd0_ep14_dg02_st01.sstg,ep14_dg02_m_144_02.mmo,12000006,炮弹型 SP +6,SP卡,5,45
hd0_ep14_dg02_st00.sstg;hd0_ep14_dg02_st01.sstg,ep14_dg02_m_144_01.mmo,13000372,E02*天空之翼,图片卡,5,50
hd0_ep14_dg02_st00.sstg;hd0_ep14_dg02_st01.sstg,ep14_dg02_m_144_01.mmo,13000199,A19_食物卡片,图片卡,5,5
hd0_ep14_dg02_st00.sstg;hd0_ep14_dg02_st01.sstg,ep14_dg02_m_144_01.mmo,12000006,炮弹型 SP +6,SP卡,5,45
hd0_ep14_dg02_st00.sstg;hd0_ep14_dg02_st01.sstg,ep14_dg02_m_144_00.mmo,13000372,E02*天空之翼,图片卡,5,50
hd0_ep14_dg02_st00.sstg;hd0_ep14_dg02_st01.sstg,ep14_dg02_m_144_00.mmo,13000199,A19_食物卡片,图片卡,5,5
hd0_ep14_dg02_st00.sstg;hd0_ep14_dg02_st01.sstg,ep14_dg02_m_144_00.mmo,12000006,炮弹型 SP +6,SP卡,5,45
hd0_ep14_dg02_st00.sstg,ep14_dg02_M_00.mmo,22000011,幸运卡片A,特殊卡,100,33
hd0_ep14_dg02_st00.sstg,ep14_dg02_M_00.mmo,22000013,幸运卡片C,特殊卡,100,33
hd0_ep14_dg02_st00.sstg,ep14_dg02_M_00.mmo,22000014,幸运卡片D,特殊卡,100,34
hd0_ep14_dg01_st00.sstg,ep14_dg01_obj_03_01.mmo,13000199,A19_食物卡片,图片卡,5,50
hd0_ep14_dg01_st00.sstg,ep14_dg01_obj_03_01.mmo,13000158,P18_食物卡片,图片卡,5,50
hd0_ep14_dg01_st00.sstg,ep14_dg01_obj_03_00.mmo,13000199,A19_食物卡片,图片卡,5,50
hd0_ep14_dg01_st00.sstg,ep14_dg01_obj_03_00.mmo,13000158,P18_食物卡片,图片卡,5,50
hd0_ep14_dg01_st00.sstg,ep14_dg01_mb_143_03.mmo,13000360,P10*能力宝石,图片卡,3,80
hd0_ep14_dg01_st00.sstg,ep14_dg01_mb_143_03.mmo,13000386,E16*宠物天使,图片卡,3,10
hd0_ep14_dg01_st00.sstg,ep14_dg01_mb_143_03.mmo,13000387,E17*宠物天使,图片卡,3,10
hd0_ep14_dg01_st00.sstg,ep14_dg01_mb_143_02.mmo,13000360,P10*能力宝石,图片卡,3,80
hd0_ep14_dg01_st00.sstg,ep14_dg01_mb_143_02.mmo,13000386,E16*宠物天使,图片卡,3,10
hd0_ep14_dg01_st00.sstg,ep14_dg01_mb_143_02.mmo,13000387,E17*宠物天使,图片卡,3,10
hd0_ep14_dg01_st00.sstg,ep14_dg01_mb_143_01.mmo,13000360,P10*能力宝石,图片卡,3,80
hd0_ep14_dg01_st00.sstg,ep14_dg01_mb_143_01.mmo,13000386,E16*宠物天使,图片卡,3,10
hd0_ep14_dg01_st00.sstg,ep14_dg01_mb_143_01.mmo,13000387,E17*宠物天使,图片卡,3,10
hd0_ep14_dg01_st00.sstg,ep14_dg01_mb_143_00.mmo,13000360,P10*能力宝石,图片卡,3,80
hd0_ep14_dg01_st00.sstg,ep14_dg01_mb_143_00.mmo,13000386,E16*宠物天使,图片卡,3,10
hd0_ep14_dg01_st00.sstg,ep14_dg01_mb_143_00.mmo,13000387,E17*宠物天使,图片卡,3,10
hd0_ep14_dg01_st00.sstg,ep14_dg01_mb_142_03.mmo,13000359,P09*装饰卡片,图片卡,3,4
hd0_ep14_dg01_st00.sstg,ep14_dg01_mb_142_03.mmo,13000381,E11*NaNa秀卡片,图片卡,3,96
hd0_ep14_dg01_st00.sstg,ep14_dg01_mb_142_02.mmo,13000359,P09*装饰卡片,图片卡,3,4
hd0_ep14_dg01_st00.sstg,ep14_dg01_mb_142_02.mmo,13000381,E11*NaNa秀卡片,图片卡,3,96
hd0_ep14_dg01_st00.sstg,ep14_dg01_mb_142_01.mmo,13000359,P09*装饰卡片,图片卡,3,4
hd0_ep14_dg01_st00.sstg,ep14_dg01_mb_142_01.mmo,13000381,E11*NaNa秀卡片,图片卡,3,96
hd0_ep14_dg01_st00.sstg,ep14_dg01_mb_142_00.mmo,13000359,P09*装饰卡片,图片卡,3,4
hd0_ep14_dg01_st00.sstg,ep14_dg01_mb_142_00.mmo,13000381,E11*NaNa秀卡片,图片卡,3,96
hd0_ep14_dg01_st00.sstg,ep14_dg01_mb_141_03.mmo,13000384,E14*宠物天使,图片卡,3,10
hd0_ep14_dg01_st00.sstg,ep14_dg01_mb_141_03.mmo,13000385,E15*宠物天使,图片卡,3,10
hd0_ep14_dg01_st00.sstg,ep14_dg01_mb_141_03.mmo,13000087,C07_能力宝石,图片卡,3,80
hd0_ep14_dg01_st00.sstg,ep14_dg01_mb_141_02.mmo,13000384,E14*宠物天使,图片卡,3,10
hd0_ep14_dg01_st00.sstg,ep14_dg01_mb_141_02.mmo,13000385,E15*宠物天使,图片卡,3,10
hd0_ep14_dg01_st00.sstg,ep14_dg01_mb_141_02.mmo,13000087,C07_能力宝石,图片卡,3,80
hd0_ep14_dg01_st00.sstg,ep14_dg01_mb_141_01.mmo,13000384,E14*宠物天使,图片卡,3,10
hd0_ep14_dg01_st00.sstg,ep14_dg01_mb_141_01.mmo,13000385,E15*宠物天使,图片卡,3,10
hd0_ep14_dg01_st00.sstg,ep14_dg01_mb_141_01.mmo,13000087,C07_能力宝石,图片卡,3,80
hd0_ep14_dg01_st00.sstg,ep14_dg01_mb_141_00.mmo,13000384,E14*宠物天使,图片卡,3,10
hd0_ep14_dg01_st00.sstg,ep14_dg01_mb_141_00.mmo,13000385,E15*宠物天使,图片卡,3,10
hd0_ep14_dg01_st00.sstg,ep14_dg01_mb_141_00.mmo,13000087,C07_能力宝石,图片卡,3,80
hd0_ep14_dg01_st00.sstg,ep14_dg01_m_143_03.mmo,13000158,P18_食物卡片,图片卡,5,30
hd0_ep14_dg01_st00.sstg,ep14_dg01_m_143_03.mmo,13000179,E19_食物卡片,图片卡,5,35
hd0_ep14_dg01_st00.sstg,ep14_dg01_m_143_03.mmo,13000200,A20_食物卡片,图片卡,5,35
hd0_ep14_dg01_st00.sstg,ep14_dg01_m_143_02.mmo,13000158,P18_食物卡片,图片卡,5,30
hd0_ep14_dg01_st00.sstg,ep14_dg01_m_143_02.mmo,13000179,E19_食物卡片,图片卡,5,35
hd0_ep14_dg01_st00.sstg,ep14_dg01_m_143_02.mmo,13000200,A20_食物卡片,图片卡,5,35
hd0_ep14_dg01_st00.sstg,ep14_dg01_m_143_01.mmo,13000158,P18_食物卡片,图片卡,5,30
hd0_ep14_dg01_st00.sstg,ep14_dg01_m_143_01.mmo,13000179,E19_食物卡片,图片卡,5,35
hd0_ep14_dg01_st00.sstg,ep14_dg01_m_143_01.mmo,13000200,A20_食物卡片,图片卡,5,35
hd0_ep14_dg01_st00.sstg,ep14_dg01_m_143_00.mmo,13000158,P18_食物卡片,图片卡,5,30
hd0_ep14_dg01_st00.sstg,ep14_dg01_m_143_00.mmo,13000179,E19_食物卡片,图片卡,5,35
hd0_ep14_dg01_st00.sstg,ep14_dg01_m_143_00.mmo,13000200,A20_食物卡片,图片卡,5,35
hd0_ep14_dg01_st00.sstg,ep14_dg01_m_142_03.mmo,13000371,E01*天空之翼,图片卡,5,50
hd0_ep14_dg01_st00.sstg,ep14_dg01_m_142_03.mmo,13000186,A06_食物卡片,图片卡,5,5
hd0_ep14_dg01_st00.sstg,ep14_dg01_m_142_03.mmo,12000006,炮弹型 SP +6,SP卡,5,45
hd0_ep14_dg01_st00.sstg,ep14_dg01_m_142_02.mmo,13000371,E01*天空之翼,图片卡,5,50
hd0_ep14_dg01_st00.sstg,ep14_dg01_m_142_02.mmo,13000186,A06_食物卡片,图片卡,5,5
hd0_ep14_dg01_st00.sstg,ep14_dg01_m_142_02.mmo,12000006,炮弹型 SP +6,SP卡,5,45
hd0_ep14_dg01_st00.sstg,ep14_dg01_m_142_01.mmo,13000371,E01*天空之翼,图片卡,5,50
hd0_ep14_dg01_st00.sstg,ep14_dg01_m_142_01.mmo,13000186,A06_食物卡片,图片卡,5,5
hd0_ep14_dg01_st00.sstg,ep14_dg01_m_142_01.mmo,12000006,炮弹型 SP +6,SP卡,5,45
hd0_ep14_dg01_st00.sstg,ep14_dg01_m_142_00.mmo,13000371,E01*天空之翼,图片卡,5,50
hd0_ep14_dg01_st00.sstg,ep14_dg01_m_142_00.mmo,13000186,A06_食物卡片,图片卡,5,5
hd0_ep14_dg01_st00.sstg,ep14_dg01_m_142_00.mmo,12000006,炮弹型 SP +6,SP卡,5,45
hd0_ep14_dg01_st00.sstg,ep14_dg01_m_141_03.mmo,13000199,A19_食物卡片,图片卡,5,30
hd0_ep14_dg01_st00.sstg,ep14_dg01_m_141_03.mmo,13000158,P18_食物卡片,图片卡,5,35
hd0_ep14_dg01_st00.sstg,ep14_dg01_m_141_03.mmo,13000173,E13_食物卡片,图片卡,5,35
hd0_ep14_dg01_st00.sstg,ep14_dg01_m_141_02.mmo,13000199,A19_食物卡片,图片卡,5,30
hd0_ep14_dg01_st00.sstg,ep14_dg01_m_141_02.mmo,13000158,P18_食物卡片,图片卡,5,35
hd0_ep14_dg01_st00.sstg,ep14_dg01_m_141_02.mmo,13000173,E13_食物卡片,图片卡,5,35
hd0_ep14_dg01_st00.sstg,ep14_dg01_m_141_01.mmo,13000199,A19_食物卡片,图片卡,5,30
hd0_ep14_dg01_st00.sstg,ep14_dg01_m_141_01.mmo,13000158,P18_食物卡片,图片卡,5,35
hd0_ep14_dg01_st00.sstg,ep14_dg01_m_141_01.mmo,13000173,E13_食物卡片,图片卡,5,35
hd0_ep14_dg01_st00.sstg,ep14_dg01_m_141_00.mmo,13000199,A19_食物卡片,图片卡,5,30
hd0_ep14_dg01_st00.sstg,ep14_dg01_m_141_00.mmo,13000158,P18_食物卡片,图片卡,5,35
hd0_ep14_dg01_st00.sstg,ep14_dg01_m_141_00.mmo,13000173,E13_食物卡片,图片卡,5,35
hd0_ep14_dg01_st00.sstg,ep14_dg01_M_00.mmo,22000011,幸运卡片A,特殊卡,100,33
hd0_ep14_dg01_st00.sstg,ep14_dg01_M_00.mmo,22000012,幸运卡片B,特殊卡,100,34
hd0_ep14_dg01_st00.sstg,ep14_dg01_M_00.mmo,22000014,幸运卡片D,特殊卡,100,33
hd0_ep14_dg00_st00.sstg,ep14_dg00_mb_140_03.mmo,13000354,P04*属性宝石,图片卡,3,4
hd0_ep14_dg00_st00.sstg,ep14_dg00_mb_140_03.mmo,13000362,P12*装饰卡片,图片卡,3,96
hd0_ep14_dg00_st00.sstg,ep14_dg00_mb_140_02.mmo,13000354,P04*属性宝石,图片卡,3,4
hd0_ep14_dg00_st00.sstg,ep14_dg00_mb_140_02.mmo,13000362,P12*装饰卡片,图片卡,3,96
hd0_ep14_dg00_st00.sstg,ep14_dg00_mb_140_01.mmo,13000354,P04*属性宝石,图片卡,3,4
hd0_ep14_dg00_st00.sstg,ep14_dg00_mb_140_01.mmo,13000362,P12*装饰卡片,图片卡,3,96
hd0_ep14_dg00_st00.sstg,ep14_dg00_mb_140_00.mmo,13000354,P04*属性宝石,图片卡,3,4
hd0_ep14_dg00_st00.sstg,ep14_dg00_mb_140_00.mmo,13000362,P12*装饰卡片,图片卡,3,96
hd0_ep14_dg00_st00.sstg,ep14_dg00_mb_139_03.mmo,13000368,P18*宠物天使,图片卡,3,10
hd0_ep14_dg00_st00.sstg,ep14_dg00_mb_139_03.mmo,13000369,P19*宠物天使,图片卡,3,10
hd0_ep14_dg00_st00.sstg,ep14_dg00_mb_139_03.mmo,13000078,G18_能力宝石,图片卡,3,80
hd0_ep14_dg00_st00.sstg,ep14_dg00_mb_139_02.mmo,13000368,P18*宠物天使,图片卡,3,10
hd0_ep14_dg00_st00.sstg,ep14_dg00_mb_139_02.mmo,13000369,P19*宠物天使,图片卡,3,10
hd0_ep14_dg00_st00.sstg,ep14_dg00_mb_139_02.mmo,13000078,G18_能力宝石,图片卡,3,80
hd0_ep14_dg00_st00.sstg,ep14_dg00_mb_139_01.mmo,13000368,P18*宠物天使,图片卡,3,10
hd0_ep14_dg00_st00.sstg,ep14_dg00_mb_139_01.mmo,13000369,P19*宠物天使,图片卡,3,10
hd0_ep14_dg00_st00.sstg,ep14_dg00_mb_139_01.mmo,13000078,G18_能力宝石,图片卡,3,80
hd0_ep14_dg00_st00.sstg,ep14_dg00_mb_139_00.mmo,13000368,P18*宠物天使,图片卡,3,10
hd0_ep14_dg00_st00.sstg,ep14_dg00_mb_139_00.mmo,13000369,P19*宠物天使,图片卡,3,10
hd0_ep14_dg00_st00.sstg,ep14_dg00_mb_139_00.mmo,13000078,G18_能力宝石,图片卡,3,80
hd0_ep14_dg00_st00.sstg,ep14_dg00_mb_138_03.mmo,13000374,E04*能力宝石,图片卡,3,40
hd0_ep14_dg00_st00.sstg,ep14_dg00_mb_138_03.mmo,13000375,E05*能力宝石,图片卡,3,60
hd0_ep14_dg00_st00.sstg,ep14_dg00_mb_138_02.mmo,13000374,E04*能力宝石,图片卡,3,40
hd0_ep14_dg00_st00.sstg,ep14_dg00_mb_138_02.mmo,13000375,E05*能力宝石,图片卡,3,60
hd0_ep14_dg00_st00.sstg,ep14_dg00_mb_138_02.mmo,13000356,P06*食物卡片,图片卡,5,60
hd0_ep14_dg00_st00.sstg,ep14_dg00_mb_138_02.mmo,13000158,P18_食物卡片,图片卡,5,40
hd0_ep14_dg00_st00.sstg,ep14_dg00_mb_138_01.mmo,13000374,E04*能力宝石,图片卡,3,40
hd0_ep14_dg00_st00.sstg,ep14_dg00_mb_138_01.mmo,13000375,E05*能力宝石,图片卡,3,60
hd0_ep14_dg00_st00.sstg,ep14_dg00_mb_138_00.mmo,13000374,E04*能力宝石,图片卡,3,40
hd0_ep14_dg00_st00.sstg,ep14_dg00_mb_138_00.mmo,13000375,E05*能力宝石,图片卡,3,60
hd0_ep14_dg00_st00.sstg,ep14_dg00_mb_138_00.mmo,13000356,P06*食物卡片,图片卡,5,60
hd0_ep14_dg00_st00.sstg,ep14_dg00_mb_138_00.mmo,13000158,P18_食物卡片,图片卡,5,40
hd0_ep14_dg00_st00.sstg,ep14_dg00_m_140_03.mmo,13000370,P20*食物卡片,图片卡,5,40
hd0_ep14_dg00_st00.sstg,ep14_dg00_m_140_03.mmo,13000179,E19_食物卡片,图片卡,5,30
hd0_ep14_dg00_st00.sstg,ep14_dg00_m_140_03.mmo,13000200,A20_食物卡片,图片卡,5,30
hd0_ep14_dg00_st00.sstg,ep14_dg00_m_140_02.mmo,13000370,P20*食物卡片,图片卡,5,40
hd0_ep14_dg00_st00.sstg,ep14_dg00_m_140_02.mmo,13000179,E19_食物卡片,图片卡,5,30
hd0_ep14_dg00_st00.sstg,ep14_dg00_m_140_02.mmo,13000200,A20_食物卡片,图片卡,5,30
hd0_ep14_dg00_st00.sstg,ep14_dg00_m_140_01.mmo,13000370,P20*食物卡片,图片卡,5,40
hd0_ep14_dg00_st00.sstg,ep14_dg00_m_140_01.mmo,13000179,E19_食物卡片,图片卡,5,30
hd0_ep14_dg00_st00.sstg,ep14_dg00_m_140_01.mmo,13000200,A20_食物卡片,图片卡,5,30
hd0_ep14_dg00_st00.sstg,ep14_dg00_m_140_00.mmo,13000370,P20*食物卡片,图片卡,5,40
hd0_ep14_dg00_st00.sstg,ep14_dg00_m_140_00.mmo,13000179,E19_食物卡片,图片卡,5,30
hd0_ep14_dg00_st00.sstg,ep14_dg00_m_140_00.mmo,13000200,A20_食物卡片,图片卡,5,30
hd0_ep14_dg00_st00.sstg,ep14_dg00_m_139_03.mmo,13000179,E19_食物卡片,图片卡,5,50
hd0_ep14_dg00_st00.sstg,ep14_dg00_m_139_03.mmo,13000186,A06_食物卡片,图片卡,5,50
hd0_ep14_dg00_st00.sstg,ep14_dg00_m_139_02.mmo,13000179,E19_食物卡片,图片卡,5,50
hd0_ep14_dg00_st00.sstg,ep14_dg00_m_139_02.mmo,13000186,A06_食物卡片,图片卡,5,50
hd0_ep14_dg00_st00.sstg,ep14_dg00_m_139_01.mmo,13000179,E19_食物卡片,图片卡,5,50
hd0_ep14_dg00_st00.sstg,ep14_dg00_m_139_01.mmo,13000186,A06_食物卡片,图片卡,5,50
hd0_ep14_dg00_st00.sstg,ep14_dg00_m_139_00.mmo,13000179,E19_食物卡片,图片卡,5,50
hd0_ep14_dg00_st00.sstg,ep14_dg00_m_139_00.mmo,13000186,A06_食物卡片,图片卡,5,50
hd0_ep14_dg00_st00.sstg,ep14_dg00_m_138_03.mmo,13000356,P06*食物卡片,图片卡,5,40
hd0_ep14_dg00_st00.sstg,ep14_dg00_m_138_03.mmo,13000158,P18_食物卡片,图片卡,5,30
hd0_ep14_dg00_st00.sstg,ep14_dg00_m_138_03.mmo,13000173,E13_食物卡片,图片卡,5,30
hd0_ep14_dg00_st00.sstg,ep14_dg00_m_138_02.mmo,13000356,P06*食物卡片,图片卡,5,40
hd0_ep14_dg00_st00.sstg,ep14_dg00_m_138_02.mmo,13000158,P18_食物卡片,图片卡,5,30
hd0_ep14_dg00_st00.sstg,ep14_dg00_m_138_02.mmo,13000173,E13_食物卡片,图片卡,5,30
hd0_ep14_dg00_st00.sstg,ep14_dg00_m_138_01.mmo,13000356,P06*食物卡片,图片卡,5,40
hd0_ep14_dg00_st00.sstg,ep14_dg00_m_138_01.mmo,13000158,P18_食物卡片,图片卡,5,30
hd0_ep14_dg00_st00.sstg,ep14_dg00_m_138_01.mmo,13000173,E13_食物卡片,图片卡,5,30
hd0_ep14_dg00_st00.sstg,ep14_dg00_m_138_00.mmo,13000356,P06*食物卡片,图片卡,5,40
hd0_ep14_dg00_st00.sstg,ep14_dg00_m_138_00.mmo,13000158,P18_食物卡片,图片卡,5,30
hd0_ep14_dg00_st00.sstg,ep14_dg00_m_138_00.mmo,13000173,E13_食物卡片,图片卡,5,30
hd0_ep14_dg00_st00.sstg,ep14_dg00_M_00.mmo,22000011,幸运卡片A,特殊卡,100,34
hd0_ep14_dg00_st00.sstg,ep14_dg00_M_00.mmo,22000012,幸运卡片B,特殊卡,100,33
hd0_ep14_dg00_st00.sstg,ep14_dg00_M_00.mmo,22000013,幸运卡片C,特殊卡,100,33
hd0_ep14_dg02_st01.sstg,ep14_bbm_00_M.bmo,13000388,E18*宠物天使,图片卡,50,20
hd0_ep14_dg02_st01.sstg,ep14_bbm_00_M.bmo,13000389,E19*宠物天使,图片卡,50,20
hd0_ep14_dg02_st01.sstg,ep14_bbm_00_M.bmo,13000370,P20*食物卡片,图片卡,50,60
hd0_ep14_dg02_st01.sstg,ep14_bbm_00_L.bmo,13000388,E18*宠物天使,图片卡,50,20
hd0_ep14_dg02_st01.sstg,ep14_bbm_00_L.bmo,13000389,E19*宠物天使,图片卡,50,20
hd0_ep14_dg02_st01.sstg,ep14_bbm_00_L.bmo,13000370,P20*食物卡片,图片卡,50,60
hd0_ep14_dg02_st01.sstg,ep14_bbm_00_H.bmo,13000388,E18*宠物天使,图片卡,50,20
hd0_ep14_dg02_st01.sstg,ep14_bbm_00_H.bmo,13000389,E19*宠物天使,图片卡,50,20
hd0_ep14_dg02_st01.sstg,ep14_bbm_00_H.bmo,13000370,P20*食物卡片,图片卡,50,60
hd0_ep13_dg00_st00.sstg;hd0_ep13_dg01_st00.sstg;hd0_ep13_dg02_st00.sstg,ep13_mb_T_00.mmo,22000015,幸运卡片E,特殊卡,100,100
hd0_ep13_dg00_st00.sstg;hd0_ep13_dg01_st00.sstg;hd0_ep13_dg02_st00.sstg;hd0_ep13_dg02_st01.sstg,ep13_mb_R_00.mmo,22000017,幸运卡片G,特殊卡,100,100
hd0_ep13_dg00_st00.sstg;hd0_ep13_dg01_st00.sstg;hd0_ep13_dg02_st00.sstg,ep13_mb_C_woman.mmo,22000016,幸运卡片F,特殊卡,100,100
hd0_ep13_dg00_st00.sstg;hd0_ep13_dg01_st00.sstg;hd0_ep13_dg02_st00.sstg,ep13_mb_C_man.mmo,22000016,幸运卡片F,特殊卡,100,100
hd0_ep13_dg02_st00.sstg,ep13_ending_02_M.bmo,13000364,P14*宠物天使,图片卡,50,20
hd0_ep13_dg02_st00.sstg,ep13_ending_02_M.bmo,13000365,P15*宠物天使,图片卡,50,20
hd0_ep13_dg02_st00.sstg,ep13_ending_02_M.bmo,13000339,V09*食物卡片,图片卡,50,60
hd0_ep13_dg02_st00.sstg,ep13_ending_02_L.bmo,13000364,P14*宠物天使,图片卡,50,20
hd0_ep13_dg02_st00.sstg,ep13_ending_02_L.bmo,13000365,P15*宠物天使,图片卡,50,20
hd0_ep13_dg02_st00.sstg,ep13_ending_02_L.bmo,13000339,V09*食物卡片,图片卡,50,60
hd0_ep13_dg02_st00.sstg,ep13_ending_02_H.bmo,13000364,P14*宠物天使,图片卡,50,20
hd0_ep13_dg02_st00.sstg,ep13_ending_02_H.bmo,13000365,P15*宠物天使,图片卡,50,20
hd0_ep13_dg02_st00.sstg,ep13_ending_02_H.bmo,13000339,V09*食物卡片,图片卡,50,60
hd0_ep13_dg01_st00.sstg,ep13_ending_01_M.bmo,13000348,V18*宠物天使,图片卡,50,20
hd0_ep13_dg01_st00.sstg,ep13_ending_01_M.bmo,13000349,V19*宠物天使,图片卡,50,20
hd0_ep13_dg01_st00.sstg,ep13_ending_01_M.bmo,13000339,V09*食物卡片,图片卡,50,60
hd0_ep13_dg01_st00.sstg,ep13_ending_01_L.bmo,13000348,V18*宠物天使,图片卡,50,20
hd0_ep13_dg01_st00.sstg,ep13_ending_01_L.bmo,13000349,V19*宠物天使,图片卡,50,20
hd0_ep13_dg01_st00.sstg,ep13_ending_01_L.bmo,13000339,V09*食物卡片,图片卡,50,60
hd0_ep13_dg01_st00.sstg,ep13_ending_01_H.bmo,13000348,V18*宠物天使,图片卡,50,20
hd0_ep13_dg01_st00.sstg,ep13_ending_01_H.bmo,13000349,V19*宠物天使,图片卡,50,20
hd0_ep13_dg01_st00.sstg,ep13_ending_01_H.bmo,13000339,V09*食物卡片,图片卡,50,60
hd0_ep13_dg00_st00.sstg,ep13_ending_00_M.bmo,13000346,V16*宠物天使,图片卡,50,20
hd0_ep13_dg00_st00.sstg,ep13_ending_00_M.bmo,13000347,V17*宠物天使,图片卡,50,20
hd0_ep13_dg00_st00.sstg,ep13_ending_00_M.bmo,13000339,V09*食物卡片,图片卡,50,60
hd0_ep13_dg00_st00.sstg,ep13_ending_00_L.bmo,13000346,V16*宠物天使,图片卡,50,20
hd0_ep13_dg00_st00.sstg,ep13_ending_00_L.bmo,13000347,V17*宠物天使,图片卡,50,20
hd0_ep13_dg00_st00.sstg,ep13_ending_00_L.bmo,13000339,V09*食物卡片,图片卡,50,60
hd0_ep13_dg00_st00.sstg,ep13_ending_00_H.bmo,13000346,V16*宠物天使,图片卡,50,20
hd0_ep13_dg00_st00.sstg,ep13_ending_00_H.bmo,13000347,V17*宠物天使,图片卡,50,20
hd0_ep13_dg00_st00.sstg,ep13_ending_00_H.bmo,13000339,V09*食物卡片,图片卡,50,60
hd0_ep13_dg02_st01.sstg,ep13_dg03_M_00.mmo,22000012,幸运卡片B,特殊卡,100,33
hd0_ep13_dg02_st01.sstg,ep13_dg03_M_00.mmo,22000013,幸运卡片C,特殊卡,100,34
hd0_ep13_dg02_st01.sstg,ep13_dg03_M_00.mmo,22000014,幸运卡片D,特殊卡,100,33
hd0_ep13_dg02_st00.sstg;hd0_ep13_dg02_st01.sstg,ep13_dg02_mb_137_03.mmo,13000337,V07*属性宝石,图片卡,3,4
hd0_ep13_dg02_st00.sstg;hd0_ep13_dg02_st01.sstg,ep13_dg02_mb_137_03.mmo,13000358,P08*NaNa秀卡片,图片卡,3,96
hd0_ep13_dg02_st00.sstg;hd0_ep13_dg02_st01.sstg,ep13_dg02_mb_137_03.mmo,13000352,P02*天空之翼,图片卡,5,55
hd0_ep13_dg02_st00.sstg;hd0_ep13_dg02_st01.sstg,ep13_dg02_mb_137_03.mmo,13000199,A19_食物卡片,图片卡,5,5
hd0_ep13_dg02_st00.sstg;hd0_ep13_dg02_st01.sstg,ep13_dg02_mb_137_03.mmo,12000015,肉弹型 SP +5,SP卡,5,40
hd0_ep13_dg02_st00.sstg;hd0_ep13_dg02_st01.sstg,ep13_dg02_mb_137_02.mmo,13000337,V07*属性宝石,图片卡,3,4
hd0_ep13_dg02_st00.sstg;hd0_ep13_dg02_st01.sstg,ep13_dg02_mb_137_02.mmo,13000358,P08*NaNa秀卡片,图片卡,3,96
hd0_ep13_dg02_st00.sstg;hd0_ep13_dg02_st01.sstg,ep13_dg02_mb_137_01.mmo,13000337,V07*属性宝石,图片卡,3,4
hd0_ep13_dg02_st00.sstg;hd0_ep13_dg02_st01.sstg,ep13_dg02_mb_137_01.mmo,13000358,P08*NaNa秀卡片,图片卡,3,96
hd0_ep13_dg02_st00.sstg;hd0_ep13_dg02_st01.sstg,ep13_dg02_mb_137_00.mmo,13000337,V07*属性宝石,图片卡,3,4
hd0_ep13_dg02_st00.sstg;hd0_ep13_dg02_st01.sstg,ep13_dg02_mb_137_00.mmo,13000358,P08*NaNa秀卡片,图片卡,3,36
hd0_ep13_dg02_st00.sstg;hd0_ep13_dg02_st01.sstg,ep13_dg02_mb_136_03.mmo,13000355,P05*能力宝石,图片卡,3,80
hd0_ep13_dg02_st00.sstg;hd0_ep13_dg02_st01.sstg,ep13_dg02_mb_136_03.mmo,13000366,P16*宠物天使,图片卡,3,10
hd0_ep13_dg02_st00.sstg;hd0_ep13_dg02_st01.sstg,ep13_dg02_mb_136_03.mmo,13000367,P17*宠物天使,图片卡,3,10
hd0_ep13_dg02_st00.sstg;hd0_ep13_dg02_st01.sstg,ep13_dg02_mb_136_03.mmo,13000186,A06_食物卡片,图片卡,5,50
hd0_ep13_dg02_st00.sstg;hd0_ep13_dg02_st01.sstg,ep13_dg02_mb_136_03.mmo,13000199,A19_食物卡片,图片卡,5,50
hd0_ep13_dg02_st00.sstg;hd0_ep13_dg02_st01.sstg,ep13_dg02_mb_136_02.mmo,13000355,P05*能力宝石,图片卡,3,80
hd0_ep13_dg02_st00.sstg;hd0_ep13_dg02_st01.sstg,ep13_dg02_mb_136_02.mmo,13000366,P16*宠物天使,图片卡,3,10
hd0_ep13_dg02_st00.sstg;hd0_ep13_dg02_st01.sstg,ep13_dg02_mb_136_02.mmo,13000367,P17*宠物天使,图片卡,3,10
hd0_ep13_dg02_st00.sstg;hd0_ep13_dg02_st01.sstg,ep13_dg02_mb_136_01.mmo,13000355,P05*能力宝石,图片卡,3,80
hd0_ep13_dg02_st00.sstg;hd0_ep13_dg02_st01.sstg,ep13_dg02_mb_136_01.mmo,13000366,P16*宠物天使,图片卡,3,10
hd0_ep13_dg02_st00.sstg;hd0_ep13_dg02_st01.sstg,ep13_dg02_mb_136_01.mmo,13000367,P17*宠物天使,图片卡,3,10
hd0_ep13_dg02_st00.sstg;hd0_ep13_dg02_st01.sstg,ep13_dg02_mb_136_00.mmo,13000355,P05*能力宝石,图片卡,3,80
hd0_ep13_dg02_st00.sstg;hd0_ep13_dg02_st01.sstg,ep13_dg02_mb_136_00.mmo,13000366,P16*宠物天使,图片卡,3,10
hd0_ep13_dg02_st00.sstg;hd0_ep13_dg02_st01.sstg,ep13_dg02_mb_136_00.mmo,13000367,P17*宠物天使,图片卡,3,10
hd0_ep13_dg02_st00.sstg;hd0_ep13_dg02_st01.sstg,ep13_dg02_mb_135_03.mmo,13000343,V13*NaNa秀卡片,图片卡,3,4
hd0_ep13_dg02_st00.sstg;hd0_ep13_dg02_st01.sstg,ep13_dg02_mb_135_03.mmo,13000357,P07*装饰卡片,图片卡,3,96
hd0_ep13_dg02_st00.sstg;hd0_ep13_dg02_st01.sstg,ep13_dg02_mb_135_03.mmo,13000351,P01*天空之翼,图片卡,3,60
hd0_ep13_dg02_st00.sstg;hd0_ep13_dg02_st01.sstg,ep13_dg02_mb_135_03.mmo,13000186,A06_食物卡片,图片卡,3,40
hd0_ep13_dg02_st00.sstg;hd0_ep13_dg02_st01.sstg,ep13_dg02_mb_135_02.mmo,13000343,V13*NaNa秀卡片,图片卡,3,4
hd0_ep13_dg02_st00.sstg;hd0_ep13_dg02_st01.sstg,ep13_dg02_mb_135_02.mmo,13000357,P07*装饰卡片,图片卡,3,96
hd0_ep13_dg02_st00.sstg;hd0_ep13_dg02_st01.sstg,ep13_dg02_mb_135_01.mmo,13000343,V13*NaNa秀卡片,图片卡,3,4
hd0_ep13_dg02_st00.sstg;hd0_ep13_dg02_st01.sstg,ep13_dg02_mb_135_01.mmo,13000357,P07*装饰卡片,图片卡,3,96
hd0_ep13_dg02_st00.sstg;hd0_ep13_dg02_st01.sstg,ep13_dg02_mb_135_00.mmo,13000343,V13*NaNa秀卡片,图片卡,3,4
hd0_ep13_dg02_st00.sstg;hd0_ep13_dg02_st01.sstg,ep13_dg02_mb_135_00.mmo,13000357,P07*装饰卡片,图片卡,3,96
hd0_ep13_dg02_st00.sstg;hd0_ep13_dg02_st01.sstg,ep13_dg02_m_137_03.mmo,13000352,P02*天空之翼,图片卡,5,55
hd0_ep13_dg02_st00.sstg;hd0_ep13_dg02_st01.sstg,ep13_dg02_m_137_03.mmo,13000199,A19_食物卡片,图片卡,5,5
hd0_ep13_dg02_st00.sstg;hd0_ep13_dg02_st01.sstg,ep13_dg02_m_137_03.mmo,12000015,肉弹型 SP +5,SP卡,5,40
hd0_ep13_dg02_st00.sstg;hd0_ep13_dg02_st01.sstg,ep13_dg02_m_137_02.mmo,13000352,P02*天空之翼,图片卡,5,55
hd0_ep13_dg02_st00.sstg;hd0_ep13_dg02_st01.sstg,ep13_dg02_m_137_02.mmo,13000199,A19_食物卡片,图片卡,5,5
hd0_ep13_dg02_st00.sstg;hd0_ep13_dg02_st01.sstg,ep13_dg02_m_137_02.mmo,12000015,肉弹型 SP +5,SP卡,5,40
hd0_ep13_dg02_st00.sstg;hd0_ep13_dg02_st01.sstg,ep13_dg02_m_137_01.mmo,13000352,P02*天空之翼,图片卡,5,55
hd0_ep13_dg02_st00.sstg;hd0_ep13_dg02_st01.sstg,ep13_dg02_m_137_01.mmo,13000199,A19_食物卡片,图片卡,5,5
hd0_ep13_dg02_st00.sstg;hd0_ep13_dg02_st01.sstg,ep13_dg02_m_137_01.mmo,12000015,肉弹型 SP +5,SP卡,5,40
hd0_ep13_dg02_st00.sstg;hd0_ep13_dg02_st01.sstg,ep13_dg02_m_137_00.mmo,13000352,P02*天空之翼,图片卡,5,55
hd0_ep13_dg02_st00.sstg;hd0_ep13_dg02_st01.sstg,ep13_dg02_m_137_00.mmo,13000199,A19_食物卡片,图片卡,5,5
hd0_ep13_dg02_st00.sstg;hd0_ep13_dg02_st01.sstg,ep13_dg02_m_137_00.mmo,12000015,肉弹型 SP +5,SP卡,5,40
hd0_ep13_dg02_st00.sstg;hd0_ep13_dg02_st01.sstg,ep13_dg02_m_136_03.mmo,13000186,A06_食物卡片,图片卡,5,30
hd0_ep13_dg02_st00.sstg;hd0_ep13_dg02_st01.sstg,ep13_dg02_m_136_03.mmo,13000199,A19_食物卡片,图片卡,5,35
hd0_ep13_dg02_st00.sstg;hd0_ep13_dg02_st01.sstg,ep13_dg02_m_136_03.mmo,13000173,E13_食物卡片,图片卡,5,35
hd0_ep13_dg02_st00.sstg;hd0_ep13_dg02_st01.sstg,ep13_dg02_m_136_02.mmo,13000186,A06_食物卡片,图片卡,5,30
hd0_ep13_dg02_st00.sstg;hd0_ep13_dg02_st01.sstg,ep13_dg02_m_136_02.mmo,13000199,A19_食物卡片,图片卡,5,35
hd0_ep13_dg02_st00.sstg;hd0_ep13_dg02_st01.sstg,ep13_dg02_m_136_02.mmo,13000173,E13_食物卡片,图片卡,5,35
hd0_ep13_dg02_st00.sstg;hd0_ep13_dg02_st01.sstg,ep13_dg02_m_136_01.mmo,13000186,A06_食物卡片,图片卡,5,30
hd0_ep13_dg02_st00.sstg;hd0_ep13_dg02_st01.sstg,ep13_dg02_m_136_01.mmo,13000199,A19_食物卡片,图片卡,5,35
hd0_ep13_dg02_st00.sstg;hd0_ep13_dg02_st01.sstg,ep13_dg02_m_136_01.mmo,13000173,E13_食物卡片,图片卡,5,35
hd0_ep13_dg02_st00.sstg;hd0_ep13_dg02_st01.sstg,ep13_dg02_m_136_00.mmo,13000186,A06_食物卡片,图片卡,5,30
hd0_ep13_dg02_st00.sstg;hd0_ep13_dg02_st01.sstg,ep13_dg02_m_136_00.mmo,13000199,A19_食物卡片,图片卡,5,35
hd0_ep13_dg02_st00.sstg;hd0_ep13_dg02_st01.sstg,ep13_dg02_m_136_00.mmo,13000173,E13_食物卡片,图片卡,5,35
hd0_ep13_dg02_st00.sstg;hd0_ep13_dg02_st01.sstg,ep13_dg02_m_135_03.mmo,13000351,P01*天空之翼,图片卡,5,40
hd0_ep13_dg02_st00.sstg;hd0_ep13_dg02_st01.sstg,ep13_dg02_m_135_03.mmo,13000186,A06_食物卡片,图片卡,5,30
hd0_ep13_dg02_st00.sstg;hd0_ep13_dg02_st01.sstg,ep13_dg02_m_135_03.mmo,13000200,A20_食物卡片,图片卡,5,30
hd0_ep13_dg02_st00.sstg;hd0_ep13_dg02_st01.sstg,ep13_dg02_m_135_02.mmo,13000351,P01*天空之翼,图片卡,5,40
hd0_ep13_dg02_st00.sstg;hd0_ep13_dg02_st01.sstg,ep13_dg02_m_135_02.mmo,13000186,A06_食物卡片,图片卡,5,30
hd0_ep13_dg02_st00.sstg;hd0_ep13_dg02_st01.sstg,ep13_dg02_m_135_02.mmo,13000200,A20_食物卡片,图片卡,5,30
hd0_ep13_dg02_st00.sstg;hd0_ep13_dg02_st01.sstg,ep13_dg02_m_135_01.mmo,13000351,P01*天空之翼,图片卡,5,40
hd0_ep13_dg02_st00.sstg;hd0_ep13_dg02_st01.sstg,ep13_dg02_m_135_01.mmo,13000186,A06_食物卡片,图片卡,5,30
hd0_ep13_dg02_st00.sstg;hd0_ep13_dg02_st01.sstg,ep13_dg02_m_135_01.mmo,13000200,A20_食物卡片,图片卡,5,30
hd0_ep13_dg02_st00.sstg;hd0_ep13_dg02_st01.sstg,ep13_dg02_m_135_00.mmo,13000351,P01*天空之翼,图片卡,5,40
hd0_ep13_dg02_st00.sstg;hd0_ep13_dg02_st01.sstg,ep13_dg02_m_135_00.mmo,13000186,A06_食物卡片,图片卡,5,30
hd0_ep13_dg02_st00.sstg;hd0_ep13_dg02_st01.sstg,ep13_dg02_m_135_00.mmo,13000200,A20_食物卡片,图片卡,5,30
hd0_ep13_dg02_st00.sstg,ep13_dg02_M_00.mmo,22000011,幸运卡片A,特殊卡,100,33
hd0_ep13_dg02_st00.sstg,ep13_dg02_M_00.mmo,22000013,幸运卡片C,特殊卡,100,33
hd0_ep13_dg02_st00.sstg,ep13_dg02_M_00.mmo,22000014,幸运卡片D,特殊卡,100,34
hd0_ep13_dg01_st00.sstg,ep13_dg01_mb_134_03.mmo,13000353,P03*能力宝石,图片卡,3,80
hd0_ep13_dg01_st00.sstg,ep13_dg01_mb_134_03.mmo,13000364,P14*宠物天使,图片卡,3,10
hd0_ep13_dg01_st00.sstg,ep13_dg01_mb_134_03.mmo,13000365,P15*宠物天使,图片卡,3,10
hd0_ep13_dg01_st00.sstg,ep13_dg01_mb_134_02.mmo,13000353,P03*能力宝石,图片卡,3,80
hd0_ep13_dg01_st00.sstg,ep13_dg01_mb_134_02.mmo,13000364,P14*宠物天使,图片卡,3,10
hd0_ep13_dg01_st00.sstg,ep13_dg01_mb_134_02.mmo,13000365,P15*宠物天使,图片卡,3,10
hd0_ep13_dg01_st00.sstg,ep13_dg01_mb_134_01.mmo,13000353,P03*能力宝石,图片卡,3,80
hd0_ep13_dg01_st00.sstg,ep13_dg01_mb_134_01.mmo,13000364,P14*宠物天使,图片卡,3,10
hd0_ep13_dg01_st00.sstg,ep13_dg01_mb_134_01.mmo,13000365,P15*宠物天使,图片卡,3,10
hd0_ep13_dg01_st00.sstg,ep13_dg01_mb_134_00.mmo,13000353,P03*能力宝石,图片卡,3,80
hd0_ep13_dg01_st00.sstg,ep13_dg01_mb_134_00.mmo,13000364,P14*宠物天使,图片卡,3,10
hd0_ep13_dg01_st00.sstg,ep13_dg01_mb_134_00.mmo,13000365,P15*宠物天使,图片卡,3,10
hd0_ep13_dg01_st00.sstg,ep13_dg01_mb_133_03.mmo,13000334,V04*能力宝石,图片卡,3,96
hd0_ep13_dg01_st00.sstg,ep13_dg01_mb_133_03.mmo,13000342,V12*装饰卡片,图片卡,3,4
hd0_ep13_dg01_st00.sstg,ep13_dg01_mb_133_02.mmo,13000334,V04*能力宝石,图片卡,3,96
hd0_ep13_dg01_st00.sstg,ep13_dg01_mb_133_02.mmo,13000342,V12*装饰卡片,图片卡,3,4
hd0_ep13_dg01_st00.sstg,ep13_dg01_mb_133_01.mmo,13000334,V04*能力宝石,图片卡,3,96
hd0_ep13_dg01_st00.sstg,ep13_dg01_mb_133_01.mmo,13000342,V12*装饰卡片,图片卡,3,4
hd0_ep13_dg01_st00.sstg,ep13_dg01_mb_133_00.mmo,13000334,V04*能力宝石,图片卡,3,96
hd0_ep13_dg01_st00.sstg,ep13_dg01_mb_133_00.mmo,13000342,V12*装饰卡片,图片卡,3,4
hd0_ep13_dg01_st00.sstg,ep13_dg01_mb_132_03.mmo,13000348,V18*宠物天使,图片卡,3,10
hd0_ep13_dg01_st00.sstg,ep13_dg01_mb_132_03.mmo,13000349,V19*宠物天使,图片卡,3,10
hd0_ep13_dg01_st00.sstg,ep13_dg01_mb_132_03.mmo,13000106,B06_能力宝石,图片卡,3,80
hd0_ep13_dg01_st00.sstg,ep13_dg01_mb_132_02.mmo,13000348,V18*宠物天使,图片卡,3,10
hd0_ep13_dg01_st00.sstg,ep13_dg01_mb_132_02.mmo,13000349,V19*宠物天使,图片卡,3,10
hd0_ep13_dg01_st00.sstg,ep13_dg01_mb_132_02.mmo,13000106,B06_能力宝石,图片卡,3,80
hd0_ep13_dg01_st00.sstg,ep13_dg01_mb_132_01.mmo,13000348,V18*宠物天使,图片卡,3,10
hd0_ep13_dg01_st00.sstg,ep13_dg01_mb_132_01.mmo,13000349,V19*宠物天使,图片卡,3,10
hd0_ep13_dg01_st00.sstg,ep13_dg01_mb_132_01.mmo,13000106,B06_能力宝石,图片卡,3,80
hd0_ep13_dg01_st00.sstg,ep13_dg01_mb_132_00.mmo,13000348,V18*宠物天使,图片卡,3,10
hd0_ep13_dg01_st00.sstg,ep13_dg01_mb_132_00.mmo,13000349,V19*宠物天使,图片卡,3,10
hd0_ep13_dg01_st00.sstg,ep13_dg01_mb_132_00.mmo,13000106,B06_能力宝石,图片卡,3,80
hd0_ep13_dg01_st00.sstg,ep13_dg01_m_134_03.mmo,13000158,P18_食物卡片,图片卡,5,30
hd0_ep13_dg01_st00.sstg,ep13_dg01_m_134_03.mmo,13000179,E19_食物卡片,图片卡,5,35
hd0_ep13_dg01_st00.sstg,ep13_dg01_m_134_03.mmo,13000200,A20_食物卡片,图片卡,5,35
hd0_ep13_dg01_st00.sstg,ep13_dg01_m_134_02.mmo,13000158,P18_食物卡片,图片卡,5,30
hd0_ep13_dg01_st00.sstg,ep13_dg01_m_134_02.mmo,13000179,E19_食物卡片,图片卡,5,35
hd0_ep13_dg01_st00.sstg,ep13_dg01_m_134_02.mmo,13000200,A20_食物卡片,图片卡,5,35
hd0_ep13_dg01_st00.sstg,ep13_dg01_m_134_01.mmo,13000158,P18_食物卡片,图片卡,5,30
hd0_ep13_dg01_st00.sstg,ep13_dg01_m_134_01.mmo,13000179,E19_食物卡片,图片卡,5,35
hd0_ep13_dg01_st00.sstg,ep13_dg01_m_134_01.mmo,13000200,A20_食物卡片,图片卡,5,35
hd0_ep13_dg01_st00.sstg,ep13_dg01_m_134_00.mmo,13000158,P18_食物卡片,图片卡,5,30
hd0_ep13_dg01_st00.sstg,ep13_dg01_m_134_00.mmo,13000179,E19_食物卡片,图片卡,5,35
hd0_ep13_dg01_st00.sstg,ep13_dg01_m_134_00.mmo,13000200,A20_食物卡片,图片卡,5,35
hd0_ep13_dg01_st00.sstg,ep13_dg01_m_133_05.mmo,13000350,V20*食物卡片,图片卡,5,55
hd0_ep13_dg01_st00.sstg,ep13_dg01_m_133_05.mmo,13000179,E19_食物卡片,图片卡,5,5
hd0_ep13_dg01_st00.sstg,ep13_dg01_m_133_05.mmo,12000015,肉弹型 SP +5,SP卡,5,40
hd0_ep13_dg01_st00.sstg,ep13_dg01_m_133_04.mmo,13000350,V20*食物卡片,图片卡,5,55
hd0_ep13_dg01_st00.sstg,ep13_dg01_m_133_04.mmo,13000179,E19_食物卡片,图片卡,5,5
hd0_ep13_dg01_st00.sstg,ep13_dg01_m_133_04.mmo,12000015,肉弹型 SP +5,SP卡,5,40
hd0_ep13_dg01_st00.sstg,ep13_dg01_m_133_01.mmo,13000350,V20*食物卡片,图片卡,5,55
hd0_ep13_dg01_st00.sstg,ep13_dg01_m_133_01.mmo,13000179,E19_食物卡片,图片卡,5,5
hd0_ep13_dg01_st00.sstg,ep13_dg01_m_133_01.mmo,12000015,肉弹型 SP +5,SP卡,5,40
hd0_ep13_dg01_st00.sstg,ep13_dg01_m_133_00.mmo,13000350,V20*食物卡片,图片卡,5,55
hd0_ep13_dg01_st00.sstg,ep13_dg01_m_133_00.mmo,13000179,E19_食物卡片,图片卡,5,5
hd0_ep13_dg01_st00.sstg,ep13_dg01_m_133_00.mmo,12000015,肉弹型 SP +5,SP卡,5,40
hd0_ep13_dg01_st00.sstg,ep13_dg01_m_132_03.mmo,13000186,A06_食物卡片,图片卡,5,30
hd0_ep13_dg01_st00.sstg,ep13_dg01_m_132_03.mmo,13000199,A19_食物卡片,图片卡,5,35
hd0_ep13_dg01_st00.sstg,ep13_dg01_m_132_03.mmo,13000173,E13_食物卡片,图片卡,5,35
hd0_ep13_dg01_st00.sstg,ep13_dg01_m_132_02.mmo,13000186,A06_食物卡片,图片卡,5,30
hd0_ep13_dg01_st00.sstg,ep13_dg01_m_132_02.mmo,13000199,A19_食物卡片,图片卡,5,35
hd0_ep13_dg01_st00.sstg,ep13_dg01_m_132_02.mmo,13000173,E13_食物卡片,图片卡,5,35
hd0_ep13_dg01_st00.sstg,ep13_dg01_m_132_01.mmo,13000186,A06_食物卡片,图片卡,5,30
hd0_ep13_dg01_st00.sstg,ep13_dg01_m_132_01.mmo,13000199,A19_食物卡片,图片卡,5,35
hd0_ep13_dg01_st00.sstg,ep13_dg01_m_132_01.mmo,13000173,E13_食物卡片,图片卡,5,35
hd0_ep13_dg01_st00.sstg,ep13_dg01_m_132_00.mmo,13000186,A06_食物卡片,图片卡,5,30
hd0_ep13_dg01_st00.sstg,ep13_dg01_m_132_00.mmo,13000199,A19_食物卡片,图片卡,5,35
hd0_ep13_dg01_st00.sstg,ep13_dg01_m_132_00.mmo,13000173,E13_食物卡片,图片卡,5,35
hd0_ep13_dg01_st00.sstg,ep13_dg01_M_00.mmo,22000011,幸运卡片A,特殊卡,100,33
hd0_ep13_dg01_st00.sstg,ep13_dg01_M_00.mmo,22000012,幸运卡片B,特殊卡,100,34
hd0_ep13_dg01_st00.sstg,ep13_dg01_M_00.mmo,22000014,幸运卡片D,特殊卡,100,33
hd0_ep13_dg00_st00.sstg,ep13_dg00_mb_131_03.mmo,13000340,V10*装饰卡片,图片卡,3,96
hd0_ep13_dg00_st00.sstg,ep13_dg00_mb_131_03.mmo,13000341,V11*能力宝石,图片卡,3,4
hd0_ep13_dg00_st00.sstg,ep13_dg00_mb_131_02.mmo,13000340,V10*装饰卡片,图片卡,3,96
hd0_ep13_dg00_st00.sstg,ep13_dg00_mb_131_02.mmo,13000341,V11*能力宝石,图片卡,3,4
hd0_ep13_dg00_st00.sstg,ep13_dg00_mb_131_01.mmo,13000340,V10*装饰卡片,图片卡,3,96
hd0_ep13_dg00_st00.sstg,ep13_dg00_mb_131_01.mmo,13000341,V11*能力宝石,图片卡,3,4
hd0_ep13_dg00_st00.sstg,ep13_dg00_mb_131_00.mmo,13000340,V10*装饰卡片,图片卡,3,96
hd0_ep13_dg00_st00.sstg,ep13_dg00_mb_131_00.mmo,13000341,V11*能力宝石,图片卡,3,4
hd0_ep13_dg00_st00.sstg,ep13_dg00_mb_130_03.mmo,13000346,V16*宠物天使,图片卡,3,10
hd0_ep13_dg00_st00.sstg,ep13_dg00_mb_130_03.mmo,13000347,V17*宠物天使,图片卡,3,10
hd0_ep13_dg00_st00.sstg,ep13_dg00_mb_130_03.mmo,13000078,G18_能力宝石,图片卡,3,80
hd0_ep13_dg00_st00.sstg,ep13_dg00_mb_130_02.mmo,13000346,V16*宠物天使,图片卡,3,10
hd0_ep13_dg00_st00.sstg,ep13_dg00_mb_130_02.mmo,13000347,V17*宠物天使,图片卡,3,10
hd0_ep13_dg00_st00.sstg,ep13_dg00_mb_130_02.mmo,13000078,G18_能力宝石,图片卡,3,80
hd0_ep13_dg00_st00.sstg,ep13_dg00_mb_130_01.mmo,13000346,V16*宠物天使,图片卡,3,10
hd0_ep13_dg00_st00.sstg,ep13_dg00_mb_130_01.mmo,13000347,V17*宠物天使,图片卡,3,10
hd0_ep13_dg00_st00.sstg,ep13_dg00_mb_130_01.mmo,13000078,G18_能力宝石,图片卡,3,80
hd0_ep13_dg00_st00.sstg,ep13_dg00_mb_130_00.mmo,13000346,V16*宠物天使,图片卡,3,10
hd0_ep13_dg00_st00.sstg,ep13_dg00_mb_130_00.mmo,13000347,V17*宠物天使,图片卡,3,10
hd0_ep13_dg00_st00.sstg,ep13_dg00_mb_130_00.mmo,13000078,G18_能力宝石,图片卡,3,80
hd0_ep13_dg00_st00.sstg,ep13_dg00_mb_129_03.mmo,13000332,V02*能力宝石,图片卡,3,50
hd0_ep13_dg00_st00.sstg,ep13_dg00_mb_129_03.mmo,13000333,V03*能力宝石,图片卡,3,50
hd0_ep13_dg00_st00.sstg,ep13_dg00_mb_129_02.mmo,13000332,V02*能力宝石,图片卡,3,50
hd0_ep13_dg00_st00.sstg,ep13_dg00_mb_129_02.mmo,13000333,V03*能力宝石,图片卡,3,50
hd0_ep13_dg00_st00.sstg,ep13_dg00_mb_129_01.mmo,13000332,V02*能力宝石,图片卡,3,50
hd0_ep13_dg00_st00.sstg,ep13_dg00_mb_129_01.mmo,13000333,V03*能力宝石,图片卡,3,50
hd0_ep13_dg00_st00.sstg,ep13_dg00_mb_129_00.mmo,13000332,V02*能力宝石,图片卡,3,50
hd0_ep13_dg00_st00.sstg,ep13_dg00_mb_129_00.mmo,13000333,V03*能力宝石,图片卡,3,50
hd0_ep13_dg00_st00.sstg,ep13_dg00_m_131_03.mmo,13000339,V09*食物卡片,图片卡,5,60
hd0_ep13_dg00_st00.sstg,ep13_dg00_m_131_03.mmo,13000158,P18_食物卡片,图片卡,5,40
hd0_ep13_dg00_st00.sstg,ep13_dg00_m_131_02.mmo,13000339,V09*食物卡片,图片卡,5,60
hd0_ep13_dg00_st00.sstg,ep13_dg00_m_131_02.mmo,13000158,P18_食物卡片,图片卡,5,40
hd0_ep13_dg00_st00.sstg,ep13_dg00_m_131_01.mmo,13000339,V09*食物卡片,图片卡,5,60
hd0_ep13_dg00_st00.sstg,ep13_dg00_m_131_01.mmo,13000158,P18_食物卡片,图片卡,5,40
hd0_ep13_dg00_st00.sstg,ep13_dg00_m_131_00.mmo,13000339,V09*食物卡片,图片卡,5,60
hd0_ep13_dg00_st00.sstg,ep13_dg00_m_131_00.mmo,13000158,P18_食物卡片,图片卡,5,40
hd0_ep13_dg00_st00.sstg,ep13_dg00_m_130_03.mmo,13000158,P18_食物卡片,图片卡,5,30
hd0_ep13_dg00_st00.sstg,ep13_dg00_m_130_03.mmo,13000179,E19_食物卡片,图片卡,5,35
hd0_ep13_dg00_st00.sstg,ep13_dg00_m_130_03.mmo,13000173,E13_食物卡片,图片卡,5,35
hd0_ep13_dg00_st00.sstg,ep13_dg00_m_130_02.mmo,13000158,P18_食物卡片,图片卡,5,30
hd0_ep13_dg00_st00.sstg,ep13_dg00_m_130_02.mmo,13000179,E19_食物卡片,图片卡,5,35
hd0_ep13_dg00_st00.sstg,ep13_dg00_m_130_02.mmo,13000173,E13_食物卡片,图片卡,5,35
hd0_ep13_dg00_st00.sstg,ep13_dg00_m_130_01.mmo,13000158,P18_食物卡片,图片卡,5,30
hd0_ep13_dg00_st00.sstg,ep13_dg00_m_130_01.mmo,13000179,E19_食物卡片,图片卡,5,35
hd0_ep13_dg00_st00.sstg,ep13_dg00_m_130_01.mmo,13000173,E13_食物卡片,图片卡,5,35
hd0_ep13_dg00_st00.sstg,ep13_dg00_m_130_00.mmo,13000158,P18_食物卡片,图片卡,5,30
hd0_ep13_dg00_st00.sstg,ep13_dg00_m_130_00.mmo,13000179,E19_食物卡片,图片卡,5,35
hd0_ep13_dg00_st00.sstg,ep13_dg00_m_130_00.mmo,13000173,E13_食物卡片,图片卡,5,35
hd0_ep13_dg00_st00.sstg,ep13_dg00_m_129_03.mmo,13000335,V05*天空之翼,图片卡,5,40
hd0_ep13_dg00_st00.sstg,ep13_dg00_m_129_03.mmo,13000158,P18_食物卡片,图片卡,5,30
hd0_ep13_dg00_st00.sstg,ep13_dg00_m_129_03.mmo,13000200,A20_食物卡片,图片卡,5,30
hd0_ep13_dg00_st00.sstg,ep13_dg00_m_129_02.mmo,13000335,V05*天空之翼,图片卡,5,40
hd0_ep13_dg00_st00.sstg,ep13_dg00_m_129_02.mmo,13000158,P18_食物卡片,图片卡,5,30
hd0_ep13_dg00_st00.sstg,ep13_dg00_m_129_02.mmo,13000200,A20_食物卡片,图片卡,5,30
hd0_ep13_dg00_st00.sstg,ep13_dg00_m_129_01.mmo,13000335,V05*天空之翼,图片卡,5,40
hd0_ep13_dg00_st00.sstg,ep13_dg00_m_129_01.mmo,13000158,P18_食物卡片,图片卡,5,30
hd0_ep13_dg00_st00.sstg,ep13_dg00_m_129_01.mmo,13000200,A20_食物卡片,图片卡,5,30
hd0_ep13_dg00_st00.sstg,ep13_dg00_m_129_00.mmo,13000335,V05*天空之翼,图片卡,5,40
hd0_ep13_dg00_st00.sstg,ep13_dg00_m_129_00.mmo,13000158,P18_食物卡片,图片卡,5,30
hd0_ep13_dg00_st00.sstg,ep13_dg00_m_129_00.mmo,13000200,A20_食物卡片,图片卡,5,30
hd0_ep13_dg00_st00.sstg,ep13_dg00_M_00.mmo,22000011,幸运卡片A,特殊卡,100,34
hd0_ep13_dg00_st00.sstg,ep13_dg00_M_00.mmo,22000012,幸运卡片B,特殊卡,100,33
hd0_ep13_dg00_st00.sstg,ep13_dg00_M_00.mmo,22000013,幸运卡片C,特殊卡,100,33
hd0_ep13_dg02_st01.sstg,ep13_bbm_00_M.bmo,13000366,P16*宠物天使,图片卡,50,20
hd0_ep13_dg02_st01.sstg,ep13_bbm_00_M.bmo,13000367,P17*宠物天使,图片卡,50,20
hd0_ep13_dg02_st01.sstg,ep13_bbm_00_M.bmo,13000339,V09*食物卡片,图片卡,50,60
hd0_ep13_dg02_st01.sstg,ep13_bbm_00_L.bmo,13000366,P16*宠物天使,图片卡,50,20
hd0_ep13_dg02_st01.sstg,ep13_bbm_00_L.bmo,13000367,P17*宠物天使,图片卡,50,20
hd0_ep13_dg02_st01.sstg,ep13_bbm_00_L.bmo,13000339,V09*食物卡片,图片卡,50,60
hd0_ep13_dg02_st01.sstg,ep13_bbm_00_H.bmo,13000366,P16*宠物天使,图片卡,50,20
hd0_ep13_dg02_st01.sstg,ep13_bbm_00_H.bmo,13000367,P17*宠物天使,图片卡,50,20
hd0_ep13_dg02_st01.sstg,ep13_bbm_00_H.bmo,13000339,V09*食物卡片,图片卡,50,60
hd0_ep12_dg00_st00.sstg;hd0_ep12_dg01_st00.sstg;hd0_ep12_dg02_st00.sstg,ep12_mb_T_00.mmo,22000015,幸运卡片E,特殊卡,100,100
hd0_ep12_dg00_st00.sstg;hd0_ep12_dg01_st00.sstg;hd0_ep12_dg02_st00.sstg;hd0_ep12_dg02_st01.sstg,ep12_mb_R_00.mmo,22000017,幸运卡片G,特殊卡,100,100
hd0_ep12_dg00_st00.sstg;hd0_ep12_dg01_st00.sstg;hd0_ep12_dg02_st00.sstg,ep12_mb_C_woman.mmo,22000016,幸运卡片F,特殊卡,100,100
hd0_ep12_dg00_st00.sstg;hd0_ep12_dg01_st00.sstg;hd0_ep12_dg02_st00.sstg,ep12_mb_C_man.mmo,22000016,幸运卡片F,特殊卡,100,100
hd0_ep12_dg02_st00.sstg,ep12_ending_02_M.bmo,13000328,B18*宠物天使,图片卡,50,20
hd0_ep12_dg02_st00.sstg,ep12_ending_02_M.bmo,13000329,B19*宠物天使,图片卡,50,20
hd0_ep12_dg02_st00.sstg,ep12_ending_02_M.bmo,13000330,B20*食物卡片,图片卡,50,60
hd0_ep12_dg02_st00.sstg,ep12_ending_02_L.bmo,13000328,B18*宠物天使,图片卡,50,20
hd0_ep12_dg02_st00.sstg,ep12_ending_02_L.bmo,13000329,B19*宠物天使,图片卡,50,20
hd0_ep12_dg02_st00.sstg,ep12_ending_02_L.bmo,13000330,B20*食物卡片,图片卡,50,60
hd0_ep12_dg02_st00.sstg,ep12_ending_02.bmo,13000328,B18*宠物天使,图片卡,50,20
hd0_ep12_dg02_st00.sstg,ep12_ending_02.bmo,13000329,B19*宠物天使,图片卡,50,20
hd0_ep12_dg02_st00.sstg,ep12_ending_02.bmo,13000330,B20*食物卡片,图片卡,50,60
hd0_ep12_dg01_st00.sstg,ep12_ending_01_M.bmo,13000326,B16*宠物天使,图片卡,50,20
hd0_ep12_dg01_st00.sstg,ep12_ending_01_M.bmo,13000327,B17*宠物天使,图片卡,50,20
hd0_ep12_dg01_st00.sstg,ep12_ending_01_M.bmo,13000330,B20*食物卡片,图片卡,50,60
hd0_ep12_dg01_st00.sstg,ep12_ending_01_L.bmo,13000326,B16*宠物天使,图片卡,50,20
hd0_ep12_dg01_st00.sstg,ep12_ending_01_L.bmo,13000327,B17*宠物天使,图片卡,50,20
hd0_ep12_dg01_st00.sstg,ep12_ending_01_L.bmo,13000330,B20*食物卡片,图片卡,50,60
hd0_ep12_dg01_st00.sstg,ep12_ending_01.bmo,13000326,B16*宠物天使,图片卡,50,20
hd0_ep12_dg01_st00.sstg,ep12_ending_01.bmo,13000327,B17*宠物天使,图片卡,50,20
hd0_ep12_dg01_st00.sstg,ep12_ending_01.bmo,13000330,B20*食物卡片,图片卡,50,60
hd0_ep12_dg00_st00.sstg,ep12_ending_00_M.bmo,13000324,B14*宠物天使,图片卡,50,20
hd0_ep12_dg00_st00.sstg,ep12_ending_00_M.bmo,13000325,B15*宠物天使,图片卡,50,20
hd0_ep12_dg00_st00.sstg,ep12_ending_00_M.bmo,13000330,B20*食物卡片,图片卡,50,60
hd0_ep12_dg00_st00.sstg,ep12_ending_00_L.bmo,13000324,B14*宠物天使,图片卡,50,20
hd0_ep12_dg00_st00.sstg,ep12_ending_00_L.bmo,13000325,B15*宠物天使,图片卡,50,20
hd0_ep12_dg00_st00.sstg,ep12_ending_00_L.bmo,13000330,B20*食物卡片,图片卡,50,60
hd0_ep12_dg00_st00.sstg,ep12_ending_00.bmo,13000324,B14*宠物天使,图片卡,50,20
hd0_ep12_dg00_st00.sstg,ep12_ending_00.bmo,13000325,B15*宠物天使,图片卡,50,20
hd0_ep12_dg00_st00.sstg,ep12_ending_00.bmo,13000330,B20*食物卡片,图片卡,50,60
hd0_ep12_dg02_st01.sstg,ep12_dg03_M_00.mmo,22000012,幸运卡片B,特殊卡,100,33
hd0_ep12_dg02_st01.sstg,ep12_dg03_M_00.mmo,22000013,幸运卡片C,特殊卡,100,34
hd0_ep12_dg02_st01.sstg,ep12_dg03_M_00.mmo,22000014,幸运卡片D,特殊卡,100,33
hd0_ep12_dg02_st00.sstg;hd0_ep12_dg02_st01.sstg,ep12_dg02_mb_128_01.mmo,13000322,B12*装饰卡片,图片卡,3,4
hd0_ep12_dg02_st00.sstg;hd0_ep12_dg02_st01.sstg,ep12_dg02_mb_128_01.mmo,13000323,B13*NaNa秀卡片,图片卡,3,96
hd0_ep12_dg02_st00.sstg;hd0_ep12_dg02_st01.sstg,ep12_dg02_mb_128_00.mmo,13000322,B12*装饰卡片,图片卡,3,4
hd0_ep12_dg02_st00.sstg;hd0_ep12_dg02_st01.sstg,ep12_dg02_mb_128_00.mmo,13000323,B13*NaNa秀卡片,图片卡,3,96
hd0_ep12_dg02_st00.sstg;hd0_ep12_dg02_st01.sstg,ep12_dg02_mb_127_01.mmo,13000338,V08*装饰卡片,图片卡,3,80
hd0_ep12_dg02_st00.sstg;hd0_ep12_dg02_st01.sstg,ep12_dg02_mb_127_01.mmo,13000344,V14*宠物天使,图片卡,3,10
hd0_ep12_dg02_st00.sstg;hd0_ep12_dg02_st01.sstg,ep12_dg02_mb_127_01.mmo,13000345,V15*宠物天使,图片卡,3,10
hd0_ep12_dg02_st00.sstg;hd0_ep12_dg02_st01.sstg,ep12_dg02_mb_127_00.mmo,13000338,V08*装饰卡片,图片卡,3,80
hd0_ep12_dg02_st00.sstg;hd0_ep12_dg02_st01.sstg,ep12_dg02_mb_127_00.mmo,13000344,V14*宠物天使,图片卡,3,10
hd0_ep12_dg02_st00.sstg;hd0_ep12_dg02_st01.sstg,ep12_dg02_mb_127_00.mmo,13000345,V15*宠物天使,图片卡,3,10
hd0_ep12_dg02_st00.sstg;hd0_ep12_dg02_st01.sstg,ep12_dg02_mb_126_01.mmo,13000320,B10*能力宝石,图片卡,3,4
hd0_ep12_dg02_st00.sstg;hd0_ep12_dg02_st01.sstg,ep12_dg02_mb_126_01.mmo,13000321,B11*装饰卡片,图片卡,3,96
hd0_ep12_dg02_st00.sstg;hd0_ep12_dg02_st01.sstg,ep12_dg02_mb_126_00.mmo,13000320,B10*能力宝石,图片卡,3,4
hd0_ep12_dg02_st00.sstg;hd0_ep12_dg02_st01.sstg,ep12_dg02_mb_126_00.mmo,13000321,B11*装饰卡片,图片卡,3,96
hd0_ep12_dg02_st00.sstg;hd0_ep12_dg02_st01.sstg,ep12_dg02_m_128_01.mmo,13000331,V01*天空之翼,图片卡,5,40
hd0_ep12_dg02_st00.sstg;hd0_ep12_dg02_st01.sstg,ep12_dg02_m_128_01.mmo,13000199,A19_食物卡片,图片卡,5,30
hd0_ep12_dg02_st00.sstg;hd0_ep12_dg02_st01.sstg,ep12_dg02_m_128_01.mmo,13000173,E13_食物卡片,图片卡,5,30
hd0_ep12_dg02_st00.sstg;hd0_ep12_dg02_st01.sstg,ep12_dg02_m_128_00.mmo,13000331,V01*天空之翼,图片卡,5,40
hd0_ep12_dg02_st00.sstg;hd0_ep12_dg02_st01.sstg,ep12_dg02_m_128_00.mmo,13000199,A19_食物卡片,图片卡,5,30
hd0_ep12_dg02_st00.sstg;hd0_ep12_dg02_st01.sstg,ep12_dg02_m_128_00.mmo,13000173,E13_食物卡片,图片卡,5,30
hd0_ep12_dg02_st00.sstg;hd0_ep12_dg02_st01.sstg,ep12_dg02_m_127_01.mmo,13000186,A06_食物卡片,图片卡,5,30
hd0_ep12_dg02_st00.sstg;hd0_ep12_dg02_st01.sstg,ep12_dg02_m_127_01.mmo,13000199,A19_食物卡片,图片卡,5,35
hd0_ep12_dg02_st00.sstg;hd0_ep12_dg02_st01.sstg,ep12_dg02_m_127_01.mmo,13000200,A20_食物卡片,图片卡,5,35
hd0_ep12_dg02_st00.sstg;hd0_ep12_dg02_st01.sstg,ep12_dg02_m_127_00.mmo,13000186,A06_食物卡片,图片卡,5,30
hd0_ep12_dg02_st00.sstg;hd0_ep12_dg02_st01.sstg,ep12_dg02_m_127_00.mmo,13000199,A19_食物卡片,图片卡,5,35
hd0_ep12_dg02_st00.sstg;hd0_ep12_dg02_st01.sstg,ep12_dg02_m_127_00.mmo,13000200,A20_食物卡片,图片卡,5,35
hd0_ep12_dg02_st00.sstg;hd0_ep12_dg02_st01.sstg,ep12_dg02_m_126_01.mmo,13000330,B20*食物卡片,图片卡,5,55
hd0_ep12_dg02_st00.sstg;hd0_ep12_dg02_st01.sstg,ep12_dg02_m_126_01.mmo,13000186,A06_食物卡片,图片卡,5,5
hd0_ep12_dg02_st00.sstg;hd0_ep12_dg02_st01.sstg,ep12_dg02_m_126_01.mmo,12000005,炮弹型 SP +5,SP卡,5,40
hd0_ep12_dg02_st00.sstg;hd0_ep12_dg02_st01.sstg,ep12_dg02_m_126_00.mmo,13000330,B20*食物卡片,图片卡,5,55
hd0_ep12_dg02_st00.sstg;hd0_ep12_dg02_st01.sstg,ep12_dg02_m_126_00.mmo,13000186,A06_食物卡片,图片卡,5,5
hd0_ep12_dg02_st00.sstg;hd0_ep12_dg02_st01.sstg,ep12_dg02_m_126_00.mmo,12000005,炮弹型 SP +5,SP卡,5,40
hd0_ep12_dg02_st00.sstg,ep12_dg02_M_00.mmo,22000011,幸运卡片A,特殊卡,100,33
hd0_ep12_dg02_st00.sstg,ep12_dg02_M_00.mmo,22000013,幸运卡片C,特殊卡,100,33
hd0_ep12_dg02_st00.sstg,ep12_dg02_M_00.mmo,22000014,幸运卡片D,特殊卡,100,34
hd0_ep12_dg01_st00.sstg,ep12_dg01_mb_125_01.mmo,13000328,B18*宠物天使,图片卡,3,10
hd0_ep12_dg01_st00.sstg,ep12_dg01_mb_125_01.mmo,13000329,B19*宠物天使,图片卡,3,10
hd0_ep12_dg01_st00.sstg,ep12_dg01_mb_125_01.mmo,13000336,V06*NaNa秀卡片,图片卡,3,80
hd0_ep12_dg01_st00.sstg,ep12_dg01_mb_125_00.mmo,13000328,B18*宠物天使,图片卡,3,10
hd0_ep12_dg01_st00.sstg,ep12_dg01_mb_125_00.mmo,13000329,B19*宠物天使,图片卡,3,10
hd0_ep12_dg01_st00.sstg,ep12_dg01_mb_125_00.mmo,13000336,V06*NaNa秀卡片,图片卡,3,80
hd0_ep12_dg01_st00.sstg,ep12_dg01_mb_124_01.mmo,13000318,B08*NaNa秀卡片,图片卡,3,4
hd0_ep12_dg01_st00.sstg,ep12_dg01_mb_124_01.mmo,13000319,B09*装饰卡片,图片卡,3,96
hd0_ep12_dg01_st00.sstg,ep12_dg01_mb_124_00.mmo,13000318,B08*NaNa秀卡片,图片卡,5,4
hd0_ep12_dg01_st00.sstg,ep12_dg01_mb_124_00.mmo,13000319,B09*装饰卡片,图片卡,5,96
hd0_ep12_dg01_st00.sstg,ep12_dg01_mb_123_01.mmo,13000326,B16*宠物天使,图片卡,3,10
hd0_ep12_dg01_st00.sstg,ep12_dg01_mb_123_01.mmo,13000327,B17*宠物天使,图片卡,3,10
hd0_ep12_dg01_st00.sstg,ep12_dg01_mb_123_01.mmo,13000087,C07_能力宝石,图片卡,3,80
hd0_ep12_dg01_st00.sstg,ep12_dg01_mb_123_00.mmo,13000326,B16*宠物天使,图片卡,3,10
hd0_ep12_dg01_st00.sstg,ep12_dg01_mb_123_00.mmo,13000327,B17*宠物天使,图片卡,3,10
hd0_ep12_dg01_st00.sstg,ep12_dg01_mb_123_00.mmo,13000087,C07_能力宝石,图片卡,3,80
hd0_ep12_dg01_st00.sstg,ep12_dg01_m_125_01.mmo,13000158,P18_食物卡片,图片卡,5,30
hd0_ep12_dg01_st00.sstg,ep12_dg01_m_125_01.mmo,13000179,E19_食物卡片,图片卡,5,35
hd0_ep12_dg01_st00.sstg,ep12_dg01_m_125_01.mmo,13000173,E13_食物卡片,图片卡,5,35
hd0_ep12_dg01_st00.sstg,ep12_dg01_m_125_00.mmo,13000158,P18_食物卡片,图片卡,5,30
hd0_ep12_dg01_st00.sstg,ep12_dg01_m_125_00.mmo,13000179,E19_食物卡片,图片卡,5,35
hd0_ep12_dg01_st00.sstg,ep12_dg01_m_125_00.mmo,13000173,E13_食物卡片,图片卡,5,35
hd0_ep12_dg01_st00.sstg,ep12_dg01_m_124_03.mmo,13000316,B06*食物卡片,图片卡,5,55
hd0_ep12_dg01_st00.sstg,ep12_dg01_m_124_03.mmo,13000179,E19_食物卡片,图片卡,5,5
hd0_ep12_dg01_st00.sstg,ep12_dg01_m_124_03.mmo,12000005,炮弹型 SP +5,SP卡,5,40
hd0_ep12_dg01_st00.sstg,ep12_dg01_m_124_02.mmo,13000316,B06*食物卡片,图片卡,5,55
hd0_ep12_dg01_st00.sstg,ep12_dg01_m_124_02.mmo,13000179,E19_食物卡片,图片卡,5,5
hd0_ep12_dg01_st00.sstg,ep12_dg01_m_124_02.mmo,12000005,炮弹型 SP +5,SP卡,5,40
hd0_ep12_dg01_st00.sstg,ep12_dg01_m_124_01.mmo,13000316,B06*食物卡片,图片卡,5,55
hd0_ep12_dg01_st00.sstg,ep12_dg01_m_124_01.mmo,13000179,E19_食物卡片,图片卡,5,5
hd0_ep12_dg01_st00.sstg,ep12_dg01_m_124_01.mmo,12000005,炮弹型 SP +5,SP卡,5,40
hd0_ep12_dg01_st00.sstg,ep12_dg01_m_124_00.mmo,13000316,B06*食物卡片,图片卡,5,55
hd0_ep12_dg01_st00.sstg,ep12_dg01_m_124_00.mmo,13000179,E19_食物卡片,图片卡,5,5
hd0_ep12_dg01_st00.sstg,ep12_dg01_m_124_00.mmo,12000005,炮弹型 SP +5,SP卡,5,40
hd0_ep12_dg01_st00.sstg,ep12_dg01_m_123_03.mmo,13000186,A06_食物卡片,图片卡,5,30
hd0_ep12_dg01_st00.sstg,ep12_dg01_m_123_03.mmo,13000199,A19_食物卡片,图片卡,5,35
hd0_ep12_dg01_st00.sstg,ep12_dg01_m_123_03.mmo,13000200,A20_食物卡片,图片卡,5,35
hd0_ep12_dg01_st00.sstg,ep12_dg01_m_123_02.mmo,13000186,A06_食物卡片,图片卡,5,30
hd0_ep12_dg01_st00.sstg,ep12_dg01_m_123_02.mmo,13000199,A19_食物卡片,图片卡,5,35
hd0_ep12_dg01_st00.sstg,ep12_dg01_m_123_02.mmo,13000200,A20_食物卡片,图片卡,5,35
hd0_ep12_dg01_st00.sstg,ep12_dg01_m_123_01.mmo,13000186,A06_食物卡片,图片卡,5,30
hd0_ep12_dg01_st00.sstg,ep12_dg01_m_123_01.mmo,13000199,A19_食物卡片,图片卡,5,35
hd0_ep12_dg01_st00.sstg,ep12_dg01_m_123_01.mmo,13000200,A20_食物卡片,图片卡,5,35
hd0_ep12_dg01_st00.sstg,ep12_dg01_m_123_00.mmo,13000186,A06_食物卡片,图片卡,5,30
hd0_ep12_dg01_st00.sstg,ep12_dg01_m_123_00.mmo,13000199,A19_食物卡片,图片卡,5,35
hd0_ep12_dg01_st00.sstg,ep12_dg01_m_123_00.mmo,13000200,A20_食物卡片,图片卡,5,35
hd0_ep12_dg01_st00.sstg,ep12_dg01_M_00.mmo,22000011,幸运卡片A,特殊卡,100,33
hd0_ep12_dg01_st00.sstg,ep12_dg01_M_00.mmo,22000012,幸运卡片B,特殊卡,100,34
hd0_ep12_dg01_st00.sstg,ep12_dg01_M_00.mmo,22000014,幸运卡片D,特殊卡,100,33
hd0_ep12_dg00_st00.sstg,ep12_dg00_obj_02_01.mmo,13000311,B01*天空之翼,图片卡,5,40
hd0_ep12_dg00_st00.sstg,ep12_dg00_obj_02_01.mmo,13000158,P18_食物卡片,图片卡,5,30
hd0_ep12_dg00_st00.sstg,ep12_dg00_obj_02_01.mmo,13000173,E13_食物卡片,图片卡,5,30
hd0_ep12_dg00_st00.sstg,ep12_dg00_obj_02_00.mmo,13000311,B01*天空之翼,图片卡,5,40
hd0_ep12_dg00_st00.sstg,ep12_dg00_obj_02_00.mmo,13000158,P18_食物卡片,图片卡,5,30
hd0_ep12_dg00_st00.sstg,ep12_dg00_obj_02_00.mmo,13000173,E13_食物卡片,图片卡,5,30
hd0_ep12_dg00_st00.sstg,ep12_dg00_obj_01_01.mmo,13000158,P18_食物卡片,图片卡,5,40
hd0_ep12_dg00_st00.sstg,ep12_dg00_obj_01_01.mmo,13000179,E19_食物卡片,图片卡,5,60
hd0_ep12_dg00_st00.sstg,ep12_dg00_obj_01_00.mmo,13000158,P18_食物卡片,图片卡,5,40
hd0_ep12_dg00_st00.sstg,ep12_dg00_obj_01_00.mmo,13000179,E19_食物卡片,图片卡,5,60
hd0_ep12_dg00_st00.sstg,ep12_dg00_obj_00_01.mmo,13000158,P18_食物卡片,图片卡,5,40
hd0_ep12_dg00_st00.sstg,ep12_dg00_obj_00_01.mmo,13000179,E19_食物卡片,图片卡,5,60
hd0_ep12_dg00_st00.sstg,ep12_dg00_obj_00_00.mmo,13000158,P18_食物卡片,图片卡,5,40
hd0_ep12_dg00_st00.sstg,ep12_dg00_obj_00_00.mmo,13000179,E19_食物卡片,图片卡,5,60
hd0_ep12_dg00_st00.sstg,ep12_dg00_mb_122_03.mmo,13000313,B03*属性宝石,图片卡,3,4
hd0_ep12_dg00_st00.sstg,ep12_dg00_mb_122_03.mmo,13000315,B05*能力宝石,图片卡,3,96
hd0_ep12_dg00_st00.sstg,ep12_dg00_mb_122_02.mmo,13000313,B03*属性宝石,图片卡,3,4
hd0_ep12_dg00_st00.sstg,ep12_dg00_mb_122_02.mmo,13000315,B05*能力宝石,图片卡,3,96
hd0_ep12_dg00_st00.sstg,ep12_dg00_mb_122_01.mmo,13000313,B03*属性宝石,图片卡,3,4
hd0_ep12_dg00_st00.sstg,ep12_dg00_mb_122_01.mmo,13000315,B05*能力宝石,图片卡,3,96
hd0_ep12_dg00_st00.sstg,ep12_dg00_mb_122_00.mmo,13000313,B03*属性宝石,图片卡,3,4
hd0_ep12_dg00_st00.sstg,ep12_dg00_mb_122_00.mmo,13000315,B05*能力宝石,图片卡,3,96
hd0_ep12_dg00_st00.sstg,ep12_dg00_mb_121_03.mmo,13000324,B14*宠物天使,图片卡,3,10
hd0_ep12_dg00_st00.sstg,ep12_dg00_mb_121_03.mmo,13000325,B15*宠物天使,图片卡,3,10
hd0_ep12_dg00_st00.sstg,ep12_dg00_mb_121_03.mmo,13000071,G11_能力宝石,图片卡,3,80
hd0_ep12_dg00_st00.sstg,ep12_dg00_mb_121_02.mmo,13000324,B14*宠物天使,图片卡,3,10
hd0_ep12_dg00_st00.sstg,ep12_dg00_mb_121_02.mmo,13000325,B15*宠物天使,图片卡,3,10
hd0_ep12_dg00_st00.sstg,ep12_dg00_mb_121_02.mmo,13000071,G11_能力宝石,图片卡,3,80
hd0_ep12_dg00_st00.sstg,ep12_dg00_mb_121_01.mmo,13000324,B14*宠物天使,图片卡,3,10
hd0_ep12_dg00_st00.sstg,ep12_dg00_mb_121_01.mmo,13000325,B15*宠物天使,图片卡,3,10
hd0_ep12_dg00_st00.sstg,ep12_dg00_mb_121_01.mmo,13000071,G11_能力宝石,图片卡,3,80
hd0_ep12_dg00_st00.sstg,ep12_dg00_mb_121_00.mmo,13000324,B14*宠物天使,图片卡,3,10
hd0_ep12_dg00_st00.sstg,ep12_dg00_mb_121_00.mmo,13000325,B15*宠物天使,图片卡,3,10
hd0_ep12_dg00_st00.sstg,ep12_dg00_mb_121_00.mmo,13000071,G11_能力宝石,图片卡,3,80
hd0_ep12_dg00_st00.sstg,ep12_dg00_mb_120_03.mmo,13000314,B04*能力宝石,图片卡,3,40
hd0_ep12_dg00_st00.sstg,ep12_dg00_mb_120_03.mmo,13000317,B07*能力宝石,图片卡,3,60
hd0_ep12_dg00_st00.sstg,ep12_dg00_mb_120_02.mmo,13000314,B04*能力宝石,图片卡,3,40
hd0_ep12_dg00_st00.sstg,ep12_dg00_mb_120_02.mmo,13000317,B07*能力宝石,图片卡,3,60
hd0_ep12_dg00_st00.sstg,ep12_dg00_mb_120_01.mmo,13000314,B04*能力宝石,图片卡,3,40
hd0_ep12_dg00_st00.sstg,ep12_dg00_mb_120_01.mmo,13000317,B07*能力宝石,图片卡,3,60
hd0_ep12_dg00_st00.sstg,ep12_dg00_mb_120_00.mmo,13000314,B04*能力宝石,图片卡,3,40
hd0_ep12_dg00_st00.sstg,ep12_dg00_mb_120_00.mmo,13000317,B07*能力宝石,图片卡,3,60
hd0_ep12_dg00_st00.sstg,ep12_dg00_m_122_03.mmo,13000312,B02*天空之翼,图片卡,5,60
hd0_ep12_dg00_st00.sstg,ep12_dg00_m_122_03.mmo,13000158,P18_食物卡片,图片卡,5,40
hd0_ep12_dg00_st00.sstg,ep12_dg00_m_122_02.mmo,13000312,B02*天空之翼,图片卡,5,60
hd0_ep12_dg00_st00.sstg,ep12_dg00_m_122_02.mmo,13000158,P18_食物卡片,图片卡,5,40
hd0_ep12_dg00_st00.sstg,ep12_dg00_m_122_01.mmo,13000312,B02*天空之翼,图片卡,5,60
hd0_ep12_dg00_st00.sstg,ep12_dg00_m_122_01.mmo,13000158,P18_食物卡片,图片卡,5,40
hd0_ep12_dg00_st00.sstg,ep12_dg00_m_122_00.mmo,13000312,B02*天空之翼,图片卡,5,60
hd0_ep12_dg00_st00.sstg,ep12_dg00_m_122_00.mmo,13000158,P18_食物卡片,图片卡,5,40
hd0_ep12_dg00_st00.sstg,ep12_dg00_m_121_03.mmo,13000158,P18_食物卡片,图片卡,5,30
hd0_ep12_dg00_st00.sstg,ep12_dg00_m_121_03.mmo,13000179,E19_食物卡片,图片卡,5,35
hd0_ep12_dg00_st00.sstg,ep12_dg00_m_121_03.mmo,13000173,E13_食物卡片,图片卡,5,35
hd0_ep12_dg00_st00.sstg,ep12_dg00_m_121_02.mmo,13000158,P18_食物卡片,图片卡,5,30
hd0_ep12_dg00_st00.sstg,ep12_dg00_m_121_02.mmo,13000179,E19_食物卡片,图片卡,5,35
hd0_ep12_dg00_st00.sstg,ep12_dg00_m_121_02.mmo,13000173,E13_食物卡片,图片卡,5,35
hd0_ep12_dg00_st00.sstg,ep12_dg00_m_121_01.mmo,13000158,P18_食物卡片,图片卡,5,30
hd0_ep12_dg00_st00.sstg,ep12_dg00_m_121_01.mmo,13000179,E19_食物卡片,图片卡,5,35
hd0_ep12_dg00_st00.sstg,ep12_dg00_m_121_01.mmo,13000173,E13_食物卡片,图片卡,5,35
hd0_ep12_dg00_st00.sstg,ep12_dg00_m_121_00.mmo,13000158,P18_食物卡片,图片卡,5,30
hd0_ep12_dg00_st00.sstg,ep12_dg00_m_121_00.mmo,13000179,E19_食物卡片,图片卡,5,35
hd0_ep12_dg00_st00.sstg,ep12_dg00_m_121_00.mmo,13000173,E13_食物卡片,图片卡,5,35
hd0_ep12_dg00_st00.sstg,ep12_dg00_m_120_03.mmo,13000311,B01*天空之翼,图片卡,5,40
hd0_ep12_dg00_st00.sstg,ep12_dg00_m_120_03.mmo,13000158,P18_食物卡片,图片卡,5,30
hd0_ep12_dg00_st00.sstg,ep12_dg00_m_120_03.mmo,13000173,E13_食物卡片,图片卡,5,30
hd0_ep12_dg00_st00.sstg,ep12_dg00_m_120_02.mmo,13000311,B01*天空之翼,图片卡,5,40
hd0_ep12_dg00_st00.sstg,ep12_dg00_m_120_02.mmo,13000158,P18_食物卡片,图片卡,5,30
hd0_ep12_dg00_st00.sstg,ep12_dg00_m_120_02.mmo,13000173,E13_食物卡片,图片卡,5,30
hd0_ep12_dg00_st00.sstg,ep12_dg00_m_120_01.mmo,13000311,B01*天空之翼,图片卡,5,40
hd0_ep12_dg00_st00.sstg,ep12_dg00_m_120_01.mmo,13000158,P18_食物卡片,图片卡,5,30
hd0_ep12_dg00_st00.sstg,ep12_dg00_m_120_01.mmo,13000173,E13_食物卡片,图片卡,5,30
hd0_ep12_dg00_st00.sstg,ep12_dg00_m_120_00.mmo,13000311,B01*天空之翼,图片卡,5,40
hd0_ep12_dg00_st00.sstg,ep12_dg00_m_120_00.mmo,13000158,P18_食物卡片,图片卡,5,30
hd0_ep12_dg00_st00.sstg,ep12_dg00_m_120_00.mmo,13000173,E13_食物卡片,图片卡,5,30
hd0_ep12_dg00_st00.sstg,ep12_dg00_M_00.mmo,22000011,幸运卡片A,特殊卡,100,34
hd0_ep12_dg00_st00.sstg,ep12_dg00_M_00.mmo,22000012,幸运卡片B,特殊卡,100,33
hd0_ep12_dg00_st00.sstg,ep12_dg00_M_00.mmo,22000013,幸运卡片C,特殊卡,100,33
hd0_ep12_dg02_st01.sstg,ep12_bbm_00_M.bmo,13000344,V14*宠物天使,图片卡,50,20
hd0_ep12_dg02_st01.sstg,ep12_bbm_00_M.bmo,13000345,V15*宠物天使,图片卡,50,20
hd0_ep12_dg02_st01.sstg,ep12_bbm_00_M.bmo,13000330,B20*食物卡片,图片卡,50,60
hd0_ep12_dg02_st01.sstg,ep12_bbm_00_L.bmo,13000344,V14*宠物天使,图片卡,50,20
hd0_ep12_dg02_st01.sstg,ep12_bbm_00_L.bmo,13000345,V15*宠物天使,图片卡,50,20
hd0_ep12_dg02_st01.sstg,ep12_bbm_00_L.bmo,13000330,B20*食物卡片,图片卡,50,60
hd0_ep12_dg02_st01.sstg,ep12_bbm_00.bmo,13000344,V14*宠物天使,图片卡,50,20
hd0_ep12_dg02_st01.sstg,ep12_bbm_00.bmo,13000345,V15*宠物天使,图片卡,50,20
hd0_ep12_dg02_st01.sstg,ep12_bbm_00.bmo,13000330,B20*食物卡片,图片卡,50,60
hd0_ep11_dg00_st00.sstg;hd0_ep11_dg01_st00.sstg;hd0_ep11_dg02_st00.sstg,ep11_mb_T_00.mmo,22000015,幸运卡片E,特殊卡,100,100
hd0_ep11_dg00_st00.sstg;hd0_ep11_dg01_st00.sstg;hd0_ep11_dg02_st00.sstg;hd0_ep11_dg02_st01.sstg,ep11_mb_R_00.mmo,22000017,幸运卡片G,特殊卡,100,100
hd0_ep11_dg00_st00.sstg;hd0_ep11_dg01_st00.sstg;hd0_ep11_dg02_st00.sstg,ep11_mb_C_woman.mmo,22000016,幸运卡片F,特殊卡,100,100
hd0_ep11_dg00_st00.sstg;hd0_ep11_dg01_st00.sstg;hd0_ep11_dg02_st00.sstg,ep11_mb_C_man.mmo,22000016,幸运卡片F,特殊卡,100,100
hd0_ep11_dg02_st00.sstg,ep11_ending_02_M.bmo,13000306,C16*宠物天使,图片卡,50,20
hd0_ep11_dg02_st00.sstg,ep11_ending_02_M.bmo,13000308,C18*宠物天使,图片卡,50,20
hd0_ep11_dg02_st00.sstg,ep11_ending_02_M.bmo,13000296,C06*食物卡片,图片卡,50,60
hd0_ep11_dg02_st00.sstg,ep11_ending_02_L.bmo,13000306,C16*宠物天使,图片卡,50,20
hd0_ep11_dg02_st00.sstg,ep11_ending_02_L.bmo,13000308,C18*宠物天使,图片卡,50,20
hd0_ep11_dg02_st00.sstg,ep11_ending_02_L.bmo,13000296,C06*食物卡片,图片卡,50,60
hd0_ep11_dg02_st00.sstg,ep11_ending_02.bmo,13000306,C16*宠物天使,图片卡,50,20
hd0_ep11_dg02_st00.sstg,ep11_ending_02.bmo,13000308,C18*宠物天使,图片卡,50,20
hd0_ep11_dg02_st00.sstg,ep11_ending_02.bmo,13000296,C06*食物卡片,图片卡,50,60
hd0_ep11_dg01_st00.sstg,ep11_ending_01_M.bmo,13000305,C15*宠物天使,图片卡,50,20
hd0_ep11_dg01_st00.sstg,ep11_ending_01_M.bmo,13000296,C06*食物卡片,图片卡,50,50
hd0_ep11_dg01_st00.sstg,ep11_ending_01_M.bmo,13000181,A01_装饰卡片,图片卡,50,30
hd0_ep11_dg01_st00.sstg,ep11_ending_01_L.bmo,13000305,C15*宠物天使,图片卡,50,20
hd0_ep11_dg01_st00.sstg,ep11_ending_01_L.bmo,13000296,C06*食物卡片,图片卡,50,50
hd0_ep11_dg01_st00.sstg,ep11_ending_01_L.bmo,13000181,A01_装饰卡片,图片卡,50,30
hd0_ep11_dg01_st00.sstg,ep11_ending_01.bmo,13000305,C15*宠物天使,图片卡,50,20
hd0_ep11_dg01_st00.sstg,ep11_ending_01.bmo,13000296,C06*食物卡片,图片卡,50,50
hd0_ep11_dg01_st00.sstg,ep11_ending_01.bmo,13000181,A01_装饰卡片,图片卡,50,30
hd0_ep11_dg00_st00.sstg,ep11_ending_00_M.bmo,13000304,C14*宠物天使,图片卡,50,20
hd0_ep11_dg00_st00.sstg,ep11_ending_00_M.bmo,13000296,C06*食物卡片,图片卡,50,50
hd0_ep11_dg00_st00.sstg,ep11_ending_00_M.bmo,13000169,E09_NaNa秀卡片,图片卡,50,30
hd0_ep11_dg00_st00.sstg,ep11_ending_00_L.bmo,13000304,C14*宠物天使,图片卡,50,20
hd0_ep11_dg00_st00.sstg,ep11_ending_00_L.bmo,13000296,C06*食物卡片,图片卡,50,50
hd0_ep11_dg00_st00.sstg,ep11_ending_00_L.bmo,13000169,E09_NaNa秀卡片,图片卡,50,30
hd0_ep11_dg00_st00.sstg,ep11_ending_00.bmo,13000304,C14*宠物天使,图片卡,50,20
hd0_ep11_dg00_st00.sstg,ep11_ending_00.bmo,13000296,C06*食物卡片,图片卡,50,50
hd0_ep11_dg00_st00.sstg,ep11_ending_00.bmo,13000169,E09_NaNa秀卡片,图片卡,50,30
hd0_ep11_dg02_st01.sstg,ep11_dg03_M_00.mmo,22000012,幸运卡片B,特殊卡,100,33
hd0_ep11_dg02_st01.sstg,ep11_dg03_M_00.mmo,22000013,幸运卡片C,特殊卡,100,34
hd0_ep11_dg02_st01.sstg,ep11_dg03_M_00.mmo,22000014,幸运卡片D,特殊卡,100,33
hd0_ep11_dg02_st00.sstg;hd0_ep11_dg02_st01.sstg,ep11_dg02_mb_119_01.mmo,13000301,C11*能力宝石,图片卡,3,4
hd0_ep11_dg02_st00.sstg;hd0_ep11_dg02_st01.sstg,ep11_dg02_mb_119_01.mmo,13000302,C12*装饰卡片,图片卡,3,86
hd0_ep11_dg02_st00.sstg;hd0_ep11_dg02_st01.sstg,ep11_dg02_mb_119_01.mmo,13000309,C19*宠物天使,图片卡,3,10
hd0_ep11_dg02_st00.sstg;hd0_ep11_dg02_st01.sstg,ep11_dg02_mb_119_00.mmo,13000301,C11*能力宝石,图片卡,3,4
hd0_ep11_dg02_st00.sstg;hd0_ep11_dg02_st01.sstg,ep11_dg02_mb_119_00.mmo,13000302,C12*装饰卡片,图片卡,3,86
hd0_ep11_dg02_st00.sstg;hd0_ep11_dg02_st01.sstg,ep11_dg02_mb_119_00.mmo,13000309,C19*宠物天使,图片卡,3,10
hd0_ep11_dg02_st00.sstg;hd0_ep11_dg02_st01.sstg,ep11_dg02_mb_118_01.mmo,13000300,C10*装饰卡片,图片卡,3,90
hd0_ep11_dg02_st00.sstg;hd0_ep11_dg02_st01.sstg,ep11_dg02_mb_118_01.mmo,13000308,C18*宠物天使,图片卡,3,10
hd0_ep11_dg02_st00.sstg;hd0_ep11_dg02_st01.sstg,ep11_dg02_mb_118_00.mmo,13000300,C10*装饰卡片,图片卡,3,90
hd0_ep11_dg02_st00.sstg;hd0_ep11_dg02_st01.sstg,ep11_dg02_mb_118_00.mmo,13000308,C18*宠物天使,图片卡,3,10
hd0_ep11_dg02_st00.sstg;hd0_ep11_dg02_st01.sstg,ep11_dg02_mb_117_01.mmo,13000299,C09*装饰卡片,图片卡,3,4
hd0_ep11_dg02_st00.sstg;hd0_ep11_dg02_st01.sstg,ep11_dg02_mb_117_01.mmo,13000045,Y05_能力宝石,图片卡,3,96
hd0_ep11_dg02_st00.sstg;hd0_ep11_dg02_st01.sstg,ep11_dg02_mb_117_00.mmo,13000299,C09*装饰卡片,图片卡,3,4
hd0_ep11_dg02_st00.sstg;hd0_ep11_dg02_st01.sstg,ep11_dg02_mb_117_00.mmo,13000045,Y05_能力宝石,图片卡,3,96
hd0_ep11_dg02_st00.sstg;hd0_ep11_dg02_st01.sstg,ep11_dg02_mb_116_01.mmo,13000294,C04*能力宝石,图片卡,3,60
hd0_ep11_dg02_st00.sstg;hd0_ep11_dg02_st01.sstg,ep11_dg02_mb_116_01.mmo,13000298,C08*属性宝石,图片卡,3,4
hd0_ep11_dg02_st00.sstg;hd0_ep11_dg02_st01.sstg,ep11_dg02_mb_116_01.mmo,13000141,P01_装饰卡片,图片卡,3,36
hd0_ep11_dg02_st00.sstg;hd0_ep11_dg02_st01.sstg,ep11_dg02_mb_116_00.mmo,13000294,C04*能力宝石,图片卡,3,60
hd0_ep11_dg02_st00.sstg;hd0_ep11_dg02_st01.sstg,ep11_dg02_mb_116_00.mmo,13000298,C08*属性宝石,图片卡,3,4
hd0_ep11_dg02_st00.sstg;hd0_ep11_dg02_st01.sstg,ep11_dg02_mb_116_00.mmo,13000141,P01_装饰卡片,图片卡,3,36
hd0_ep11_dg02_st00.sstg;hd0_ep11_dg02_st01.sstg,ep11_dg02_m_119_01.mmo,13000199,A19_食物卡片,图片卡,6,35
hd0_ep11_dg02_st00.sstg;hd0_ep11_dg02_st01.sstg,ep11_dg02_m_119_01.mmo,13000183,A03_天空之翼,图片卡,6,30
hd0_ep11_dg02_st00.sstg;hd0_ep11_dg02_st01.sstg,ep11_dg02_m_119_01.mmo,13000200,A20_食物卡片,图片卡,6,35
hd0_ep11_dg02_st00.sstg;hd0_ep11_dg02_st01.sstg,ep11_dg02_m_119_00.mmo,13000199,A19_食物卡片,图片卡,6,35
hd0_ep11_dg02_st00.sstg;hd0_ep11_dg02_st01.sstg,ep11_dg02_m_119_00.mmo,13000183,A03_天空之翼,图片卡,6,30
hd0_ep11_dg02_st00.sstg;hd0_ep11_dg02_st01.sstg,ep11_dg02_m_119_00.mmo,13000200,A20_食物卡片,图片卡,6,35
hd0_ep11_dg02_st00.sstg;hd0_ep11_dg02_st01.sstg,ep11_dg02_m_118_01.mmo,13000186,A06_食物卡片,图片卡,6,35
hd0_ep11_dg02_st00.sstg;hd0_ep11_dg02_st01.sstg,ep11_dg02_m_118_01.mmo,13000023,O03_天空之翼,图片卡,6,30
hd0_ep11_dg02_st00.sstg;hd0_ep11_dg02_st01.sstg,ep11_dg02_m_118_01.mmo,13000173,E13_食物卡片,图片卡,6,35
hd0_ep11_dg02_st00.sstg;hd0_ep11_dg02_st01.sstg,ep11_dg02_m_118_00.mmo,13000186,A06_食物卡片,图片卡,6,35
hd0_ep11_dg02_st00.sstg;hd0_ep11_dg02_st01.sstg,ep11_dg02_m_118_00.mmo,13000023,O03_天空之翼,图片卡,6,30
hd0_ep11_dg02_st00.sstg;hd0_ep11_dg02_st01.sstg,ep11_dg02_m_118_00.mmo,13000173,E13_食物卡片,图片卡,6,35
hd0_ep11_dg02_st00.sstg;hd0_ep11_dg02_st01.sstg,ep11_dg02_m_117_01.mmo,13000292,C02*天空之翼,图片卡,5,50
hd0_ep11_dg02_st00.sstg;hd0_ep11_dg02_st01.sstg,ep11_dg02_m_117_01.mmo,13000179,E19_食物卡片,图片卡,5,10
hd0_ep11_dg02_st00.sstg;hd0_ep11_dg02_st01.sstg,ep11_dg02_m_117_01.mmo,12000004,炮弹型 SP +4,SP卡,5,40
hd0_ep11_dg02_st00.sstg;hd0_ep11_dg02_st01.sstg,ep11_dg02_m_117_00.mmo,13000292,C02*天空之翼,图片卡,5,50
hd0_ep11_dg02_st00.sstg;hd0_ep11_dg02_st01.sstg,ep11_dg02_m_117_00.mmo,13000179,E19_食物卡片,图片卡,5,10
hd0_ep11_dg02_st00.sstg;hd0_ep11_dg02_st01.sstg,ep11_dg02_m_117_00.mmo,12000004,炮弹型 SP +4,SP卡,5,40
hd0_ep11_dg02_st00.sstg;hd0_ep11_dg02_st01.sstg,ep11_dg02_m_116_01.mmo,13000291,C01*天空之翼,图片卡,5,60
hd0_ep11_dg02_st00.sstg;hd0_ep11_dg02_st01.sstg,ep11_dg02_m_116_01.mmo,13000158,P18_食物卡片,图片卡,5,40
hd0_ep11_dg02_st00.sstg;hd0_ep11_dg02_st01.sstg,ep11_dg02_m_116_00.mmo,13000291,C01*天空之翼,图片卡,5,60
hd0_ep11_dg02_st00.sstg;hd0_ep11_dg02_st01.sstg,ep11_dg02_m_116_00.mmo,13000158,P18_食物卡片,图片卡,5,40
hd0_ep11_dg02_st00.sstg,ep11_dg02_M_00.mmo,22000011,幸运卡片A,特殊卡,100,33
hd0_ep11_dg02_st00.sstg,ep11_dg02_M_00.mmo,22000013,幸运卡片C,特殊卡,100,33
hd0_ep11_dg02_st00.sstg,ep11_dg02_M_00.mmo,22000014,幸运卡片D,特殊卡,100,34
hd0_ep11_dg01_st00.sstg,ep11_dg01_mb_115_01.mmo,13000295,C05*能力宝石,图片卡,3,90
hd0_ep11_dg01_st00.sstg,ep11_dg01_mb_115_01.mmo,13000307,C17*宠物天使,图片卡,3,10
hd0_ep11_dg01_st00.sstg,ep11_dg01_mb_115_00.mmo,13000295,C05*能力宝石,图片卡,3,90
hd0_ep11_dg01_st00.sstg,ep11_dg01_mb_115_00.mmo,13000307,C17*宠物天使,图片卡,3,10
hd0_ep11_dg01_st00.sstg,ep11_dg01_mb_114_01.mmo,13000297,C07*NaNa秀卡片,图片卡,3,90
hd0_ep11_dg01_st00.sstg,ep11_dg01_mb_114_01.mmo,13000306,C16*宠物天使,图片卡,3,10
hd0_ep11_dg01_st00.sstg,ep11_dg01_mb_114_00.mmo,13000297,C07*NaNa秀卡片,图片卡,3,90
hd0_ep11_dg01_st00.sstg,ep11_dg01_mb_114_00.mmo,13000306,C16*宠物天使,图片卡,3,10
hd0_ep11_dg01_st00.sstg,ep11_dg01_mb_113_01.mmo,13000293,C03*能力宝石,图片卡,3,60
hd0_ep11_dg01_st00.sstg,ep11_dg01_mb_113_01.mmo,13000303,C13*NaNa秀卡片,图片卡,3,4
hd0_ep11_dg01_st00.sstg,ep11_dg01_mb_113_01.mmo,13000119,B19_NaNa秀卡片,图片卡,3,36
hd0_ep11_dg01_st00.sstg,ep11_dg01_mb_113_00.mmo,13000293,C03*能力宝石,图片卡,3,60
hd0_ep11_dg01_st00.sstg,ep11_dg01_mb_113_00.mmo,13000303,C13*NaNa秀卡片,图片卡,3,4
hd0_ep11_dg01_st00.sstg,ep11_dg01_mb_113_00.mmo,13000119,B19_NaNa秀卡片,图片卡,3,36
hd0_ep11_dg01_st00.sstg,ep11_dg01_mb_112_01.mmo,13000273,G03*属性宝石,图片卡,3,4
hd0_ep11_dg01_st00.sstg,ep11_dg01_mb_112_01.mmo,13000010,R10_能力宝石,图片卡,3,96
hd0_ep11_dg01_st00.sstg,ep11_dg01_mb_112_00.mmo,13000273,G03*属性宝石,图片卡,3,4
hd0_ep11_dg01_st00.sstg,ep11_dg01_mb_112_00.mmo,13000010,R10_能力宝石,图片卡,3,96
hd0_ep11_dg01_st00.sstg,ep11_dg01_m_115_01.mmo,13000179,E19_食物卡片,图片卡,6,35
hd0_ep11_dg01_st00.sstg,ep11_dg01_m_115_01.mmo,13000162,E02_天空之翼,图片卡,6,30
hd0_ep11_dg01_st00.sstg,ep11_dg01_m_115_01.mmo,13000200,A20_食物卡片,图片卡,6,35
hd0_ep11_dg01_st00.sstg,ep11_dg01_m_115_00.mmo,13000179,E19_食物卡片,图片卡,6,35
hd0_ep11_dg01_st00.sstg,ep11_dg01_m_115_00.mmo,13000162,E02_天空之翼,图片卡,6,30
hd0_ep11_dg01_st00.sstg,ep11_dg01_m_115_00.mmo,13000200,A20_食物卡片,图片卡,6,35
hd0_ep11_dg01_st00.sstg,ep11_dg01_m_114_01.mmo,13000158,P18_食物卡片,图片卡,6,35
hd0_ep11_dg01_st00.sstg,ep11_dg01_m_114_01.mmo,13000102,B02_天空之翼,图片卡,6,30
hd0_ep11_dg01_st00.sstg,ep11_dg01_m_114_01.mmo,13000173,E13_食物卡片,图片卡,6,35
hd0_ep11_dg01_st00.sstg,ep11_dg01_m_114_00.mmo,13000158,P18_食物卡片,图片卡,6,35
hd0_ep11_dg01_st00.sstg,ep11_dg01_m_114_00.mmo,13000102,B02_天空之翼,图片卡,6,30
hd0_ep11_dg01_st00.sstg,ep11_dg01_m_114_00.mmo,13000173,E13_食物卡片,图片卡,6,35
hd0_ep11_dg01_st00.sstg,ep11_dg01_m_113_01.mmo,13000199,A19_食物卡片,图片卡,6,35
hd0_ep11_dg01_st00.sstg,ep11_dg01_m_113_01.mmo,13000001,R01_天空之翼,图片卡,6,30
hd0_ep11_dg01_st00.sstg,ep11_dg01_m_113_01.mmo,13000200,A20_食物卡片,图片卡,6,35
hd0_ep11_dg01_st00.sstg,ep11_dg01_m_113_00.mmo,13000199,A19_食物卡片,图片卡,6,35
hd0_ep11_dg01_st00.sstg,ep11_dg01_m_113_00.mmo,13000001,R01_天空之翼,图片卡,6,30
hd0_ep11_dg01_st00.sstg,ep11_dg01_m_113_00.mmo,13000200,A20_食物卡片,图片卡,6,35
hd0_ep11_dg01_st00.sstg,ep11_dg01_m_112_01.mmo,13000310,C20*食物卡片,图片卡,5,60
hd0_ep11_dg01_st00.sstg,ep11_dg01_m_112_01.mmo,13000199,A19_食物卡片,图片卡,5,40
hd0_ep11_dg01_st00.sstg,ep11_dg01_m_112_00.mmo,13000310,C20*食物卡片,图片卡,5,60
hd0_ep11_dg01_st00.sstg,ep11_dg01_m_112_00.mmo,13000199,A19_食物卡片,图片卡,5,40
hd0_ep11_dg01_st00.sstg,ep11_dg01_M_00.mmo,22000011,幸运卡片A,特殊卡,100,33
hd0_ep11_dg01_st00.sstg,ep11_dg01_M_00.mmo,22000012,幸运卡片B,特殊卡,100,34
hd0_ep11_dg01_st00.sstg,ep11_dg01_M_00.mmo,22000014,幸运卡片D,特殊卡,100,33
hd0_ep11_dg00_st00.sstg,ep11_dg00_mb_111_01.mmo,13000305,C15*宠物天使,图片卡,3,10
hd0_ep11_dg00_st00.sstg,ep11_dg00_mb_111_01.mmo,13000169,E09_NaNa秀卡片,图片卡,3,90
hd0_ep11_dg00_st00.sstg,ep11_dg00_mb_111_00.mmo,13000305,C15*宠物天使,图片卡,3,10
hd0_ep11_dg00_st00.sstg,ep11_dg00_mb_111_00.mmo,13000169,E09_NaNa秀卡片,图片卡,3,90
hd0_ep11_dg00_st00.sstg,ep11_dg00_mb_110_01.mmo,13000304,C14*宠物天使,图片卡,3,10
hd0_ep11_dg00_st00.sstg,ep11_dg00_mb_110_01.mmo,13000192,A12_装饰卡片,图片卡,3,90
hd0_ep11_dg00_st00.sstg,ep11_dg00_mb_110_00.mmo,13000304,C14*宠物天使,图片卡,3,10
hd0_ep11_dg00_st00.sstg,ep11_dg00_mb_110_00.mmo,13000192,A12_装饰卡片,图片卡,3,90
hd0_ep11_dg00_st00.sstg,ep11_dg00_mb_109_01.mmo,13000281,G11*装饰卡片,图片卡,3,4
hd0_ep11_dg00_st00.sstg,ep11_dg00_mb_109_01.mmo,13000169,E09_NaNa秀卡片,图片卡,3,96
hd0_ep11_dg00_st00.sstg,ep11_dg00_mb_109_00.mmo,13000281,G11*装饰卡片,图片卡,3,4
hd0_ep11_dg00_st00.sstg,ep11_dg00_mb_109_00.mmo,13000169,E09_NaNa秀卡片,图片卡,3,96
hd0_ep11_dg00_st00.sstg,ep11_dg00_mb_108_01.mmo,13000277,G07*能力宝石,图片卡,3,4
hd0_ep11_dg00_st00.sstg,ep11_dg00_mb_108_01.mmo,13000084,C04_装饰卡片,图片卡,3,96
hd0_ep11_dg00_st00.sstg,ep11_dg00_mb_108_00.mmo,13000277,G07*能力宝石,图片卡,3,4
hd0_ep11_dg00_st00.sstg,ep11_dg00_mb_108_00.mmo,13000084,C04_装饰卡片,图片卡,3,96
hd0_ep11_dg00_st00.sstg,ep11_dg00_m_111_01.mmo,13000186,A06_食物卡片,图片卡,6,35
hd0_ep11_dg00_st00.sstg,ep11_dg00_m_111_01.mmo,13000154,P14_天空之翼,图片卡,6,30
hd0_ep11_dg00_st00.sstg,ep11_dg00_m_111_01.mmo,13000173,E13_食物卡片,图片卡,6,35
hd0_ep11_dg00_st00.sstg,ep11_dg00_m_111_00.mmo,13000186,A06_食物卡片,图片卡,6,35
hd0_ep11_dg00_st00.sstg,ep11_dg00_m_111_00.mmo,13000154,P14_天空之翼,图片卡,6,30
hd0_ep11_dg00_st00.sstg,ep11_dg00_m_111_00.mmo,13000173,E13_食物卡片,图片卡,6,35
hd0_ep11_dg00_st00.sstg,ep11_dg00_m_110_01.mmo,13000179,E19_食物卡片,图片卡,6,35
hd0_ep11_dg00_st00.sstg,ep11_dg00_m_110_01.mmo,13000137,V17_天空之翼,图片卡,6,30
hd0_ep11_dg00_st00.sstg,ep11_dg00_m_110_01.mmo,13000200,A20_食物卡片,图片卡,6,35
hd0_ep11_dg00_st00.sstg,ep11_dg00_m_110_00.mmo,13000179,E19_食物卡片,图片卡,6,35
hd0_ep11_dg00_st00.sstg,ep11_dg00_m_110_00.mmo,13000137,V17_天空之翼,图片卡,6,30
hd0_ep11_dg00_st00.sstg,ep11_dg00_m_110_00.mmo,13000200,A20_食物卡片,图片卡,6,35
hd0_ep11_dg00_st00.sstg,ep11_dg00_m_109_01.mmo,13000158,P18_食物卡片,图片卡,6,35
hd0_ep11_dg00_st00.sstg,ep11_dg00_m_109_01.mmo,13000077,G17_天空之翼,图片卡,6,30
hd0_ep11_dg00_st00.sstg,ep11_dg00_m_109_01.mmo,13000173,E13_食物卡片,图片卡,6,35
hd0_ep11_dg00_st00.sstg,ep11_dg00_m_109_00.mmo,13000158,P18_食物卡片,图片卡,6,35
hd0_ep11_dg00_st00.sstg,ep11_dg00_m_109_00.mmo,13000077,G17_天空之翼,图片卡,6,30
hd0_ep11_dg00_st00.sstg,ep11_dg00_m_109_00.mmo,13000173,E13_食物卡片,图片卡,6,35
hd0_ep11_dg00_st00.sstg,ep11_dg00_m_108_01.mmo,13000296,C06*食物卡片,图片卡,5,50
hd0_ep11_dg00_st00.sstg,ep11_dg00_m_108_01.mmo,13000186,A06_食物卡片,图片卡,5,10
hd0_ep11_dg00_st00.sstg,ep11_dg00_m_108_01.mmo,12000014,肉弹型 SP +4,SP卡,5,40
hd0_ep11_dg00_st00.sstg,ep11_dg00_m_108_00.mmo,13000296,C06*食物卡片,图片卡,5,50
hd0_ep11_dg00_st00.sstg,ep11_dg00_m_108_00.mmo,13000186,A06_食物卡片,图片卡,5,10
hd0_ep11_dg00_st00.sstg,ep11_dg00_m_108_00.mmo,12000014,肉弹型 SP +4,SP卡,5,40
hd0_ep11_dg00_st00.sstg,ep11_dg00_M_00.mmo,22000011,幸运卡片A,特殊卡,100,34
hd0_ep11_dg00_st00.sstg,ep11_dg00_M_00.mmo,22000012,幸运卡片B,特殊卡,100,33
hd0_ep11_dg00_st00.sstg,ep11_dg00_M_00.mmo,22000013,幸运卡片C,特殊卡,100,33
hd0_ep11_dg02_st01.sstg,ep11_bbm_00_M.bmo,13000307,C17*宠物天使,图片卡,50,20
hd0_ep11_dg02_st01.sstg,ep11_bbm_00_M.bmo,13000309,C19*宠物天使,图片卡,50,20
hd0_ep11_dg02_st01.sstg,ep11_bbm_00_M.bmo,13000296,C06*食物卡片,图片卡,50,60
hd0_ep11_dg02_st01.sstg,ep11_bbm_00_L.bmo,13000307,C17*宠物天使,图片卡,50,20
hd0_ep11_dg02_st01.sstg,ep11_bbm_00_L.bmo,13000309,C19*宠物天使,图片卡,50,20
hd0_ep11_dg02_st01.sstg,ep11_bbm_00_L.bmo,13000296,C06*食物卡片,图片卡,50,60
hd0_ep11_dg02_st01.sstg,ep11_bbm_00.bmo,13000307,C17*宠物天使,图片卡,50,20
hd0_ep11_dg02_st01.sstg,ep11_bbm_00.bmo,13000309,C19*宠物天使,图片卡,50,20
hd0_ep11_dg02_st01.sstg,ep11_bbm_00.bmo,13000296,C06*食物卡片,图片卡,50,60
hd0_ep10_dg00_st00.sstg;hd0_ep10_dg01_st00.sstg;hd0_ep10_dg02_st00.sstg,ep10_mb_T_00.mmo,22000015,幸运卡片E,特殊卡,100,100
hd0_ep10_dg00_st00.sstg;hd0_ep10_dg01_st00.sstg;hd0_ep10_dg02_st00.sstg;hd0_ep10_dg02_st01.sstg,ep10_mb_R_00.mmo,22000017,幸运卡片G,特殊卡,100,100
hd0_ep10_dg00_st00.sstg;hd0_ep10_dg01_st00.sstg;hd0_ep10_dg02_st00.sstg,ep10_mb_C_woman.mmo,22000016,幸运卡片F,特殊卡,100,100
hd0_ep10_dg00_st00.sstg;hd0_ep10_dg01_st00.sstg;hd0_ep10_dg02_st00.sstg,ep10_mb_C_man.mmo,22000016,幸运卡片F,特殊卡,100,100
hd0_ep10_dg02_st00.sstg,ep10_ending_02_M.bmo,13000286,G16*宠物天使,图片卡,3,20
hd0_ep10_dg02_st00.sstg,ep10_ending_02_M.bmo,13000288,G18*宠物天使,图片卡,3,20
hd0_ep10_dg02_st00.sstg,ep10_ending_02_M.bmo,13000290,G20*食物卡片,图片卡,3,60
hd0_ep10_dg02_st00.sstg,ep10_ending_02_L.bmo,13000286,G16*宠物天使,图片卡,3,20
hd0_ep10_dg02_st00.sstg,ep10_ending_02_L.bmo,13000288,G18*宠物天使,图片卡,3,20
hd0_ep10_dg02_st00.sstg,ep10_ending_02_L.bmo,13000290,G20*食物卡片,图片卡,3,60
hd0_ep10_dg02_st00.sstg,ep10_ending_02.bmo,13000286,G16*宠物天使,图片卡,3,20
hd0_ep10_dg02_st00.sstg,ep10_ending_02.bmo,13000288,G18*宠物天使,图片卡,3,20
hd0_ep10_dg02_st00.sstg,ep10_ending_02.bmo,13000290,G20*食物卡片,图片卡,3,60
hd0_ep10_dg01_st00.sstg,ep10_ending_01_M.bmo,13000285,G15*宠物天使,图片卡,3,20
hd0_ep10_dg01_st00.sstg,ep10_ending_01_M.bmo,13000290,G20*食物卡片,图片卡,3,50
hd0_ep10_dg01_st00.sstg,ep10_ending_01_M.bmo,13000105,B05_NaNa秀卡片,图片卡,3,30
hd0_ep10_dg01_st00.sstg,ep10_ending_01_L.bmo,13000285,G15*宠物天使,图片卡,3,20
hd0_ep10_dg01_st00.sstg,ep10_ending_01_L.bmo,13000290,G20*食物卡片,图片卡,3,50
hd0_ep10_dg01_st00.sstg,ep10_ending_01_L.bmo,13000105,B05_NaNa秀卡片,图片卡,3,30
hd0_ep10_dg01_st00.sstg,ep10_ending_01.bmo,13000285,G15*宠物天使,图片卡,3,20
hd0_ep10_dg01_st00.sstg,ep10_ending_01.bmo,13000290,G20*食物卡片,图片卡,3,50
hd0_ep10_dg01_st00.sstg,ep10_ending_01.bmo,13000105,B05_NaNa秀卡片,图片卡,3,30
hd0_ep10_dg00_st00.sstg,ep10_ending_00_M.bmo,13000284,G14*宠物天使,图片卡,3,20
hd0_ep10_dg00_st00.sstg,ep10_ending_00_M.bmo,13000290,G20*食物卡片,图片卡,3,50
hd0_ep10_dg00_st00.sstg,ep10_ending_00_M.bmo,13000121,V01_NaNa秀卡片,图片卡,3,30
hd0_ep10_dg00_st00.sstg,ep10_ending_00_L.bmo,13000284,G14*宠物天使,图片卡,3,20
hd0_ep10_dg00_st00.sstg,ep10_ending_00_L.bmo,13000290,G20*食物卡片,图片卡,3,50
hd0_ep10_dg00_st00.sstg,ep10_ending_00_L.bmo,13000121,V01_NaNa秀卡片,图片卡,3,30
hd0_ep10_dg00_st00.sstg,ep10_ending_00.bmo,13000284,G14*宠物天使,图片卡,3,20
hd0_ep10_dg00_st00.sstg,ep10_ending_00.bmo,13000290,G20*食物卡片,图片卡,3,50
hd0_ep10_dg00_st00.sstg,ep10_ending_00.bmo,13000121,V01_NaNa秀卡片,图片卡,3,30
hd0_ep10_dg02_st01.sstg,ep10_dg03_M_00.mmo,22000012,幸运卡片B,特殊卡,100,33
hd0_ep10_dg02_st01.sstg,ep10_dg03_M_00.mmo,22000013,幸运卡片C,特殊卡,100,34
hd0_ep10_dg02_st01.sstg,ep10_dg03_M_00.mmo,22000014,幸运卡片D,特殊卡,100,33
hd0_ep10_dg02_st00.sstg;hd0_ep10_dg02_st01.sstg,ep10_dg02_mb_107_01.mmo,13000289,G19*宠物天使,图片卡,3,10
hd0_ep10_dg02_st00.sstg;hd0_ep10_dg02_st01.sstg,ep10_dg02_mb_107_01.mmo,13000110,B10_装饰卡片,图片卡,3,90
hd0_ep10_dg02_st00.sstg;hd0_ep10_dg02_st01.sstg,ep10_dg02_mb_107_00.mmo,13000289,G19*宠物天使,图片卡,3,10
hd0_ep10_dg02_st00.sstg;hd0_ep10_dg02_st01.sstg,ep10_dg02_mb_107_00.mmo,13000110,B10_装饰卡片,图片卡,3,90
hd0_ep10_dg02_st00.sstg;hd0_ep10_dg02_st01.sstg,ep10_dg02_mb_106_01.mmo,13000288,G18*宠物天使,图片卡,3,10
hd0_ep10_dg02_st00.sstg;hd0_ep10_dg02_st01.sstg,ep10_dg02_mb_106_01.mmo,13000150,P10_装饰卡片,图片卡,3,90
hd0_ep10_dg02_st00.sstg;hd0_ep10_dg02_st01.sstg,ep10_dg02_mb_106_00.mmo,13000288,G18*宠物天使,图片卡,3,10
hd0_ep10_dg02_st00.sstg;hd0_ep10_dg02_st01.sstg,ep10_dg02_mb_106_00.mmo,13000150,P10_装饰卡片,图片卡,3,90
hd0_ep10_dg02_st00.sstg;hd0_ep10_dg02_st01.sstg,ep10_dg02_mb_105_01.mmo,13000280,G10*能力宝石,图片卡,3,4
hd0_ep10_dg02_st00.sstg;hd0_ep10_dg02_st01.sstg,ep10_dg02_mb_105_01.mmo,13000101,B01_装饰卡片,图片卡,3,96
hd0_ep10_dg02_st00.sstg;hd0_ep10_dg02_st01.sstg,ep10_dg02_mb_105_00.mmo,13000280,G10*能力宝石,图片卡,3,4
hd0_ep10_dg02_st00.sstg;hd0_ep10_dg02_st01.sstg,ep10_dg02_mb_105_00.mmo,13000101,B01_装饰卡片,图片卡,3,96
hd0_ep10_dg02_st00.sstg;hd0_ep10_dg02_st01.sstg,ep10_dg02_mb_104_00.mmo,13000275,G05*能力宝石,图片卡,3,60
hd0_ep10_dg02_st00.sstg;hd0_ep10_dg02_st01.sstg,ep10_dg02_mb_104_00.mmo,13000164,E04_NaNa秀卡片,图片卡,3,40
hd0_ep10_dg02_st00.sstg;hd0_ep10_dg02_st01.sstg,ep10_dg02_m_107_01.mmo,13000290,G20*食物卡片,图片卡,5,50
hd0_ep10_dg02_st00.sstg;hd0_ep10_dg02_st01.sstg,ep10_dg02_m_107_01.mmo,13000145,P05_天空之翼,图片卡,5,10
hd0_ep10_dg02_st00.sstg;hd0_ep10_dg02_st01.sstg,ep10_dg02_m_107_01.mmo,12000014,肉弹型 SP +4,SP卡,5,40
hd0_ep10_dg02_st00.sstg;hd0_ep10_dg02_st01.sstg,ep10_dg02_m_107_00.mmo,13000290,G20*食物卡片,图片卡,5,50
hd0_ep10_dg02_st00.sstg;hd0_ep10_dg02_st01.sstg,ep10_dg02_m_107_00.mmo,13000145,P05_天空之翼,图片卡,5,10
hd0_ep10_dg02_st00.sstg;hd0_ep10_dg02_st01.sstg,ep10_dg02_m_107_00.mmo,12000014,肉弹型 SP +4,SP卡,5,40
hd0_ep10_dg02_st00.sstg;hd0_ep10_dg02_st01.sstg,ep10_dg02_m_106_01.mmo,13000096,C16_天空之翼,图片卡,5,35
hd0_ep10_dg02_st00.sstg;hd0_ep10_dg02_st01.sstg,ep10_dg02_m_106_01.mmo,13000179,E19_食物卡片,图片卡,5,30
hd0_ep10_dg02_st00.sstg;hd0_ep10_dg02_st01.sstg,ep10_dg02_m_106_01.mmo,13000200,A20_食物卡片,图片卡,5,35
hd0_ep10_dg02_st00.sstg;hd0_ep10_dg02_st01.sstg,ep10_dg02_m_106_00.mmo,13000096,C16_天空之翼,图片卡,5,35
hd0_ep10_dg02_st00.sstg;hd0_ep10_dg02_st01.sstg,ep10_dg02_m_106_00.mmo,13000179,E19_食物卡片,图片卡,5,30
hd0_ep10_dg02_st00.sstg;hd0_ep10_dg02_st01.sstg,ep10_dg02_m_106_00.mmo,13000200,A20_食物卡片,图片卡,5,35
hd0_ep10_dg02_st00.sstg;hd0_ep10_dg02_st01.sstg,ep10_dg02_m_105_01.mmo,13000113,B13_天空之翼,图片卡,5,35
hd0_ep10_dg02_st00.sstg;hd0_ep10_dg02_st01.sstg,ep10_dg02_m_105_01.mmo,13000186,A06_食物卡片,图片卡,5,30
hd0_ep10_dg02_st00.sstg;hd0_ep10_dg02_st01.sstg,ep10_dg02_m_105_01.mmo,13000173,E13_食物卡片,图片卡,5,35
hd0_ep10_dg02_st00.sstg;hd0_ep10_dg02_st01.sstg,ep10_dg02_m_105_00.mmo,13000113,B13_天空之翼,图片卡,5,35
hd0_ep10_dg02_st00.sstg;hd0_ep10_dg02_st01.sstg,ep10_dg02_m_105_00.mmo,13000186,A06_食物卡片,图片卡,5,30
hd0_ep10_dg02_st00.sstg;hd0_ep10_dg02_st01.sstg,ep10_dg02_m_105_00.mmo,13000173,E13_食物卡片,图片卡,5,35
hd0_ep10_dg02_st01.sstg,ep10_dg02_m_104_02.mmo,13000276,G06*食物卡片,图片卡,5,48
hd0_ep10_dg02_st01.sstg,ep10_dg02_m_104_02.mmo,13000033,O13_天空之翼,图片卡,5,52
hd0_ep10_dg02_st00.sstg;hd0_ep10_dg02_st01.sstg,ep10_dg02_m_104_01.mmo,13000276,G06*食物卡片,图片卡,5,48
hd0_ep10_dg02_st00.sstg;hd0_ep10_dg02_st01.sstg,ep10_dg02_m_104_01.mmo,13000033,O13_天空之翼,图片卡,5,52
hd0_ep10_dg02_st00.sstg;hd0_ep10_dg02_st01.sstg,ep10_dg02_m_104_00.mmo,13000276,G06*食物卡片,图片卡,5,48
hd0_ep10_dg02_st00.sstg;hd0_ep10_dg02_st01.sstg,ep10_dg02_m_104_00.mmo,13000033,O13_天空之翼,图片卡,5,52
hd0_ep10_dg02_st00.sstg,ep10_dg02_M_00.mmo,22000011,幸运卡片A,特殊卡,100,33
hd0_ep10_dg02_st00.sstg,ep10_dg02_M_00.mmo,22000013,幸运卡片C,特殊卡,100,33
hd0_ep10_dg02_st00.sstg,ep10_dg02_M_00.mmo,22000014,幸运卡片D,特殊卡,100,34
hd0_ep10_dg01_st00.sstg,ep10_dg01_mb_103_00.mmo,13000287,G17*宠物天使,图片卡,3,10
hd0_ep10_dg01_st00.sstg,ep10_dg01_mb_103_00.mmo,13000052,Y12_装饰卡片,图片卡,3,90
hd0_ep10_dg01_st00.sstg,ep10_dg01_mb_102_01.mmo,13000283,G13*NaNa秀卡片,图片卡,3,90
hd0_ep10_dg01_st00.sstg,ep10_dg01_mb_102_01.mmo,13000286,G16*宠物天使,图片卡,3,10
hd0_ep10_dg01_st00.sstg,ep10_dg01_mb_102_00.mmo,13000283,G13*NaNa秀卡片,图片卡,3,90
hd0_ep10_dg01_st00.sstg,ep10_dg01_mb_102_00.mmo,13000286,G16*宠物天使,图片卡,3,10
hd0_ep10_dg01_st00.sstg,ep10_dg01_mb_101_01.mmo,13000282,G12*装饰卡片,图片卡,3,4
hd0_ep10_dg01_st00.sstg,ep10_dg01_mb_101_01.mmo,13000194,A14_NaNa秀卡片,图片卡,3,96
hd0_ep10_dg01_st00.sstg,ep10_dg01_mb_101_00.mmo,13000282,G12*装饰卡片,图片卡,3,4
hd0_ep10_dg01_st00.sstg,ep10_dg01_mb_101_00.mmo,13000194,A14_NaNa秀卡片,图片卡,3,96
hd0_ep10_dg01_st00.sstg,ep10_dg01_mb_100_01.mmo,13000254,Y04*属性宝石,图片卡,3,30
hd0_ep10_dg01_st00.sstg,ep10_dg01_mb_100_01.mmo,13000015,R15_NaNa秀卡片,图片卡,3,70
hd0_ep10_dg01_st00.sstg,ep10_dg01_mb_100_00.mmo,13000254,Y04*属性宝石,图片卡,3,30
hd0_ep10_dg01_st00.sstg,ep10_dg01_mb_100_00.mmo,13000015,R15_NaNa秀卡片,图片卡,3,70
hd0_ep10_dg01_st00.sstg,ep10_dg01_m_103_08.mmo,13000017,R17_天空之翼,图片卡,5,35
hd0_ep10_dg01_st00.sstg,ep10_dg01_m_103_08.mmo,13000199,A19_食物卡片,图片卡,5,30
hd0_ep10_dg01_st00.sstg,ep10_dg01_m_103_08.mmo,13000173,E13_食物卡片,图片卡,5,35
hd0_ep10_dg01_st00.sstg,ep10_dg01_m_103_07.mmo,13000017,R17_天空之翼,图片卡,5,35
hd0_ep10_dg01_st00.sstg,ep10_dg01_m_103_07.mmo,13000199,A19_食物卡片,图片卡,5,30
hd0_ep10_dg01_st00.sstg,ep10_dg01_m_103_07.mmo,13000173,E13_食物卡片,图片卡,5,35
hd0_ep10_dg01_st00.sstg,ep10_dg01_m_103_06.mmo,13000017,R17_天空之翼,图片卡,5,35
hd0_ep10_dg01_st00.sstg,ep10_dg01_m_103_06.mmo,13000199,A19_食物卡片,图片卡,5,30
hd0_ep10_dg01_st00.sstg,ep10_dg01_m_103_06.mmo,13000173,E13_食物卡片,图片卡,5,35
hd0_ep10_dg01_st00.sstg,ep10_dg01_m_103_05.mmo,13000017,R17_天空之翼,图片卡,5,35
hd0_ep10_dg01_st00.sstg,ep10_dg01_m_103_05.mmo,13000199,A19_食物卡片,图片卡,5,30
hd0_ep10_dg01_st00.sstg,ep10_dg01_m_103_05.mmo,13000173,E13_食物卡片,图片卡,5,35
hd0_ep10_dg01_st00.sstg,ep10_dg01_m_103_04.mmo,13000017,R17_天空之翼,图片卡,5,35
hd0_ep10_dg01_st00.sstg,ep10_dg01_m_103_04.mmo,13000199,A19_食物卡片,图片卡,5,30
hd0_ep10_dg01_st00.sstg,ep10_dg01_m_103_04.mmo,13000173,E13_食物卡片,图片卡,5,35
hd0_ep10_dg01_st00.sstg,ep10_dg01_m_103_03.mmo,13000017,R17_天空之翼,图片卡,5,35
hd0_ep10_dg01_st00.sstg,ep10_dg01_m_103_03.mmo,13000199,A19_食物卡片,图片卡,5,30
hd0_ep10_dg01_st00.sstg,ep10_dg01_m_103_03.mmo,13000173,E13_食物卡片,图片卡,5,35
hd0_ep10_dg01_st00.sstg,ep10_dg01_m_103_02.mmo,13000017,R17_天空之翼,图片卡,5,35
hd0_ep10_dg01_st00.sstg,ep10_dg01_m_103_02.mmo,13000199,A19_食物卡片,图片卡,5,30
hd0_ep10_dg01_st00.sstg,ep10_dg01_m_103_02.mmo,13000173,E13_食物卡片,图片卡,5,35
hd0_ep10_dg01_st00.sstg,ep10_dg01_m_103_01.mmo,13000017,R17_天空之翼,图片卡,5,35
hd0_ep10_dg01_st00.sstg,ep10_dg01_m_103_01.mmo,13000199,A19_食物卡片,图片卡,5,30
hd0_ep10_dg01_st00.sstg,ep10_dg01_m_103_01.mmo,13000173,E13_食物卡片,图片卡,5,35
hd0_ep10_dg01_st00.sstg,ep10_dg01_m_103_00.mmo,13000017,R17_天空之翼,图片卡,5,35
hd0_ep10_dg01_st00.sstg,ep10_dg01_m_103_00.mmo,13000199,A19_食物卡片,图片卡,5,30
hd0_ep10_dg01_st00.sstg,ep10_dg01_m_103_00.mmo,13000173,E13_食物卡片,图片卡,5,35
hd0_ep10_dg01_st00.sstg,ep10_dg01_m_102_01.mmo,13000079,G19_天空之翼,图片卡,5,35
hd0_ep10_dg01_st00.sstg,ep10_dg01_m_102_01.mmo,13000180,E20_食物卡片,图片卡,5,30
hd0_ep10_dg01_st00.sstg,ep10_dg01_m_102_01.mmo,13000200,A20_食物卡片,图片卡,5,35
hd0_ep10_dg01_st00.sstg,ep10_dg01_m_102_00.mmo,13000079,G19_天空之翼,图片卡,5,35
hd0_ep10_dg01_st00.sstg,ep10_dg01_m_102_00.mmo,13000180,E20_食物卡片,图片卡,5,30
hd0_ep10_dg01_st00.sstg,ep10_dg01_m_102_00.mmo,13000200,A20_食物卡片,图片卡,5,35
hd0_ep10_dg01_st00.sstg,ep10_dg01_m_101_01.mmo,13000272,G02*天空之翼,图片卡,5,50
hd0_ep10_dg01_st00.sstg,ep10_dg01_m_101_01.mmo,13000160,P20_食物卡片,图片卡,5,10
hd0_ep10_dg01_st00.sstg,ep10_dg01_m_101_01.mmo,12000014,肉弹型 SP +4,SP卡,5,40
hd0_ep10_dg01_st00.sstg,ep10_dg01_m_101_00.mmo,13000272,G02*天空之翼,图片卡,5,50
hd0_ep10_dg01_st00.sstg,ep10_dg01_m_101_00.mmo,13000160,P20_食物卡片,图片卡,5,10
hd0_ep10_dg01_st00.sstg,ep10_dg01_m_101_00.mmo,12000014,肉弹型 SP +4,SP卡,5,40
hd0_ep10_dg01_st00.sstg,ep10_dg01_m_100_01.mmo,13000047,Y07_天空之翼,图片卡,5,30
hd0_ep10_dg01_st00.sstg,ep10_dg01_m_100_01.mmo,13000179,E19_食物卡片,图片卡,5,35
hd0_ep10_dg01_st00.sstg,ep10_dg01_m_100_01.mmo,13000173,E13_食物卡片,图片卡,5,35
hd0_ep10_dg01_st00.sstg,ep10_dg01_m_100_00.mmo,13000047,Y07_天空之翼,图片卡,5,30
hd0_ep10_dg01_st00.sstg,ep10_dg01_m_100_00.mmo,13000179,E19_食物卡片,图片卡,5,35
hd0_ep10_dg01_st00.sstg,ep10_dg01_m_100_00.mmo,13000173,E13_食物卡片,图片卡,5,35
hd0_ep10_dg01_st00.sstg,ep10_dg01_M_00.mmo,22000011,幸运卡片A,特殊卡,100,33
hd0_ep10_dg01_st00.sstg,ep10_dg01_M_00.mmo,22000012,幸运卡片B,特殊卡,100,34
hd0_ep10_dg01_st00.sstg,ep10_dg01_M_00.mmo,22000014,幸运卡片D,特殊卡,100,33
hd0_ep10_dg00_st00.sstg,ep10_dg00_mb_99_01.mmo,13000274,G04*能力宝石,图片卡,3,90
hd0_ep10_dg00_st00.sstg,ep10_dg00_mb_99_01.mmo,13000285,G15*宠物天使,图片卡,3,10
hd0_ep10_dg00_st00.sstg,ep10_dg00_mb_99_00.mmo,13000274,G04*能力宝石,图片卡,3,90
hd0_ep10_dg00_st00.sstg,ep10_dg00_mb_99_00.mmo,13000285,G15*宠物天使,图片卡,3,10
hd0_ep10_dg00_st00.sstg,ep10_dg00_mb_98_01.mmo,13000279,G09*装饰卡片,图片卡,3,90
hd0_ep10_dg00_st00.sstg,ep10_dg00_mb_98_01.mmo,13000284,G14*宠物天使,图片卡,3,10
hd0_ep10_dg00_st00.sstg,ep10_dg00_mb_98_00.mmo,13000279,G09*装饰卡片,图片卡,3,90
hd0_ep10_dg00_st00.sstg,ep10_dg00_mb_98_00.mmo,13000284,G14*宠物天使,图片卡,3,10
hd0_ep10_dg00_st00.sstg,ep10_dg00_mb_97_01.mmo,13000258,Y08*能力宝石,图片卡,3,96
hd0_ep10_dg00_st00.sstg,ep10_dg00_mb_97_01.mmo,13000278,G08*NaNa秀卡片,图片卡,3,4
hd0_ep10_dg00_st00.sstg,ep10_dg00_mb_97_00.mmo,13000258,Y08*能力宝石,图片卡,3,96
hd0_ep10_dg00_st00.sstg,ep10_dg00_mb_97_00.mmo,13000278,G08*NaNa秀卡片,图片卡,3,4
hd0_ep10_dg00_st00.sstg,ep10_dg00_mb_96_01.mmo,13000262,Y12*装饰卡片,图片卡,3,60
hd0_ep10_dg00_st00.sstg,ep10_dg00_mb_96_01.mmo,13000071,G11_能力宝石,图片卡,3,40
hd0_ep10_dg00_st00.sstg,ep10_dg00_mb_96_00.mmo,13000262,Y12*装饰卡片,图片卡,3,60
hd0_ep10_dg00_st00.sstg,ep10_dg00_mb_96_00.mmo,13000071,G11_能力宝石,图片卡,3,40
hd0_ep10_dg00_st00.sstg,ep10_dg00_m_99_next.mmo,13000102,B02_天空之翼,图片卡,5,30
hd0_ep10_dg00_st00.sstg,ep10_dg00_m_99_next.mmo,13000173,E13_食物卡片,图片卡,5,35
hd0_ep10_dg00_st00.sstg,ep10_dg00_m_99_next.mmo,13000200,A20_食物卡片,图片卡,5,35
hd0_ep10_dg00_st00.sstg,ep10_dg00_m_98_01.mmo,13000271,G01*天空之翼,图片卡,5,60
hd0_ep10_dg00_st00.sstg,ep10_dg00_m_98_01.mmo,13000160,P20_食物卡片,图片卡,5,40
hd0_ep10_dg00_st00.sstg,ep10_dg00_m_98_00.mmo,13000271,G01*天空之翼,图片卡,5,60
hd0_ep10_dg00_st00.sstg,ep10_dg00_m_98_00.mmo,13000160,P20_食物卡片,图片卡,5,40
hd0_ep10_dg00_st00.sstg,ep10_dg00_m_97_01.mmo,13000057,Y17_天空之翼,图片卡,5,30
hd0_ep10_dg00_st00.sstg,ep10_dg00_m_97_01.mmo,13000200,A20_食物卡片,图片卡,5,35
hd0_ep10_dg00_st00.sstg,ep10_dg00_m_97_01.mmo,13000173,E13_食物卡片,图片卡,5,35
hd0_ep10_dg00_st00.sstg,ep10_dg00_m_97_00.mmo,13000057,Y17_天空之翼,图片卡,5,30
hd0_ep10_dg00_st00.sstg,ep10_dg00_m_97_00.mmo,13000200,A20_食物卡片,图片卡,5,35
hd0_ep10_dg00_st00.sstg,ep10_dg00_m_97_00.mmo,13000173,E13_食物卡片,图片卡,5,35
hd0_ep10_dg00_st00.sstg,ep10_dg00_m_96_00.mmo,13000123,V03_天空之翼,图片卡,5,35
hd0_ep10_dg00_st00.sstg,ep10_dg00_m_96_00.mmo,13000146,P06_食物卡片,图片卡,5,30
hd0_ep10_dg00_st00.sstg,ep10_dg00_m_96_00.mmo,13000200,A20_食物卡片,图片卡,5,35
hd0_ep10_dg00_st00.sstg,ep10_dg00_M_00.mmo,22000011,幸运卡片A,特殊卡,100,34
hd0_ep10_dg00_st00.sstg,ep10_dg00_M_00.mmo,22000012,幸运卡片B,特殊卡,100,33
hd0_ep10_dg00_st00.sstg,ep10_dg00_M_00.mmo,22000013,幸运卡片C,特殊卡,100,33
hd0_ep10_dg02_st01.sstg,ep10_bbm_00_M.bmo,13000287,G17*宠物天使,图片卡,3,20
hd0_ep10_dg02_st01.sstg,ep10_bbm_00_M.bmo,13000289,G19*宠物天使,图片卡,3,20
hd0_ep10_dg02_st01.sstg,ep10_bbm_00_M.bmo,13000290,G20*食物卡片,图片卡,3,60
hd0_ep10_dg02_st01.sstg,ep10_bbm_00_L.bmo,13000287,G17*宠物天使,图片卡,3,20
hd0_ep10_dg02_st01.sstg,ep10_bbm_00_L.bmo,13000289,G19*宠物天使,图片卡,3,20
hd0_ep10_dg02_st01.sstg,ep10_bbm_00_L.bmo,13000290,G20*食物卡片,图片卡,3,60
hd0_ep10_dg02_st01.sstg,ep10_bbm_00.bmo,13000287,G17*宠物天使,图片卡,3,20
hd0_ep10_dg02_st01.sstg,ep10_bbm_00.bmo,13000289,G19*宠物天使,图片卡,3,20
hd0_ep10_dg02_st01.sstg,ep10_bbm_00.bmo,13000290,G20*食物卡片,图片卡,3,60
hd0_ep09_dg00_st00.sstg;hd0_ep09_dg01_st00.sstg;hd0_ep09_dg02_st00.sstg,ep09_mb_T_00.mmo,22000015,幸运卡片E,特殊卡,100,100
hd0_ep09_dg00_st00.sstg;hd0_ep09_dg01_st00.sstg;hd0_ep09_dg02_st00.sstg;hd0_ep09_dg02_st01.sstg,ep09_mb_R_00.mmo,22000017,幸运卡片G,特殊卡,100,100
hd0_ep09_dg00_st00.sstg;hd0_ep09_dg01_st00.sstg;hd0_ep09_dg02_st00.sstg,ep09_mb_C_woman.mmo,22000016,幸运卡片F,特殊卡,100,100
hd0_ep09_dg00_st00.sstg;hd0_ep09_dg01_st00.sstg;hd0_ep09_dg02_st00.sstg,ep09_mb_C_man.mmo,22000016,幸运卡片F,特殊卡,100,100
hd0_ep09_dg02_st00.sstg,ep09_ending_02_M.bmo,13000266,Y16*宠物天使,图片卡,3,20
hd0_ep09_dg02_st00.sstg,ep09_ending_02_M.bmo,13000267,Y17*宠物天使,图片卡,3,20
hd0_ep09_dg02_st00.sstg,ep09_ending_02_M.bmo,13000251,Y01*天空之翼,图片卡,3,60
hd0_ep09_dg02_st00.sstg,ep09_ending_02_L.bmo,13000266,Y16*宠物天使,图片卡,3,20
hd0_ep09_dg02_st00.sstg,ep09_ending_02_L.bmo,13000267,Y17*宠物天使,图片卡,3,20
hd0_ep09_dg02_st00.sstg,ep09_ending_02_L.bmo,13000251,Y01*天空之翼,图片卡,3,60
hd0_ep09_dg02_st00.sstg,ep09_ending_02.bmo,13000266,Y16*宠物天使,图片卡,3,20
hd0_ep09_dg02_st00.sstg,ep09_ending_02.bmo,13000267,Y17*宠物天使,图片卡,3,20
hd0_ep09_dg02_st00.sstg,ep09_ending_02.bmo,13000251,Y01*天空之翼,图片卡,3,60
hd0_ep09_dg01_st00.sstg,ep09_ending_01_M.bmo,13000265,Y15*宠物天使,图片卡,3,30
hd0_ep09_dg01_st00.sstg,ep09_ending_01_M.bmo,13000030,O10_NaNa秀卡片,图片卡,3,20
hd0_ep09_dg01_st00.sstg,ep09_ending_01_M.bmo,13000270,Y20*食物卡片,图片卡,3,50
hd0_ep09_dg01_st00.sstg,ep09_ending_01_L.bmo,13000265,Y15*宠物天使,图片卡,3,30
hd0_ep09_dg01_st00.sstg,ep09_ending_01_L.bmo,13000030,O10_NaNa秀卡片,图片卡,3,20
hd0_ep09_dg01_st00.sstg,ep09_ending_01_L.bmo,13000270,Y20*食物卡片,图片卡,3,50
hd0_ep09_dg01_st00.sstg,ep09_ending_01.bmo,13000265,Y15*宠物天使,图片卡,3,30
hd0_ep09_dg01_st00.sstg,ep09_ending_01.bmo,13000030,O10_NaNa秀卡片,图片卡,3,20
hd0_ep09_dg01_st00.sstg,ep09_ending_01.bmo,13000270,Y20*食物卡片,图片卡,3,50
hd0_ep09_dg00_st00.sstg,ep09_ending_00_M.bmo,13000264,Y14*宠物天使,图片卡,3,30
hd0_ep09_dg00_st00.sstg,ep09_ending_00_M.bmo,13000121,V01_NaNa秀卡片,图片卡,3,30
hd0_ep09_dg00_st00.sstg,ep09_ending_00_M.bmo,13000256,Y06*食物卡片,图片卡,3,40
hd0_ep09_dg00_st00.sstg,ep09_ending_00_L.bmo,13000264,Y14*宠物天使,图片卡,3,30
hd0_ep09_dg00_st00.sstg,ep09_ending_00_L.bmo,13000121,V01_NaNa秀卡片,图片卡,3,30
hd0_ep09_dg00_st00.sstg,ep09_ending_00_L.bmo,13000256,Y06*食物卡片,图片卡,3,40
hd0_ep09_dg00_st00.sstg,ep09_ending_00.bmo,13000264,Y14*宠物天使,图片卡,3,30
hd0_ep09_dg00_st00.sstg,ep09_ending_00.bmo,13000121,V01_NaNa秀卡片,图片卡,3,30
hd0_ep09_dg00_st00.sstg,ep09_ending_00.bmo,13000256,Y06*食物卡片,图片卡,3,40
hd0_ep09_dg02_st01.sstg,ep09_dg03_M_00.mmo,22000012,幸运卡片B,特殊卡,100,33
hd0_ep09_dg02_st01.sstg,ep09_dg03_M_00.mmo,22000013,幸运卡片C,特殊卡,100,34
hd0_ep09_dg02_st01.sstg,ep09_dg03_M_00.mmo,22000014,幸运卡片D,特殊卡,100,33
hd0_ep09_dg02_st00.sstg;hd0_ep09_dg02_st01.sstg,ep09_dg02_mb_95_01.mmo,13000269,Y19*宠物天使,图片卡,3,10
hd0_ep09_dg02_st00.sstg;hd0_ep09_dg02_st01.sstg,ep09_dg02_mb_95_01.mmo,13000136,V16_NaNa秀卡片,图片卡,3,90
hd0_ep09_dg02_st00.sstg;hd0_ep09_dg02_st01.sstg,ep09_dg02_mb_95_00.mmo,13000269,Y19*宠物天使,图片卡,3,10
hd0_ep09_dg02_st00.sstg;hd0_ep09_dg02_st01.sstg,ep09_dg02_mb_95_00.mmo,13000136,V16_NaNa秀卡片,图片卡,3,90
hd0_ep09_dg02_st00.sstg;hd0_ep09_dg02_st01.sstg,ep09_dg02_mb_94_01.mmo,13000268,Y18*宠物天使,图片卡,3,10
hd0_ep09_dg02_st00.sstg;hd0_ep09_dg02_st01.sstg,ep09_dg02_mb_94_01.mmo,13000003,R03_装饰卡片,图片卡,3,90
hd0_ep09_dg02_st00.sstg;hd0_ep09_dg02_st01.sstg,ep09_dg02_mb_94_00.mmo,13000268,Y18*宠物天使,图片卡,3,10
hd0_ep09_dg02_st00.sstg;hd0_ep09_dg02_st01.sstg,ep09_dg02_mb_94_00.mmo,13000003,R03_装饰卡片,图片卡,3,90
hd0_ep09_dg02_st00.sstg;hd0_ep09_dg02_st01.sstg,ep09_dg02_mb_93_01.mmo,13000263,Y13*NaNa秀卡片,图片卡,3,50
hd0_ep09_dg02_st00.sstg;hd0_ep09_dg02_st01.sstg,ep09_dg02_mb_93_01.mmo,13000024,O04_能力宝石,图片卡,3,50
hd0_ep09_dg02_st00.sstg;hd0_ep09_dg02_st01.sstg,ep09_dg02_mb_93_00.mmo,13000263,Y13*NaNa秀卡片,图片卡,3,50
hd0_ep09_dg02_st00.sstg;hd0_ep09_dg02_st01.sstg,ep09_dg02_mb_93_00.mmo,13000024,O04_能力宝石,图片卡,3,50
hd0_ep09_dg02_st00.sstg;hd0_ep09_dg02_st01.sstg,ep09_dg02_mb_92_01.mmo,13000259,Y09*装饰卡片,图片卡,3,4
hd0_ep09_dg02_st00.sstg;hd0_ep09_dg02_st01.sstg,ep09_dg02_mb_92_01.mmo,13000030,O10_NaNa秀卡片,图片卡,3,96
hd0_ep09_dg02_st00.sstg;hd0_ep09_dg02_st01.sstg,ep09_dg02_mb_92_00.mmo,13000259,Y09*装饰卡片,图片卡,3,4
hd0_ep09_dg02_st00.sstg;hd0_ep09_dg02_st01.sstg,ep09_dg02_mb_92_00.mmo,13000030,O10_NaNa秀卡片,图片卡,3,96
hd0_ep09_dg02_st00.sstg;hd0_ep09_dg02_st01.sstg,ep09_dg02_m_95_01.mmo,13000270,Y20*食物卡片,图片卡,5,55
hd0_ep09_dg02_st00.sstg;hd0_ep09_dg02_st01.sstg,ep09_dg02_m_95_01.mmo,13000074,G14_天空之翼,图片卡,5,5
hd0_ep09_dg02_st00.sstg;hd0_ep09_dg02_st01.sstg,ep09_dg02_m_95_01.mmo,12000004,炮弹型 SP +4,SP卡,5,40
hd0_ep09_dg02_st00.sstg;hd0_ep09_dg02_st01.sstg,ep09_dg02_m_95_00.mmo,13000270,Y20*食物卡片,图片卡,5,55
hd0_ep09_dg02_st00.sstg;hd0_ep09_dg02_st01.sstg,ep09_dg02_m_95_00.mmo,13000074,G14_天空之翼,图片卡,5,5
hd0_ep09_dg02_st00.sstg;hd0_ep09_dg02_st01.sstg,ep09_dg02_m_95_00.mmo,12000004,炮弹型 SP +4,SP卡,5,40
hd0_ep09_dg02_st00.sstg;hd0_ep09_dg02_st01.sstg,ep09_dg02_m_94_03.mmo,13000158,P18_食物卡片,图片卡,5,30
hd0_ep09_dg02_st00.sstg;hd0_ep09_dg02_st01.sstg,ep09_dg02_m_94_03.mmo,13000017,R17_天空之翼,图片卡,5,35
hd0_ep09_dg02_st00.sstg;hd0_ep09_dg02_st01.sstg,ep09_dg02_m_94_03.mmo,13000200,A20_食物卡片,图片卡,5,35
hd0_ep09_dg02_st00.sstg;hd0_ep09_dg02_st01.sstg,ep09_dg02_m_94_02.mmo,13000158,P18_食物卡片,图片卡,5,30
hd0_ep09_dg02_st00.sstg;hd0_ep09_dg02_st01.sstg,ep09_dg02_m_94_02.mmo,13000017,R17_天空之翼,图片卡,5,35
hd0_ep09_dg02_st00.sstg;hd0_ep09_dg02_st01.sstg,ep09_dg02_m_94_02.mmo,13000200,A20_食物卡片,图片卡,5,35
hd0_ep09_dg02_st00.sstg;hd0_ep09_dg02_st01.sstg,ep09_dg02_m_94_01.mmo,13000158,P18_食物卡片,图片卡,5,30
hd0_ep09_dg02_st00.sstg;hd0_ep09_dg02_st01.sstg,ep09_dg02_m_94_01.mmo,13000017,R17_天空之翼,图片卡,5,35
hd0_ep09_dg02_st00.sstg;hd0_ep09_dg02_st01.sstg,ep09_dg02_m_94_01.mmo,13000200,A20_食物卡片,图片卡,5,35
hd0_ep09_dg02_st00.sstg;hd0_ep09_dg02_st01.sstg,ep09_dg02_m_94_00.mmo,13000158,P18_食物卡片,图片卡,5,30
hd0_ep09_dg02_st00.sstg;hd0_ep09_dg02_st01.sstg,ep09_dg02_m_94_00.mmo,13000017,R17_天空之翼,图片卡,5,35
hd0_ep09_dg02_st00.sstg;hd0_ep09_dg02_st01.sstg,ep09_dg02_m_94_00.mmo,13000200,A20_食物卡片,图片卡,5,35
hd0_ep09_dg02_st00.sstg;hd0_ep09_dg02_st01.sstg,ep09_dg02_m_93_01.mmo,13000162,E02_天空之翼,图片卡,6,35
hd0_ep09_dg02_st00.sstg;hd0_ep09_dg02_st01.sstg,ep09_dg02_m_93_01.mmo,13000179,E19_食物卡片,图片卡,6,30
hd0_ep09_dg02_st00.sstg;hd0_ep09_dg02_st01.sstg,ep09_dg02_m_93_01.mmo,13000173,E13_食物卡片,图片卡,6,35
hd0_ep09_dg02_st00.sstg;hd0_ep09_dg02_st01.sstg,ep09_dg02_m_93_00.mmo,13000162,E02_天空之翼,图片卡,6,35
hd0_ep09_dg02_st00.sstg;hd0_ep09_dg02_st01.sstg,ep09_dg02_m_93_00.mmo,13000179,E19_食物卡片,图片卡,6,30
hd0_ep09_dg02_st00.sstg;hd0_ep09_dg02_st01.sstg,ep09_dg02_m_93_00.mmo,13000173,E13_食物卡片,图片卡,6,35
hd0_ep09_dg02_st00.sstg;hd0_ep09_dg02_st01.sstg,ep09_dg02_m_92_02.mmo,13000074,G14_天空之翼,图片卡,6,30
hd0_ep09_dg02_st00.sstg;hd0_ep09_dg02_st01.sstg,ep09_dg02_m_92_02.mmo,13000186,A06_食物卡片,图片卡,6,35
hd0_ep09_dg02_st00.sstg;hd0_ep09_dg02_st01.sstg,ep09_dg02_m_92_02.mmo,13000200,A20_食物卡片,图片卡,6,35
hd0_ep09_dg02_st00.sstg;hd0_ep09_dg02_st01.sstg,ep09_dg02_m_92_01.mmo,13000074,G14_天空之翼,图片卡,6,30
hd0_ep09_dg02_st00.sstg;hd0_ep09_dg02_st01.sstg,ep09_dg02_m_92_01.mmo,13000186,A06_食物卡片,图片卡,6,35
hd0_ep09_dg02_st00.sstg;hd0_ep09_dg02_st01.sstg,ep09_dg02_m_92_01.mmo,13000200,A20_食物卡片,图片卡,6,35
hd0_ep09_dg02_st00.sstg;hd0_ep09_dg02_st01.sstg,ep09_dg02_m_92_00.mmo,13000074,G14_天空之翼,图片卡,6,30
hd0_ep09_dg02_st00.sstg;hd0_ep09_dg02_st01.sstg,ep09_dg02_m_92_00.mmo,13000186,A06_食物卡片,图片卡,6,35
hd0_ep09_dg02_st00.sstg;hd0_ep09_dg02_st01.sstg,ep09_dg02_m_92_00.mmo,13000200,A20_食物卡片,图片卡,6,35
hd0_ep09_dg02_st00.sstg,ep09_dg02_M_00.mmo,22000011,幸运卡片A,特殊卡,100,33
hd0_ep09_dg02_st00.sstg,ep09_dg02_M_00.mmo,22000013,幸运卡片C,特殊卡,100,33
hd0_ep09_dg02_st00.sstg,ep09_dg02_M_00.mmo,22000014,幸运卡片D,特殊卡,100,34
hd0_ep09_dg01_st00.sstg,ep09_dg01_mb_91_01.mmo,13000267,Y17*宠物天使,图片卡,3,10
hd0_ep09_dg01_st00.sstg,ep09_dg01_mb_91_01.mmo,13000119,B19_NaNa秀卡片,图片卡,3,90
hd0_ep09_dg01_st00.sstg,ep09_dg01_mb_91_00.mmo,13000267,Y17*宠物天使,图片卡,3,10
hd0_ep09_dg01_st00.sstg,ep09_dg01_mb_91_00.mmo,13000119,B19_NaNa秀卡片,图片卡,3,90
hd0_ep09_dg01_st00.sstg,ep09_dg01_mb_90_01.mmo,13000266,Y16*宠物天使,图片卡,3,10
hd0_ep09_dg01_st00.sstg,ep09_dg01_mb_90_01.mmo,13000029,O09_装饰卡片,图片卡,3,90
hd0_ep09_dg01_st00.sstg,ep09_dg01_mb_90_00.mmo,13000266,Y16*宠物天使,图片卡,3,10
hd0_ep09_dg01_st00.sstg,ep09_dg01_mb_90_00.mmo,13000029,O09_装饰卡片,图片卡,3,90
hd0_ep09_dg01_st00.sstg,ep09_dg01_mb_89_01.mmo,13000261,Y11*能力宝石,图片卡,3,30
hd0_ep09_dg01_st00.sstg,ep09_dg01_mb_89_01.mmo,13000010,R10_能力宝石,图片卡,3,70
hd0_ep09_dg01_st00.sstg,ep09_dg01_mb_89_00.mmo,13000261,Y11*能力宝石,图片卡,3,30
hd0_ep09_dg01_st00.sstg,ep09_dg01_mb_89_00.mmo,13000010,R10_能力宝石,图片卡,3,70
hd0_ep09_dg01_st00.sstg,ep09_dg01_mb_88_01.mmo,13000255,Y05*能力宝石,图片卡,3,4
hd0_ep09_dg01_st00.sstg,ep09_dg01_mb_88_01.mmo,13000125,V05_装饰卡片,图片卡,3,96
hd0_ep09_dg01_st00.sstg,ep09_dg01_mb_88_00.mmo,13000255,Y05*能力宝石,图片卡,3,4
hd0_ep09_dg01_st00.sstg,ep09_dg01_mb_88_00.mmo,13000125,V05_装饰卡片,图片卡,3,96
hd0_ep09_dg01_st00.sstg,ep09_dg01_m_91_01.mmo,13000256,Y06*食物卡片,图片卡,5,55
hd0_ep09_dg01_st00.sstg,ep09_dg01_m_91_01.mmo,13000102,B02_天空之翼,图片卡,5,5
hd0_ep09_dg01_st00.sstg,ep09_dg01_m_91_01.mmo,12000004,炮弹型 SP +4,SP卡,5,40
hd0_ep09_dg01_st00.sstg,ep09_dg01_m_91_00.mmo,13000256,Y06*食物卡片,图片卡,5,55
hd0_ep09_dg01_st00.sstg,ep09_dg01_m_91_00.mmo,13000102,B02_天空之翼,图片卡,5,5
hd0_ep09_dg01_st00.sstg,ep09_dg01_m_91_00.mmo,12000004,炮弹型 SP +4,SP卡,5,40
hd0_ep09_dg01_st00.sstg,ep09_dg01_m_90_01.mmo,13000171,E11_天空之翼,图片卡,6,30
hd0_ep09_dg01_st00.sstg,ep09_dg01_m_90_01.mmo,13000200,A20_食物卡片,图片卡,6,35
hd0_ep09_dg01_st00.sstg,ep09_dg01_m_90_01.mmo,13000173,E13_食物卡片,图片卡,6,35
hd0_ep09_dg01_st00.sstg,ep09_dg01_m_90_00.mmo,13000171,E11_天空之翼,图片卡,6,30
hd0_ep09_dg01_st00.sstg,ep09_dg01_m_90_00.mmo,13000200,A20_食物卡片,图片卡,6,35
hd0_ep09_dg01_st00.sstg,ep09_dg01_m_90_00.mmo,13000173,E13_食物卡片,图片卡,6,35
hd0_ep09_dg01_st00.sstg,ep09_dg01_m_89_04.mmo,13000137,V17_天空之翼,图片卡,6,30
hd0_ep09_dg01_st00.sstg,ep09_dg01_m_89_04.mmo,13000180,E20_食物卡片,图片卡,6,35
hd0_ep09_dg01_st00.sstg,ep09_dg01_m_89_04.mmo,13000200,A20_食物卡片,图片卡,6,35
hd0_ep09_dg01_st00.sstg,ep09_dg01_m_89_03.mmo,13000137,V17_天空之翼,图片卡,6,30
hd0_ep09_dg01_st00.sstg,ep09_dg01_m_89_03.mmo,13000180,E20_食物卡片,图片卡,6,35
hd0_ep09_dg01_st00.sstg,ep09_dg01_m_89_03.mmo,13000200,A20_食物卡片,图片卡,6,35
hd0_ep09_dg01_st00.sstg,ep09_dg01_m_89_02.mmo,13000137,V17_天空之翼,图片卡,6,30
hd0_ep09_dg01_st00.sstg,ep09_dg01_m_89_02.mmo,13000180,E20_食物卡片,图片卡,6,35
hd0_ep09_dg01_st00.sstg,ep09_dg01_m_89_02.mmo,13000200,A20_食物卡片,图片卡,6,35
hd0_ep09_dg01_st00.sstg,ep09_dg01_m_89_01.mmo,13000137,V17_天空之翼,图片卡,6,30
hd0_ep09_dg01_st00.sstg,ep09_dg01_m_89_01.mmo,13000180,E20_食物卡片,图片卡,6,35
hd0_ep09_dg01_st00.sstg,ep09_dg01_m_89_01.mmo,13000200,A20_食物卡片,图片卡,6,35
hd0_ep09_dg01_st00.sstg,ep09_dg01_m_89_00.mmo,13000137,V17_天空之翼,图片卡,6,30
hd0_ep09_dg01_st00.sstg,ep09_dg01_m_89_00.mmo,13000180,E20_食物卡片,图片卡,6,35
hd0_ep09_dg01_st00.sstg,ep09_dg01_m_89_00.mmo,13000200,A20_食物卡片,图片卡,6,35
hd0_ep09_dg01_st00.sstg,ep09_dg01_m_88_01.mmo,13000180,E20_食物卡片,图片卡,6,30
hd0_ep09_dg01_st00.sstg,ep09_dg01_m_88_01.mmo,13000186,A06_食物卡片,图片卡,6,35
hd0_ep09_dg01_st00.sstg,ep09_dg01_m_88_01.mmo,13000173,E13_食物卡片,图片卡,6,35
hd0_ep09_dg01_st00.sstg,ep09_dg01_m_88_00.mmo,13000180,E20_食物卡片,图片卡,6,30
hd0_ep09_dg01_st00.sstg,ep09_dg01_m_88_00.mmo,13000186,A06_食物卡片,图片卡,6,35
hd0_ep09_dg01_st00.sstg,ep09_dg01_m_88_00.mmo,13000173,E13_食物卡片,图片卡,6,35
hd0_ep09_dg01_st00.sstg,ep09_dg01_M_00.mmo,22000011,幸运卡片A,特殊卡,100,33
hd0_ep09_dg01_st00.sstg,ep09_dg01_M_00.mmo,22000012,幸运卡片B,特殊卡,100,34
hd0_ep09_dg01_st00.sstg,ep09_dg01_M_00.mmo,22000014,幸运卡片D,特殊卡,100,33
hd0_ep09_dg00_st00.sstg,ep09_dg00_mb_87_01.mmo,13000265,Y15*宠物天使,图片卡,3,10
hd0_ep09_dg00_st00.sstg,ep09_dg00_mb_87_01.mmo,13000064,G04_装饰卡片,图片卡,3,90
hd0_ep09_dg00_st00.sstg,ep09_dg00_mb_87_00.mmo,13000265,Y15*宠物天使,图片卡,3,10
hd0_ep09_dg00_st00.sstg,ep09_dg00_mb_87_00.mmo,13000064,G04_装饰卡片,图片卡,3,90
hd0_ep09_dg00_st00.sstg,ep09_dg00_mb_86_01.mmo,13000264,Y14*宠物天使,图片卡,3,10
hd0_ep09_dg00_st00.sstg,ep09_dg00_mb_86_01.mmo,13000094,C14_NaNa秀卡片,图片卡,3,90
hd0_ep09_dg00_st00.sstg,ep09_dg00_mb_86_00.mmo,13000264,Y14*宠物天使,图片卡,3,10
hd0_ep09_dg00_st00.sstg,ep09_dg00_mb_86_00.mmo,13000094,C14_NaNa秀卡片,图片卡,3,90
hd0_ep09_dg00_st00.sstg,ep09_dg00_mb_85_01.mmo,13000260,Y10*能力宝石,图片卡,3,4
hd0_ep09_dg00_st00.sstg,ep09_dg00_mb_85_01.mmo,13000021,O01_装饰卡片,图片卡,3,96
hd0_ep09_dg00_st00.sstg,ep09_dg00_mb_85_00.mmo,13000260,Y10*能力宝石,图片卡,3,4
hd0_ep09_dg00_st00.sstg,ep09_dg00_mb_85_00.mmo,13000021,O01_装饰卡片,图片卡,3,96
hd0_ep09_dg00_st00.sstg,ep09_dg00_mb_84_01.mmo,13000253,Y03*NaNa秀卡片,图片卡,3,4
hd0_ep09_dg00_st00.sstg,ep09_dg00_mb_84_01.mmo,13000013,R13_NaNa秀卡片,图片卡,3,96
hd0_ep09_dg00_st00.sstg,ep09_dg00_mb_84_00.mmo,13000253,Y03*NaNa秀卡片,图片卡,3,4
hd0_ep09_dg00_st00.sstg,ep09_dg00_mb_84_00.mmo,13000013,R13_NaNa秀卡片,图片卡,3,96
hd0_ep09_dg00_st00.sstg,ep09_dg00_m_87_01.mmo,13000252,Y02*天空之翼,图片卡,5,60
hd0_ep09_dg00_st00.sstg,ep09_dg00_m_87_01.mmo,13000001,R01_天空之翼,图片卡,5,40
hd0_ep09_dg00_st00.sstg,ep09_dg00_m_87_00.mmo,13000252,Y02*天空之翼,图片卡,5,60
hd0_ep09_dg00_st00.sstg,ep09_dg00_m_87_00.mmo,13000001,R01_天空之翼,图片卡,5,40
hd0_ep09_dg00_st00.sstg,ep09_dg00_m_86_01.mmo,13000019,R19_天空之翼,图片卡,6,35
hd0_ep09_dg00_st00.sstg,ep09_dg00_m_86_01.mmo,13000183,A03_天空之翼,图片卡,6,30
hd0_ep09_dg00_st00.sstg,ep09_dg00_m_86_01.mmo,13000200,A20_食物卡片,图片卡,6,35
hd0_ep09_dg00_st00.sstg,ep09_dg00_m_86_00.mmo,13000019,R19_天空之翼,图片卡,6,35
hd0_ep09_dg00_st00.sstg,ep09_dg00_m_86_00.mmo,13000183,A03_天空之翼,图片卡,6,30
hd0_ep09_dg00_st00.sstg,ep09_dg00_m_86_00.mmo,13000200,A20_食物卡片,图片卡,6,35
hd0_ep09_dg00_st00.sstg,ep09_dg00_m_85_01.mmo,13000079,G19_天空之翼,图片卡,6,57
hd0_ep09_dg00_st00.sstg,ep09_dg00_m_85_01.mmo,13000199,A19_食物卡片,图片卡,6,43
hd0_ep09_dg00_st00.sstg,ep09_dg00_m_85_00.mmo,13000079,G19_天空之翼,图片卡,6,57
hd0_ep09_dg00_st00.sstg,ep09_dg00_m_85_00.mmo,13000199,A19_食物卡片,图片卡,6,43
hd0_ep09_dg00_st00.sstg,ep09_dg00_m_84_01.mmo,13000001,R01_天空之翼,图片卡,6,35
hd0_ep09_dg00_st00.sstg,ep09_dg00_m_84_01.mmo,13000197,A17_天空之翼,图片卡,6,30
hd0_ep09_dg00_st00.sstg,ep09_dg00_m_84_01.mmo,13000173,E13_食物卡片,图片卡,6,35
hd0_ep09_dg00_st00.sstg,ep09_dg00_m_84_00.mmo,13000001,R01_天空之翼,图片卡,6,35
hd0_ep09_dg00_st00.sstg,ep09_dg00_m_84_00.mmo,13000197,A17_天空之翼,图片卡,6,30
hd0_ep09_dg00_st00.sstg,ep09_dg00_m_84_00.mmo,13000173,E13_食物卡片,图片卡,6,35
hd0_ep09_dg00_st00.sstg,ep09_dg00_M_00.mmo,22000011,幸运卡片A,特殊卡,100,34
hd0_ep09_dg00_st00.sstg,ep09_dg00_M_00.mmo,22000012,幸运卡片B,特殊卡,100,33
hd0_ep09_dg00_st00.sstg,ep09_dg00_M_00.mmo,22000013,幸运卡片C,特殊卡,100,33
hd0_ep09_dg02_st01.sstg,ep09_bbm_00_M.bmo,13000268,Y18*宠物天使,图片卡,3,20
hd0_ep09_dg02_st01.sstg,ep09_bbm_00_M.bmo,13000269,Y19*宠物天使,图片卡,3,20
hd0_ep09_dg02_st01.sstg,ep09_bbm_00_M.bmo,13000252,Y02*天空之翼,图片卡,3,60
hd0_ep09_dg02_st01.sstg,ep09_bbm_00_L.bmo,13000268,Y18*宠物天使,图片卡,3,20
hd0_ep09_dg02_st01.sstg,ep09_bbm_00_L.bmo,13000269,Y19*宠物天使,图片卡,3,20
hd0_ep09_dg02_st01.sstg,ep09_bbm_00_L.bmo,13000252,Y02*天空之翼,图片卡,3,60
hd0_ep09_dg02_st01.sstg,ep09_bbm_00.bmo,13000268,Y18*宠物天使,图片卡,3,20
hd0_ep09_dg02_st01.sstg,ep09_bbm_00.bmo,13000269,Y19*宠物天使,图片卡,3,20
hd0_ep09_dg02_st01.sstg,ep09_bbm_00.bmo,13000252,Y02*天空之翼,图片卡,3,60
hd0_ep08_dg00_st00.sstg;hd0_ep08_dg01_st00.sstg;hd0_ep08_dg02_st00.sstg,ep08_mb_T_00.mmo,22000015,幸运卡片E,特殊卡,100,100
hd0_ep08_dg00_st00.sstg;hd0_ep08_dg01_st00.sstg;hd0_ep08_dg02_st00.sstg;hd0_ep08_dg02_st01.sstg,ep08_mb_R_00.mmo,22000017,幸运卡片G,特殊卡,100,100
hd0_ep08_dg00_st00.sstg;hd0_ep08_dg01_st00.sstg;hd0_ep08_dg02_st00.sstg,ep08_mb_C_woman.mmo,22000016,幸运卡片F,特殊卡,100,100
hd0_ep08_dg00_st00.sstg;hd0_ep08_dg01_st00.sstg;hd0_ep08_dg02_st00.sstg,ep08_mb_C_man.mmo,22000016,幸运卡片F,特殊卡,100,100
hd0_ep08_dg02_st00.sstg,ep08_ending_02_M.bmo,13000246,O16*宠物天使,图片卡,50,20
hd0_ep08_dg02_st00.sstg,ep08_ending_02_M.bmo,13000248,O18*宠物天使,图片卡,50,20
hd0_ep08_dg02_st00.sstg,ep08_ending_02_M.bmo,13000250,O20*食物卡片,图片卡,50,60
hd0_ep08_dg02_st00.sstg,ep08_ending_02_L.bmo,13000246,O16*宠物天使,图片卡,50,20
hd0_ep08_dg02_st00.sstg,ep08_ending_02_L.bmo,13000248,O18*宠物天使,图片卡,50,20
hd0_ep08_dg02_st00.sstg,ep08_ending_02_L.bmo,13000250,O20*食物卡片,图片卡,50,60
hd0_ep08_dg02_st00.sstg;hd0_ep08_dg02_st01.sstg,ep08_ending_02.bmo,13000246,O16*宠物天使,图片卡,50,20
hd0_ep08_dg02_st00.sstg;hd0_ep08_dg02_st01.sstg,ep08_ending_02.bmo,13000248,O18*宠物天使,图片卡,50,20
hd0_ep08_dg02_st00.sstg;hd0_ep08_dg02_st01.sstg,ep08_ending_02.bmo,13000250,O20*食物卡片,图片卡,50,60
hd0_ep08_dg01_st00.sstg,ep08_ending_01_M.bmo,13000245,O15*宠物天使,图片卡,3,30
hd0_ep08_dg01_st00.sstg,ep08_ending_01_M.bmo,13000250,O20*食物卡片,图片卡,3,70
hd0_ep08_dg01_st00.sstg,ep08_ending_01_L.bmo,13000245,O15*宠物天使,图片卡,3,30
hd0_ep08_dg01_st00.sstg,ep08_ending_01_L.bmo,13000250,O20*食物卡片,图片卡,3,70
hd0_ep08_dg01_st00.sstg,ep08_ending_01.bmo,13000245,O15*宠物天使,图片卡,3,30
hd0_ep08_dg01_st00.sstg,ep08_ending_01.bmo,13000250,O20*食物卡片,图片卡,3,70
hd0_ep08_dg00_st00.sstg,ep08_ending_00_M.bmo,13000244,O14*宠物天使,图片卡,3,30
hd0_ep08_dg00_st00.sstg,ep08_ending_00_M.bmo,13000250,O20*食物卡片,图片卡,3,70
hd0_ep08_dg00_st00.sstg,ep08_ending_00_L.bmo,13000244,O14*宠物天使,图片卡,3,30
hd0_ep08_dg00_st00.sstg,ep08_ending_00_L.bmo,13000250,O20*食物卡片,图片卡,3,70
hd0_ep08_dg00_st00.sstg,ep08_ending_00.bmo,13000244,O14*宠物天使,图片卡,3,30
hd0_ep08_dg00_st00.sstg,ep08_ending_00.bmo,13000250,O20*食物卡片,图片卡,3,70
hd0_ep08_dg02_st01.sstg,ep08_dg03_M_00.mmo,22000012,幸运卡片B,特殊卡,100,33
hd0_ep08_dg02_st01.sstg,ep08_dg03_M_00.mmo,22000013,幸运卡片C,特殊卡,100,34
hd0_ep08_dg02_st01.sstg,ep08_dg03_M_00.mmo,22000014,幸运卡片D,特殊卡,100,33
hd0_ep08_dg02_st00.sstg;hd0_ep08_dg02_st01.sstg,ep08_dg02_mb_83_01.mmo,13000249,O19*宠物天使,图片卡,3,10
hd0_ep08_dg02_st00.sstg;hd0_ep08_dg02_st01.sstg,ep08_dg02_mb_83_01.mmo,13000257,Y07*装饰卡片,图片卡,3,90
hd0_ep08_dg02_st00.sstg;hd0_ep08_dg02_st01.sstg,ep08_dg02_mb_83_00.mmo,13000249,O19*宠物天使,图片卡,3,10
hd0_ep08_dg02_st00.sstg;hd0_ep08_dg02_st01.sstg,ep08_dg02_mb_83_00.mmo,13000257,Y07*装饰卡片,图片卡,3,90
hd0_ep08_dg02_st00.sstg;hd0_ep08_dg02_st01.sstg,ep08_dg02_mb_82_01.mmo,13000243,O13*NaNa秀卡片,图片卡,3,90
hd0_ep08_dg02_st00.sstg;hd0_ep08_dg02_st01.sstg,ep08_dg02_mb_82_01.mmo,13000246,O16*宠物天使,图片卡,3,10
hd0_ep08_dg02_st00.sstg;hd0_ep08_dg02_st01.sstg,ep08_dg02_mb_82_00.mmo,13000243,O13*NaNa秀卡片,图片卡,3,90
hd0_ep08_dg02_st00.sstg;hd0_ep08_dg02_st01.sstg,ep08_dg02_mb_82_00.mmo,13000246,O16*宠物天使,图片卡,3,10
hd0_ep08_dg02_st00.sstg;hd0_ep08_dg02_st01.sstg,ep08_dg02_mb_81_00.mmo,13000242,O12*装饰卡片,图片卡,3,4
hd0_ep08_dg02_st00.sstg;hd0_ep08_dg02_st01.sstg,ep08_dg02_mb_81_00.mmo,13000030,O10_NaNa秀卡片,图片卡,3,96
hd0_ep08_dg02_st00.sstg;hd0_ep08_dg02_st01.sstg,ep08_dg02_mb_80_01.mmo,13000236,O06*属性宝石,图片卡,3,4
hd0_ep08_dg02_st00.sstg;hd0_ep08_dg02_st01.sstg,ep08_dg02_mb_80_01.mmo,13000109,B09_NaNa秀卡片,图片卡,3,96
hd0_ep08_dg02_st00.sstg;hd0_ep08_dg02_st01.sstg,ep08_dg02_mb_80_00.mmo,13000236,O06*属性宝石,图片卡,3,4
hd0_ep08_dg02_st00.sstg;hd0_ep08_dg02_st01.sstg,ep08_dg02_mb_80_00.mmo,13000109,B09_NaNa秀卡片,图片卡,3,96
hd0_ep08_dg02_st00.sstg;hd0_ep08_dg02_st01.sstg,ep08_dg02_m_83_03.mmo,13000250,O20*食物卡片,图片卡,5,55
hd0_ep08_dg02_st00.sstg;hd0_ep08_dg02_st01.sstg,ep08_dg02_m_83_03.mmo,13000200,A20_食物卡片,图片卡,5,15
hd0_ep08_dg02_st00.sstg;hd0_ep08_dg02_st01.sstg,ep08_dg02_m_83_03.mmo,12000003,炮弹型 SP +3,SP卡,5,30
hd0_ep08_dg02_st00.sstg;hd0_ep08_dg02_st01.sstg,ep08_dg02_m_83_02.mmo,13000250,O20*食物卡片,图片卡,5,55
hd0_ep08_dg02_st00.sstg;hd0_ep08_dg02_st01.sstg,ep08_dg02_m_83_02.mmo,13000200,A20_食物卡片,图片卡,5,15
hd0_ep08_dg02_st00.sstg;hd0_ep08_dg02_st01.sstg,ep08_dg02_m_83_02.mmo,12000003,炮弹型 SP +3,SP卡,5,30
hd0_ep08_dg02_st00.sstg;hd0_ep08_dg02_st01.sstg,ep08_dg02_m_83_01.mmo,13000250,O20*食物卡片,图片卡,5,55
hd0_ep08_dg02_st00.sstg;hd0_ep08_dg02_st01.sstg,ep08_dg02_m_83_01.mmo,13000200,A20_食物卡片,图片卡,5,15
hd0_ep08_dg02_st00.sstg;hd0_ep08_dg02_st01.sstg,ep08_dg02_m_83_01.mmo,12000003,炮弹型 SP +3,SP卡,5,30
hd0_ep08_dg02_st00.sstg;hd0_ep08_dg02_st01.sstg,ep08_dg02_m_83_00.mmo,13000250,O20*食物卡片,图片卡,5,55
hd0_ep08_dg02_st00.sstg;hd0_ep08_dg02_st01.sstg,ep08_dg02_m_83_00.mmo,13000200,A20_食物卡片,图片卡,5,15
hd0_ep08_dg02_st00.sstg;hd0_ep08_dg02_st01.sstg,ep08_dg02_m_83_00.mmo,12000003,炮弹型 SP +3,SP卡,5,30
hd0_ep08_dg02_st00.sstg;hd0_ep08_dg02_st01.sstg,ep08_dg02_m_82_00.mmo,13000074,G14_天空之翼,图片卡,5,30
hd0_ep08_dg02_st00.sstg;hd0_ep08_dg02_st01.sstg,ep08_dg02_m_82_00.mmo,13000179,E19_食物卡片,图片卡,5,35
hd0_ep08_dg02_st00.sstg;hd0_ep08_dg02_st01.sstg,ep08_dg02_m_82_00.mmo,13000173,E13_食物卡片,图片卡,5,35
hd0_ep08_dg02_st00.sstg;hd0_ep08_dg02_st01.sstg,ep08_dg02_m_81_01.mmo,13000179,E19_食物卡片,图片卡,6,35
hd0_ep08_dg02_st00.sstg;hd0_ep08_dg02_st01.sstg,ep08_dg02_m_81_01.mmo,13000197,A17_天空之翼,图片卡,6,30
hd0_ep08_dg02_st00.sstg;hd0_ep08_dg02_st01.sstg,ep08_dg02_m_81_01.mmo,13000200,A20_食物卡片,图片卡,6,35
hd0_ep08_dg02_st00.sstg;hd0_ep08_dg02_st01.sstg,ep08_dg02_m_81_00.mmo,13000179,E19_食物卡片,图片卡,6,35
hd0_ep08_dg02_st00.sstg;hd0_ep08_dg02_st01.sstg,ep08_dg02_m_81_00.mmo,13000197,A17_天空之翼,图片卡,6,30
hd0_ep08_dg02_st00.sstg;hd0_ep08_dg02_st01.sstg,ep08_dg02_m_81_00.mmo,13000200,A20_食物卡片,图片卡,6,35
hd0_ep08_dg02_st00.sstg;hd0_ep08_dg02_st01.sstg,ep08_dg02_m_80_01.mmo,13000251,Y01*天空之翼,图片卡,5,40
hd0_ep08_dg02_st00.sstg;hd0_ep08_dg02_st01.sstg,ep08_dg02_m_80_01.mmo,13000148,P08_天空之翼,图片卡,5,30
hd0_ep08_dg02_st00.sstg;hd0_ep08_dg02_st01.sstg,ep08_dg02_m_80_01.mmo,13000173,E13_食物卡片,图片卡,5,30
hd0_ep08_dg02_st00.sstg;hd0_ep08_dg02_st01.sstg,ep08_dg02_m_80_00.mmo,13000251,Y01*天空之翼,图片卡,5,40
hd0_ep08_dg02_st00.sstg;hd0_ep08_dg02_st01.sstg,ep08_dg02_m_80_00.mmo,13000148,P08_天空之翼,图片卡,5,30
hd0_ep08_dg02_st00.sstg;hd0_ep08_dg02_st01.sstg,ep08_dg02_m_80_00.mmo,13000173,E13_食物卡片,图片卡,5,30
hd0_ep08_dg02_st00.sstg,ep08_dg02_M_00.mmo,22000011,幸运卡片A,特殊卡,100,33
hd0_ep08_dg02_st00.sstg,ep08_dg02_M_00.mmo,22000013,幸运卡片C,特殊卡,100,33
hd0_ep08_dg02_st00.sstg,ep08_dg02_M_00.mmo,22000014,幸运卡片D,特殊卡,100,34
hd0_ep08_dg01_st00.sstg,ep08_dg01_mb_79_00.mmo,13000248,O18*宠物天使,图片卡,3,10
hd0_ep08_dg01_st00.sstg,ep08_dg01_mb_79_00.mmo,13000030,O10_NaNa秀卡片,图片卡,3,90
hd0_ep08_dg01_st00.sstg,ep08_dg01_mb_78_01.mmo,13000234,O04*能力宝石,图片卡,3,90
hd0_ep08_dg01_st00.sstg,ep08_dg01_mb_78_01.mmo,13000245,O15*宠物天使,图片卡,3,10
hd0_ep08_dg01_st00.sstg,ep08_dg01_mb_78_00.mmo,13000234,O04*能力宝石,图片卡,3,90
hd0_ep08_dg01_st00.sstg,ep08_dg01_mb_78_00.mmo,13000245,O15*宠物天使,图片卡,3,10
hd0_ep08_dg01_st00.sstg,ep08_dg01_mb_77_01.mmo,13000240,O10*能力宝石,图片卡,3,60
hd0_ep08_dg01_st00.sstg,ep08_dg01_mb_77_01.mmo,13000038,O18_能力宝石,图片卡,3,40
hd0_ep08_dg01_st00.sstg,ep08_dg01_mb_77_00.mmo,13000240,O10*能力宝石,图片卡,3,60
hd0_ep08_dg01_st00.sstg,ep08_dg01_mb_77_00.mmo,13000038,O18_能力宝石,图片卡,3,40
hd0_ep08_dg01_st00.sstg,ep08_dg01_mb_76_01.mmo,13000233,O03*装饰卡片,图片卡,3,4
hd0_ep08_dg01_st00.sstg,ep08_dg01_mb_76_01.mmo,13000105,B05_NaNa秀卡片,图片卡,3,96
hd0_ep08_dg01_st00.sstg,ep08_dg01_mb_76_00.mmo,13000233,O03*装饰卡片,图片卡,3,4
hd0_ep08_dg01_st00.sstg,ep08_dg01_mb_76_00.mmo,13000105,B05_NaNa秀卡片,图片卡,3,96
hd0_ep08_dg01_st00.sstg,ep08_dg01_m_79_01.mmo,13000079,G19_天空之翼,图片卡,5,52
hd0_ep08_dg01_st00.sstg,ep08_dg01_m_79_01.mmo,13000096,C16_天空之翼,图片卡,5,48
hd0_ep08_dg01_st00.sstg,ep08_dg01_m_79_00.mmo,13000079,G19_天空之翼,图片卡,5,52
hd0_ep08_dg01_st00.sstg,ep08_dg01_m_79_00.mmo,13000096,C16_天空之翼,图片卡,5,48
hd0_ep08_dg01_st00.sstg,ep08_dg01_m_78_03.mmo,13000235,O05*天空之翼,图片卡,5,40
hd0_ep08_dg01_st00.sstg,ep08_dg01_m_78_03.mmo,13000158,P18_食物卡片,图片卡,5,30
hd0_ep08_dg01_st00.sstg,ep08_dg01_m_78_03.mmo,13000200,A20_食物卡片,图片卡,5,30
hd0_ep08_dg01_st00.sstg,ep08_dg01_m_78_02.mmo,13000235,O05*天空之翼,图片卡,5,40
hd0_ep08_dg01_st00.sstg,ep08_dg01_m_78_02.mmo,13000158,P18_食物卡片,图片卡,5,30
hd0_ep08_dg01_st00.sstg,ep08_dg01_m_78_02.mmo,13000200,A20_食物卡片,图片卡,5,30
hd0_ep08_dg01_st00.sstg,ep08_dg01_m_78_01.mmo,13000235,O05*天空之翼,图片卡,5,40
hd0_ep08_dg01_st00.sstg,ep08_dg01_m_78_01.mmo,13000158,P18_食物卡片,图片卡,5,30
hd0_ep08_dg01_st00.sstg,ep08_dg01_m_78_01.mmo,13000200,A20_食物卡片,图片卡,5,30
hd0_ep08_dg01_st00.sstg,ep08_dg01_m_78_00.mmo,13000235,O05*天空之翼,图片卡,5,40
hd0_ep08_dg01_st00.sstg,ep08_dg01_m_78_00.mmo,13000158,P18_食物卡片,图片卡,5,30
hd0_ep08_dg01_st00.sstg,ep08_dg01_m_78_00.mmo,13000200,A20_食物卡片,图片卡,5,30
hd0_ep08_dg01_st00.sstg,ep08_dg01_m_77_01.mmo,13000146,P06_食物卡片,图片卡,5,35
hd0_ep08_dg01_st00.sstg,ep08_dg01_m_77_01.mmo,13000197,A17_天空之翼,图片卡,5,30
hd0_ep08_dg01_st00.sstg,ep08_dg01_m_77_01.mmo,13000200,A20_食物卡片,图片卡,5,35
hd0_ep08_dg01_st00.sstg,ep08_dg01_m_77_00.mmo,13000146,P06_食物卡片,图片卡,5,35
hd0_ep08_dg01_st00.sstg,ep08_dg01_m_77_00.mmo,13000197,A17_天空之翼,图片卡,5,30
hd0_ep08_dg01_st00.sstg,ep08_dg01_m_77_00.mmo,13000200,A20_食物卡片,图片卡,5,35
hd0_ep08_dg01_st00.sstg,ep08_dg01_m_76_00.mmo,13000058,Y18_天空之翼,图片卡,5,53
hd0_ep08_dg01_st00.sstg,ep08_dg01_m_76_00.mmo,13000146,P06_食物卡片,图片卡,5,47
hd0_ep08_dg01_st00.sstg,ep08_dg01_M_00.mmo,22000011,幸运卡片A,特殊卡,100,33
hd0_ep08_dg01_st00.sstg,ep08_dg01_M_00.mmo,22000012,幸运卡片B,特殊卡,100,34
hd0_ep08_dg01_st00.sstg,ep08_dg01_M_00.mmo,22000014,幸运卡片D,特殊卡,100,33
hd0_ep08_dg00_st00.sstg,ep08_dg00_mb_75_01.mmo,13000247,O17*宠物天使,图片卡,3,10
hd0_ep08_dg00_st00.sstg,ep08_dg00_mb_75_01.mmo,13000021,O01_装饰卡片,图片卡,3,90
hd0_ep08_dg00_st00.sstg,ep08_dg00_mb_75_00.mmo,13000247,O17*宠物天使,图片卡,3,10
hd0_ep08_dg00_st00.sstg,ep08_dg00_mb_75_00.mmo,13000021,O01_装饰卡片,图片卡,3,90
hd0_ep08_dg00_st00.sstg,ep08_dg00_mb_74_03.mmo,13000238,O08*装饰卡片,图片卡,3,90
hd0_ep08_dg00_st00.sstg,ep08_dg00_mb_74_03.mmo,13000244,O14*宠物天使,图片卡,3,10
hd0_ep08_dg00_st00.sstg,ep08_dg00_mb_74_02.mmo,13000238,O08*装饰卡片,图片卡,3,90
hd0_ep08_dg00_st00.sstg,ep08_dg00_mb_74_02.mmo,13000244,O14*宠物天使,图片卡,3,10
hd0_ep08_dg00_st00.sstg,ep08_dg00_mb_74_01.mmo,13000238,O08*装饰卡片,图片卡,3,90
hd0_ep08_dg00_st00.sstg,ep08_dg00_mb_74_01.mmo,13000244,O14*宠物天使,图片卡,3,10
hd0_ep08_dg00_st00.sstg,ep08_dg00_mb_74_00.mmo,13000238,O08*装饰卡片,图片卡,3,90
hd0_ep08_dg00_st00.sstg,ep08_dg00_mb_74_00.mmo,13000244,O14*宠物天使,图片卡,3,10
hd0_ep08_dg00_st00.sstg,ep08_dg00_mb_73_01.mmo,13000237,O07*能力宝石,图片卡,3,4
hd0_ep08_dg00_st00.sstg,ep08_dg00_mb_73_01.mmo,13000036,O16_能力宝石,图片卡,3,96
hd0_ep08_dg00_st00.sstg,ep08_dg00_mb_73_00.mmo,13000237,O07*能力宝石,图片卡,3,4
hd0_ep08_dg00_st00.sstg,ep08_dg00_mb_73_00.mmo,13000036,O16_能力宝石,图片卡,3,96
hd0_ep08_dg00_st00.sstg,ep08_dg00_mb_72_01.mmo,13000232,O02*能力宝石,图片卡,3,90
hd0_ep08_dg00_st00.sstg,ep08_dg00_mb_72_01.mmo,13000061,G01_NaNa秀卡片,图片卡,3,10
hd0_ep08_dg00_st00.sstg,ep08_dg00_mb_72_00.mmo,13000232,O02*能力宝石,图片卡,3,90
hd0_ep08_dg00_st00.sstg,ep08_dg00_mb_72_00.mmo,13000061,G01_NaNa秀卡片,图片卡,3,10
hd0_ep08_dg00_st00.sstg,ep08_dg00_m_75_02.mmo,13000239,O09*食物卡片,图片卡,5,40
hd0_ep08_dg00_st00.sstg,ep08_dg00_m_75_02.mmo,13000148,P08_天空之翼,图片卡,5,30
hd0_ep08_dg00_st00.sstg,ep08_dg00_m_75_02.mmo,13000200,A20_食物卡片,图片卡,5,30
hd0_ep08_dg00_st00.sstg,ep08_dg00_m_75_01.mmo,13000239,O09*食物卡片,图片卡,5,40
hd0_ep08_dg00_st00.sstg,ep08_dg00_m_75_01.mmo,13000148,P08_天空之翼,图片卡,5,30
hd0_ep08_dg00_st00.sstg,ep08_dg00_m_75_01.mmo,13000200,A20_食物卡片,图片卡,5,30
hd0_ep08_dg00_st00.sstg,ep08_dg00_m_75_00.mmo,13000239,O09*食物卡片,图片卡,5,40
hd0_ep08_dg00_st00.sstg,ep08_dg00_m_75_00.mmo,13000148,P08_天空之翼,图片卡,5,30
hd0_ep08_dg00_st00.sstg,ep08_dg00_m_75_00.mmo,13000200,A20_食物卡片,图片卡,5,30
hd0_ep08_dg00_st00.sstg,ep08_dg00_m_74_00.mmo,13000017,R17_天空之翼,图片卡,5,35
hd0_ep08_dg00_st00.sstg,ep08_dg00_m_74_00.mmo,13000154,P14_天空之翼,图片卡,5,30
hd0_ep08_dg00_st00.sstg,ep08_dg00_m_74_00.mmo,13000173,E13_食物卡片,图片卡,5,35
hd0_ep08_dg00_st00.sstg,ep08_dg00_m_73_05.mmo,13000200,A20_食物卡片,图片卡,5,55
hd0_ep08_dg00_st00.sstg,ep08_dg00_m_73_05.mmo,13000057,Y17_天空之翼,图片卡,5,15
hd0_ep08_dg00_st00.sstg,ep08_dg00_m_73_05.mmo,12000013,肉弹型 SP +3,SP卡,5,30
hd0_ep08_dg00_st00.sstg,ep08_dg00_m_73_04.mmo,13000200,A20_食物卡片,图片卡,5,55
hd0_ep08_dg00_st00.sstg,ep08_dg00_m_73_04.mmo,13000057,Y17_天空之翼,图片卡,5,15
hd0_ep08_dg00_st00.sstg,ep08_dg00_m_73_04.mmo,12000013,肉弹型 SP +3,SP卡,5,30
hd0_ep08_dg00_st00.sstg,ep08_dg00_m_73_03.mmo,13000200,A20_食物卡片,图片卡,5,55
hd0_ep08_dg00_st00.sstg,ep08_dg00_m_73_03.mmo,13000057,Y17_天空之翼,图片卡,5,15
hd0_ep08_dg00_st00.sstg,ep08_dg00_m_73_03.mmo,12000013,肉弹型 SP +3,SP卡,5,30
hd0_ep08_dg00_st00.sstg,ep08_dg00_m_73_02.mmo,13000200,A20_食物卡片,图片卡,5,55
hd0_ep08_dg00_st00.sstg,ep08_dg00_m_73_02.mmo,13000057,Y17_天空之翼,图片卡,5,15
hd0_ep08_dg00_st00.sstg,ep08_dg00_m_73_02.mmo,12000013,肉弹型 SP +3,SP卡,5,30
hd0_ep08_dg00_st00.sstg,ep08_dg00_m_73_01.mmo,13000200,A20_食物卡片,图片卡,5,55
hd0_ep08_dg00_st00.sstg,ep08_dg00_m_73_01.mmo,13000057,Y17_天空之翼,图片卡,5,15
hd0_ep08_dg00_st00.sstg,ep08_dg00_m_73_01.mmo,12000013,肉弹型 SP +3,SP卡,5,30
hd0_ep08_dg00_st00.sstg,ep08_dg00_m_73_00.mmo,13000200,A20_食物卡片,图片卡,5,55
hd0_ep08_dg00_st00.sstg,ep08_dg00_m_73_00.mmo,13000057,Y17_天空之翼,图片卡,5,15
hd0_ep08_dg00_st00.sstg,ep08_dg00_m_73_00.mmo,12000013,肉弹型 SP +3,SP卡,5,30
hd0_ep08_dg00_st00.sstg,ep08_dg00_m_72_01.mmo,13000171,E11_天空之翼,图片卡,5,30
hd0_ep08_dg00_st00.sstg,ep08_dg00_m_72_01.mmo,13000199,A19_食物卡片,图片卡,5,35
hd0_ep08_dg00_st00.sstg,ep08_dg00_m_72_01.mmo,13000173,E13_食物卡片,图片卡,5,35
hd0_ep08_dg00_st00.sstg,ep08_dg00_m_72_00.mmo,13000171,E11_天空之翼,图片卡,5,30
hd0_ep08_dg00_st00.sstg,ep08_dg00_m_72_00.mmo,13000199,A19_食物卡片,图片卡,5,35
hd0_ep08_dg00_st00.sstg,ep08_dg00_m_72_00.mmo,13000173,E13_食物卡片,图片卡,5,35
hd0_ep08_dg00_st00.sstg,ep08_dg00_M_00.mmo,22000011,幸运卡片A,特殊卡,100,34
hd0_ep08_dg00_st00.sstg,ep08_dg00_M_00.mmo,22000012,幸运卡片B,特殊卡,100,33
hd0_ep08_dg00_st00.sstg,ep08_dg00_M_00.mmo,22000013,幸运卡片C,特殊卡,100,33
hd0_ep08_dg02_st01.sstg,ep08_bbm_00_M.bmo,13000247,O17*宠物天使,图片卡,3,20
hd0_ep08_dg02_st01.sstg,ep08_bbm_00_M.bmo,13000249,O19*宠物天使,图片卡,3,20
hd0_ep08_dg02_st01.sstg,ep08_bbm_00_M.bmo,13000250,O20*食物卡片,图片卡,3,60
hd0_ep08_dg02_st01.sstg,ep08_bbm_00_L.bmo,13000247,O17*宠物天使,图片卡,3,20
hd0_ep08_dg02_st01.sstg,ep08_bbm_00_L.bmo,13000249,O19*宠物天使,图片卡,3,20
hd0_ep08_dg02_st01.sstg,ep08_bbm_00_L.bmo,13000250,O20*食物卡片,图片卡,3,60
hd0_ep08_dg02_st01.sstg,ep08_bbm_00.bmo,13000247,O17*宠物天使,图片卡,3,20
hd0_ep08_dg02_st01.sstg,ep08_bbm_00.bmo,13000249,O19*宠物天使,图片卡,3,20
hd0_ep08_dg02_st01.sstg,ep08_bbm_00.bmo,13000250,O20*食物卡片,图片卡,3,60
hd0_ep07_dg00_st00.sstg;hd0_ep07_dg01_st00.sstg;hd0_ep07_dg02_st00.sstg,ep07_mb_T_00.mmo,22000015,幸运卡片E,特殊卡,100,100
hd0_ep07_dg00_st00.sstg;hd0_ep07_dg01_st00.sstg;hd0_ep07_dg02_st00.sstg;hd0_ep07_dg02_st01.sstg,ep07_mb_R_00.mmo,22000017,幸运卡片G,特殊卡,100,100
hd0_ep07_dg00_st00.sstg;hd0_ep07_dg01_st00.sstg;hd0_ep07_dg02_st00.sstg,ep07_mb_C_woman.mmo,22000016,幸运卡片F,特殊卡,100,100
hd0_ep07_dg00_st00.sstg;hd0_ep07_dg01_st00.sstg;hd0_ep07_dg02_st00.sstg,ep07_mb_C_man.mmo,22000016,幸运卡片F,特殊卡,100,100
hd0_ep07_dg02_st00.sstg,ep07_ending_02_M.bmo,13000226,R16*宠物天使,图片卡,3,20
hd0_ep07_dg02_st00.sstg,ep07_ending_02_M.bmo,13000230,R20*食物卡片,图片卡,3,60
hd0_ep07_dg02_st00.sstg,ep07_ending_02_M.bmo,13000227,R17*宠物天使,图片卡,3,20
hd0_ep07_dg02_st00.sstg,ep07_ending_02_L.bmo,13000226,R16*宠物天使,图片卡,3,20
hd0_ep07_dg02_st00.sstg,ep07_ending_02_L.bmo,13000230,R20*食物卡片,图片卡,3,60
hd0_ep07_dg02_st00.sstg,ep07_ending_02_L.bmo,13000227,R17*宠物天使,图片卡,3,20
hd0_ep07_dg02_st00.sstg,ep07_ending_02.bmo,13000226,R16*宠物天使,图片卡,3,20
hd0_ep07_dg02_st00.sstg,ep07_ending_02.bmo,13000230,R20*食物卡片,图片卡,3,60
hd0_ep07_dg02_st00.sstg,ep07_ending_02.bmo,13000227,R17*宠物天使,图片卡,3,20
hd0_ep07_dg01_st00.sstg,ep07_ending_01_M.bmo,13000225,R15*宠物天使,图片卡,3,30
hd0_ep07_dg01_st00.sstg,ep07_ending_01_M.bmo,13000230,R20*食物卡片,图片卡,3,70
hd0_ep07_dg01_st00.sstg,ep07_ending_01_L.bmo,13000225,R15*宠物天使,图片卡,3,30
hd0_ep07_dg01_st00.sstg,ep07_ending_01_L.bmo,13000230,R20*食物卡片,图片卡,3,70
hd0_ep07_dg01_st00.sstg,ep07_ending_01.bmo,13000225,R15*宠物天使,图片卡,3,30
hd0_ep07_dg01_st00.sstg,ep07_ending_01.bmo,13000230,R20*食物卡片,图片卡,3,70
hd0_ep07_dg00_st00.sstg,ep07_ending_00_M.bmo,13000224,R14*宠物天使,图片卡,3,30
hd0_ep07_dg00_st00.sstg,ep07_ending_00_M.bmo,13000230,R20*食物卡片,图片卡,3,70
hd0_ep07_dg00_st00.sstg,ep07_ending_00_L.bmo,13000224,R14*宠物天使,图片卡,3,30
hd0_ep07_dg00_st00.sstg,ep07_ending_00_L.bmo,13000230,R20*食物卡片,图片卡,3,70
hd0_ep07_dg00_st00.sstg,ep07_ending_00.bmo,13000224,R14*宠物天使,图片卡,3,30
hd0_ep07_dg00_st00.sstg,ep07_ending_00.bmo,13000230,R20*食物卡片,图片卡,3,70
hd0_ep07_dg02_st01.sstg,ep07_dg03_M_00.mmo,22000012,幸运卡片B,特殊卡,100,33
hd0_ep07_dg02_st01.sstg,ep07_dg03_M_00.mmo,22000013,幸运卡片C,特殊卡,100,34
hd0_ep07_dg02_st01.sstg,ep07_dg03_M_00.mmo,22000014,幸运卡片D,特殊卡,100,33
hd0_ep07_dg02_st00.sstg;hd0_ep07_dg02_st01.sstg,ep07_dg02_mb_s_69_00.mmo,13000227,R17*宠物天使,图片卡,3,10
hd0_ep07_dg02_st00.sstg;hd0_ep07_dg02_st01.sstg,ep07_dg02_mb_s_69_00.mmo,13000070,G10_能力宝石,图片卡,3,90
hd0_ep07_dg02_st00.sstg;hd0_ep07_dg02_st01.sstg,ep07_dg02_mb_71_01.mmo,13000229,R19*宠物天使,图片卡,3,10
hd0_ep07_dg02_st00.sstg;hd0_ep07_dg02_st01.sstg,ep07_dg02_mb_71_01.mmo,13000230,R20*食物卡片,图片卡,3,90
hd0_ep07_dg02_st00.sstg;hd0_ep07_dg02_st01.sstg,ep07_dg02_mb_71_00.mmo,13000229,R19*宠物天使,图片卡,3,10
hd0_ep07_dg02_st00.sstg;hd0_ep07_dg02_st01.sstg,ep07_dg02_mb_71_00.mmo,13000230,R20*食物卡片,图片卡,3,90
hd0_ep07_dg02_st00.sstg;hd0_ep07_dg02_st01.sstg,ep07_dg02_mb_70_00.mmo,13000228,R18*宠物天使,图片卡,3,10
hd0_ep07_dg02_st00.sstg;hd0_ep07_dg02_st01.sstg,ep07_dg02_mb_70_00.mmo,13000241,O11*NaNa秀卡片,图片卡,3,90
hd0_ep07_dg02_st01.sstg,ep07_dg02_mb_69_01.mmo,13000227,R17*宠物天使,图片卡,3,10
hd0_ep07_dg02_st01.sstg,ep07_dg02_mb_69_01.mmo,13000070,G10_能力宝石,图片卡,3,90
hd0_ep07_dg02_st00.sstg,ep07_dg02_mb_69_00.mmo,13000227,R17*宠物天使,图片卡,3,10
hd0_ep07_dg02_st00.sstg,ep07_dg02_mb_69_00.mmo,13000070,G10_能力宝石,图片卡,3,90
hd0_ep07_dg02_st00.sstg;hd0_ep07_dg02_st01.sstg,ep07_dg02_mb_68_01.mmo,13000221,R11*能力宝石,图片卡,3,60
hd0_ep07_dg02_st00.sstg;hd0_ep07_dg02_st01.sstg,ep07_dg02_mb_68_01.mmo,13000003,R03_装饰卡片,图片卡,3,40
hd0_ep07_dg02_st00.sstg;hd0_ep07_dg02_st01.sstg,ep07_dg02_mb_68_00.mmo,13000221,R11*能力宝石,图片卡,3,60
hd0_ep07_dg02_st00.sstg;hd0_ep07_dg02_st01.sstg,ep07_dg02_mb_68_00.mmo,13000003,R03_装饰卡片,图片卡,3,40
hd0_ep07_dg02_st00.sstg;hd0_ep07_dg02_st01.sstg,ep07_dg02_m_71_01.mmo,13000230,R20*食物卡片,图片卡,5,50
hd0_ep07_dg02_st00.sstg;hd0_ep07_dg02_st01.sstg,ep07_dg02_m_71_01.mmo,13000231,O01*天空之翼,图片卡,5,50
hd0_ep07_dg02_st00.sstg;hd0_ep07_dg02_st01.sstg,ep07_dg02_m_71_00.mmo,13000230,R20*食物卡片,图片卡,5,50
hd0_ep07_dg02_st00.sstg;hd0_ep07_dg02_st01.sstg,ep07_dg02_m_71_00.mmo,13000231,O01*天空之翼,图片卡,5,50
hd0_ep07_dg02_st00.sstg;hd0_ep07_dg02_st01.sstg,ep07_dg02_m_70_02.mmo,13000113,B13_天空之翼,图片卡,5,55
hd0_ep07_dg02_st00.sstg;hd0_ep07_dg02_st01.sstg,ep07_dg02_m_70_02.mmo,13000077,G17_天空之翼,图片卡,5,5
hd0_ep07_dg02_st00.sstg;hd0_ep07_dg02_st01.sstg,ep07_dg02_m_70_02.mmo,12000003,炮弹型 SP +3,SP卡,5,40
hd0_ep07_dg02_st00.sstg;hd0_ep07_dg02_st01.sstg,ep07_dg02_m_70_01.mmo,13000113,B13_天空之翼,图片卡,5,55
hd0_ep07_dg02_st00.sstg;hd0_ep07_dg02_st01.sstg,ep07_dg02_m_70_01.mmo,13000077,G17_天空之翼,图片卡,5,5
hd0_ep07_dg02_st00.sstg;hd0_ep07_dg02_st01.sstg,ep07_dg02_m_70_01.mmo,12000003,炮弹型 SP +3,SP卡,5,40
hd0_ep07_dg02_st00.sstg;hd0_ep07_dg02_st01.sstg,ep07_dg02_m_70_00.mmo,13000113,B13_天空之翼,图片卡,5,55
hd0_ep07_dg02_st00.sstg;hd0_ep07_dg02_st01.sstg,ep07_dg02_m_70_00.mmo,13000077,G17_天空之翼,图片卡,5,5
hd0_ep07_dg02_st00.sstg;hd0_ep07_dg02_st01.sstg,ep07_dg02_m_70_00.mmo,12000003,炮弹型 SP +3,SP卡,5,40
hd0_ep07_dg02_st00.sstg;hd0_ep07_dg02_st01.sstg,ep07_dg02_m_69_01_L.mmo,13000017,R17_天空之翼,图片卡,5,48
hd0_ep07_dg02_st00.sstg;hd0_ep07_dg02_st01.sstg,ep07_dg02_m_69_01_L.mmo,13000146,P06_食物卡片,图片卡,5,52
hd0_ep07_dg02_st00.sstg;hd0_ep07_dg02_st01.sstg,ep07_dg02_m_69_01.mmo,13000017,R17_天空之翼,图片卡,5,48
hd0_ep07_dg02_st00.sstg;hd0_ep07_dg02_st01.sstg,ep07_dg02_m_69_01.mmo,13000146,P06_食物卡片,图片卡,5,52
hd0_ep07_dg02_st00.sstg;hd0_ep07_dg02_st01.sstg,ep07_dg02_m_69_00_L.mmo,13000017,R17_天空之翼,图片卡,5,48
hd0_ep07_dg02_st00.sstg;hd0_ep07_dg02_st01.sstg,ep07_dg02_m_69_00_L.mmo,13000146,P06_食物卡片,图片卡,5,52
hd0_ep07_dg02_st00.sstg;hd0_ep07_dg02_st01.sstg,ep07_dg02_m_69_00.mmo,13000017,R17_天空之翼,图片卡,5,48
hd0_ep07_dg02_st00.sstg;hd0_ep07_dg02_st01.sstg,ep07_dg02_m_69_00.mmo,13000146,P06_食物卡片,图片卡,5,52
hd0_ep07_dg02_st00.sstg;hd0_ep07_dg02_st01.sstg,ep07_dg02_m_68_02.mmo,13000019,R19_天空之翼,图片卡,5,57
hd0_ep07_dg02_st00.sstg;hd0_ep07_dg02_st01.sstg,ep07_dg02_m_68_02.mmo,13000199,A19_食物卡片,图片卡,5,43
hd0_ep07_dg02_st00.sstg;hd0_ep07_dg02_st01.sstg,ep07_dg02_m_68_01.mmo,13000019,R19_天空之翼,图片卡,5,57
hd0_ep07_dg02_st00.sstg;hd0_ep07_dg02_st01.sstg,ep07_dg02_m_68_01.mmo,13000199,A19_食物卡片,图片卡,5,43
hd0_ep07_dg02_st00.sstg;hd0_ep07_dg02_st01.sstg,ep07_dg02_m_68_00.mmo,13000019,R19_天空之翼,图片卡,5,57
hd0_ep07_dg02_st00.sstg;hd0_ep07_dg02_st01.sstg,ep07_dg02_m_68_00.mmo,13000199,A19_食物卡片,图片卡,5,43
hd0_ep07_dg02_st00.sstg,ep07_dg02_M_00.mmo,22000011,幸运卡片A,特殊卡,100,33
hd0_ep07_dg02_st00.sstg,ep07_dg02_M_00.mmo,22000013,幸运卡片C,特殊卡,100,33
hd0_ep07_dg02_st00.sstg,ep07_dg02_M_00.mmo,22000014,幸运卡片D,特殊卡,100,34
hd0_ep07_dg01_st00.sstg,ep07_dg01_mb_s_67_00.mmo,13000219,R09*装饰卡片,图片卡,3,90
hd0_ep07_dg01_st00.sstg,ep07_dg01_mb_s_67_00.mmo,13000226,R16*宠物天使,图片卡,3,10
hd0_ep07_dg01_st00.sstg,ep07_dg01_mb_67_00.mmo,13000219,R09*装饰卡片,图片卡,3,90
hd0_ep07_dg01_st00.sstg,ep07_dg01_mb_67_00.mmo,13000226,R16*宠物天使,图片卡,3,10
hd0_ep07_dg01_st00.sstg,ep07_dg01_mb_66_01.mmo,13000222,R12*装饰卡片,图片卡,3,90
hd0_ep07_dg01_st00.sstg,ep07_dg01_mb_66_01.mmo,13000225,R15*宠物天使,图片卡,3,10
hd0_ep07_dg01_st00.sstg,ep07_dg01_mb_66_00.mmo,13000222,R12*装饰卡片,图片卡,3,90
hd0_ep07_dg01_st00.sstg,ep07_dg01_mb_66_00.mmo,13000225,R15*宠物天使,图片卡,3,10
hd0_ep07_dg01_st00.sstg,ep07_dg01_mb_65_00.mmo,13000220,R10*能力宝石,图片卡,3,4
hd0_ep07_dg01_st00.sstg,ep07_dg01_mb_65_00.mmo,13000223,R13*NaNa秀卡片,图片卡,3,86
hd0_ep07_dg01_st00.sstg,ep07_dg01_mb_65_00.mmo,13000031,O11_能力宝石,图片卡,3,10
hd0_ep07_dg01_st00.sstg,ep07_dg01_mb_64_01.mmo,13000218,R08*能力宝石,图片卡,3,16
hd0_ep07_dg01_st00.sstg,ep07_dg01_mb_64_01.mmo,13000230,R20*食物卡片,图片卡,3,84
hd0_ep07_dg01_st00.sstg,ep07_dg01_mb_64_00.mmo,13000218,R08*能力宝石,图片卡,3,16
hd0_ep07_dg01_st00.sstg,ep07_dg01_mb_64_00.mmo,13000230,R20*食物卡片,图片卡,3,84
hd0_ep07_dg01_st00.sstg,ep07_dg01_m_67_01.mmo,13000216,R06*食物卡片,图片卡,5,55
hd0_ep07_dg01_st00.sstg,ep07_dg01_m_67_01.mmo,13000145,P05_天空之翼,图片卡,5,5
hd0_ep07_dg01_st00.sstg,ep07_dg01_m_67_01.mmo,12000003,炮弹型 SP +3,SP卡,5,40
hd0_ep07_dg01_st00.sstg,ep07_dg01_m_67_00.mmo,13000216,R06*食物卡片,图片卡,5,55
hd0_ep07_dg01_st00.sstg,ep07_dg01_m_67_00.mmo,13000145,P05_天空之翼,图片卡,5,5
hd0_ep07_dg01_st00.sstg,ep07_dg01_m_67_00.mmo,12000003,炮弹型 SP +3,SP卡,5,40
hd0_ep07_dg01_st00.sstg,ep07_dg01_m_66_03.mmo,13000180,E20_食物卡片,图片卡,5,56
hd0_ep07_dg01_st00.sstg,ep07_dg01_m_66_03.mmo,13000171,E11_天空之翼,图片卡,5,44
hd0_ep07_dg01_st00.sstg,ep07_dg01_m_66_02.mmo,13000180,E20_食物卡片,图片卡,5,56
hd0_ep07_dg01_st00.sstg,ep07_dg01_m_66_02.mmo,13000171,E11_天空之翼,图片卡,5,44
hd0_ep07_dg01_st00.sstg,ep07_dg01_m_66_01.mmo,13000180,E20_食物卡片,图片卡,5,56
hd0_ep07_dg01_st00.sstg,ep07_dg01_m_66_01.mmo,13000171,E11_天空之翼,图片卡,5,44
hd0_ep07_dg01_st00.sstg,ep07_dg01_m_66_00.mmo,13000180,E20_食物卡片,图片卡,5,56
hd0_ep07_dg01_st00.sstg,ep07_dg01_m_66_00.mmo,13000171,E11_天空之翼,图片卡,5,44
hd0_ep07_dg01_st00.sstg,ep07_dg01_m_65_01.mmo,13000186,A06_食物卡片,图片卡,5,52
hd0_ep07_dg01_st00.sstg,ep07_dg01_m_65_01.mmo,13000077,G17_天空之翼,图片卡,5,48
hd0_ep07_dg01_st00.sstg,ep07_dg01_m_65_00.mmo,13000186,A06_食物卡片,图片卡,5,52
hd0_ep07_dg01_st00.sstg,ep07_dg01_m_65_00.mmo,13000077,G17_天空之翼,图片卡,5,48
hd0_ep07_dg01_st00.sstg,ep07_dg01_m_64_01.mmo,13000085,C05_食物卡片,图片卡,5,45
hd0_ep07_dg01_st00.sstg,ep07_dg01_m_64_01.mmo,13000160,P20_食物卡片,图片卡,5,55
hd0_ep07_dg01_st00.sstg,ep07_dg01_m_64_00.mmo,13000085,C05_食物卡片,图片卡,5,45
hd0_ep07_dg01_st00.sstg,ep07_dg01_m_64_00.mmo,13000160,P20_食物卡片,图片卡,5,55
hd0_ep07_dg01_st00.sstg,ep07_dg01_M_00.mmo,22000011,幸运卡片A,特殊卡,100,33
hd0_ep07_dg01_st00.sstg,ep07_dg01_M_00.mmo,22000012,幸运卡片B,特殊卡,100,34
hd0_ep07_dg01_st00.sstg,ep07_dg01_M_00.mmo,22000014,幸运卡片D,特殊卡,100,33
hd0_ep07_dg00_st00.sstg,ep07_dg00_mb_63_01.mmo,13000215,R05*能力宝石,图片卡,3,90
hd0_ep07_dg00_st00.sstg,ep07_dg00_mb_63_01.mmo,13000224,R14*宠物天使,图片卡,3,10
hd0_ep07_dg00_st00.sstg,ep07_dg00_mb_63_00.mmo,13000215,R05*能力宝石,图片卡,3,90
hd0_ep07_dg00_st00.sstg,ep07_dg00_mb_63_00.mmo,13000224,R14*宠物天使,图片卡,3,10
hd0_ep07_dg00_st00.sstg,ep07_dg00_mb_62_01.mmo,13000217,R07*装饰卡片,图片卡,3,4
hd0_ep07_dg00_st00.sstg,ep07_dg00_mb_62_01.mmo,13000005,R05_能力宝石,图片卡,3,96
hd0_ep07_dg00_st00.sstg,ep07_dg00_mb_62_00.mmo,13000217,R07*装饰卡片,图片卡,3,4
hd0_ep07_dg00_st00.sstg,ep07_dg00_mb_62_00.mmo,13000005,R05_能力宝石,图片卡,3,96
hd0_ep07_dg00_st00.sstg,ep07_dg00_mb_61_01.mmo,13000214,R04*属性宝石,图片卡,3,4
hd0_ep07_dg00_st00.sstg,ep07_dg00_mb_61_01.mmo,13000003,R03_装饰卡片,图片卡,3,96
hd0_ep07_dg00_st00.sstg,ep07_dg00_mb_61_00.mmo,13000214,R04*属性宝石,图片卡,3,4
hd0_ep07_dg00_st00.sstg,ep07_dg00_mb_61_00.mmo,13000003,R03_装饰卡片,图片卡,3,96
hd0_ep07_dg00_st00.sstg,ep07_dg00_mb_60_01.mmo,13000213,R03*NaNa秀卡片,图片卡,3,4
hd0_ep07_dg00_st00.sstg,ep07_dg00_mb_60_01.mmo,13000136,V16_NaNa秀卡片,图片卡,3,96
hd0_ep07_dg00_st00.sstg,ep07_dg00_mb_60_00.mmo,13000213,R03*NaNa秀卡片,图片卡,3,4
hd0_ep07_dg00_st00.sstg,ep07_dg00_mb_60_00.mmo,13000136,V16_NaNa秀卡片,图片卡,3,96
hd0_ep07_dg00_st00.sstg,ep07_dg00_m_63_03.mmo,13000212,R02*天空之翼,图片卡,5,60
hd0_ep07_dg00_st00.sstg,ep07_dg00_m_63_03.mmo,13000179,E19_食物卡片,图片卡,5,40
hd0_ep07_dg00_st00.sstg,ep07_dg00_m_63_02.mmo,13000212,R02*天空之翼,图片卡,5,60
hd0_ep07_dg00_st00.sstg,ep07_dg00_m_63_02.mmo,13000179,E19_食物卡片,图片卡,5,40
hd0_ep07_dg00_st00.sstg,ep07_dg00_m_63_01.mmo,13000212,R02*天空之翼,图片卡,5,60
hd0_ep07_dg00_st00.sstg,ep07_dg00_m_63_01.mmo,13000179,E19_食物卡片,图片卡,5,40
hd0_ep07_dg00_st00.sstg,ep07_dg00_m_63_00.mmo,13000212,R02*天空之翼,图片卡,5,60
hd0_ep07_dg00_st00.sstg,ep07_dg00_m_63_00.mmo,13000179,E19_食物卡片,图片卡,5,40
hd0_ep07_dg00_st00.sstg,ep07_dg00_m_62_01.mmo,13000211,R01*天空之翼,图片卡,5,60
hd0_ep07_dg00_st00.sstg,ep07_dg00_m_62_01.mmo,13000158,P18_食物卡片,图片卡,5,40
hd0_ep07_dg00_st00.sstg,ep07_dg00_m_62_00.mmo,13000211,R01*天空之翼,图片卡,5,60
hd0_ep07_dg00_st00.sstg,ep07_dg00_m_62_00.mmo,13000158,P18_食物卡片,图片卡,5,40
hd0_ep07_dg00_st00.sstg,ep07_dg00_m_61_01.mmo,13000146,P06_食物卡片,图片卡,5,54
hd0_ep07_dg00_st00.sstg,ep07_dg00_m_61_01.mmo,13000088,C08_天空之翼,图片卡,5,46
hd0_ep07_dg00_st00.sstg,ep07_dg00_m_61_00.mmo,13000146,P06_食物卡片,图片卡,5,54
hd0_ep07_dg00_st00.sstg,ep07_dg00_m_61_00.mmo,13000088,C08_天空之翼,图片卡,5,46
hd0_ep07_dg00_st00.sstg,ep07_dg00_m_60_01.mmo,13000173,E13_食物卡片,图片卡,5,53
hd0_ep07_dg00_st00.sstg,ep07_dg00_m_60_01.mmo,13000039,O19_天空之翼,图片卡,5,47
hd0_ep07_dg00_st00.sstg,ep07_dg00_m_60_00.mmo,13000173,E13_食物卡片,图片卡,5,53
hd0_ep07_dg00_st00.sstg,ep07_dg00_m_60_00.mmo,13000039,O19_天空之翼,图片卡,5,47
hd0_ep07_dg00_st00.sstg,ep07_dg00_M_00.mmo,22000011,幸运卡片A,特殊卡,100,34
hd0_ep07_dg00_st00.sstg,ep07_dg00_M_00.mmo,22000012,幸运卡片B,特殊卡,100,33
hd0_ep07_dg00_st00.sstg,ep07_dg00_M_00.mmo,22000013,幸运卡片C,特殊卡,100,33
hd0_ep07_dg02_st01.sstg,ep07_bbm_s_00_M.bmo,13000228,R18*宠物天使,图片卡,3,20
hd0_ep07_dg02_st01.sstg,ep07_bbm_s_00_M.bmo,13000230,R20*食物卡片,图片卡,3,60
hd0_ep07_dg02_st01.sstg,ep07_bbm_s_00_M.bmo,13000229,R19*宠物天使,图片卡,3,20
hd0_ep07_dg02_st01.sstg,ep07_bbm_s_00_L.bmo,13000228,R18*宠物天使,图片卡,3,20
hd0_ep07_dg02_st01.sstg,ep07_bbm_s_00_L.bmo,13000230,R20*食物卡片,图片卡,3,60
hd0_ep07_dg02_st01.sstg,ep07_bbm_s_00_L.bmo,13000229,R19*宠物天使,图片卡,3,20
hd0_ep07_dg02_st01.sstg,ep07_bbm_s_00.bmo,13000228,R18*宠物天使,图片卡,3,20
hd0_ep07_dg02_st01.sstg,ep07_bbm_s_00.bmo,13000230,R20*食物卡片,图片卡,3,60
hd0_ep07_dg02_st01.sstg,ep07_bbm_s_00.bmo,13000229,R19*宠物天使,图片卡,3,20
hd0_ep06_dg00_st00.sstg;hd0_ep06_dg01_st00.sstg;hd0_ep06_dg02_st00.sstg,ep06_mb_T_00.mmo,22000015,幸运卡片E,特殊卡,100,100
hd0_ep06_dg00_st00.sstg;hd0_ep06_dg01_st00.sstg;hd0_ep06_dg02_st00.sstg;hd0_ep06_dg02_st01.sstg,ep06_mb_R_00.mmo,22000017,幸运卡片G,特殊卡,100,100
hd0_ep06_dg00_st00.sstg;hd0_ep06_dg01_st00.sstg;hd0_ep06_dg02_st00.sstg,ep06_mb_C_woman.mmo,22000016,幸运卡片F,特殊卡,100,100
hd0_ep06_dg00_st00.sstg;hd0_ep06_dg01_st00.sstg;hd0_ep06_dg02_st00.sstg,ep06_mb_C_man.mmo,22000016,幸运卡片F,特殊卡,100,100
hd0_ep06_dg02_st00.sstg,ep06_ending_02_M.bmo,13000188,A08_宠物天使,图片卡,3,40
hd0_ep06_dg02_st00.sstg,ep06_ending_02_M.bmo,13000194,A14_NaNa秀卡片,图片卡,3,30
hd0_ep06_dg02_st00.sstg,ep06_ending_02_M.bmo,13000180,E20_食物卡片,图片卡,3,30
hd0_ep06_dg02_st00.sstg,ep06_ending_02_L.bmo,13000188,A08_宠物天使,图片卡,3,40
hd0_ep06_dg02_st00.sstg,ep06_ending_02_L.bmo,13000194,A14_NaNa秀卡片,图片卡,3,30
hd0_ep06_dg02_st00.sstg,ep06_ending_02_L.bmo,13000180,E20_食物卡片,图片卡,3,30
hd0_ep06_dg02_st00.sstg,ep06_ending_02.bmo,13000188,A08_宠物天使,图片卡,3,40
hd0_ep06_dg02_st00.sstg,ep06_ending_02.bmo,13000194,A14_NaNa秀卡片,图片卡,3,30
hd0_ep06_dg02_st00.sstg,ep06_ending_02.bmo,13000180,E20_食物卡片,图片卡,3,30
hd0_ep06_dg01_st00.sstg,ep06_ending_01_M.bmo,13000185,A05_宠物天使,图片卡,3,40
hd0_ep06_dg01_st00.sstg,ep06_ending_01_M.bmo,13000187,A07_NaNa秀卡片,图片卡,3,12
hd0_ep06_dg01_st00.sstg,ep06_ending_01_M.bmo,13000200,A20_食物卡片,图片卡,3,48
hd0_ep06_dg01_st00.sstg,ep06_ending_01_L.bmo,13000185,A05_宠物天使,图片卡,3,40
hd0_ep06_dg01_st00.sstg,ep06_ending_01_L.bmo,13000187,A07_NaNa秀卡片,图片卡,3,12
hd0_ep06_dg01_st00.sstg,ep06_ending_01_L.bmo,13000200,A20_食物卡片,图片卡,3,48
hd0_ep06_dg01_st00.sstg,ep06_ending_01.bmo,13000185,A05_宠物天使,图片卡,3,40
hd0_ep06_dg01_st00.sstg,ep06_ending_01.bmo,13000187,A07_NaNa秀卡片,图片卡,3,12
hd0_ep06_dg01_st00.sstg,ep06_ending_01.bmo,13000200,A20_食物卡片,图片卡,3,48
hd0_ep06_dg00_st00.sstg,ep06_ending_00_M.bmo,13000184,A04_宠物天使,图片卡,3,40
hd0_ep06_dg00_st00.sstg,ep06_ending_00_M.bmo,13000192,A12_装饰卡片,图片卡,3,50
hd0_ep06_dg00_st00.sstg,ep06_ending_00_M.bmo,13000195,A15_能力宝石,图片卡,3,10
hd0_ep06_dg00_st00.sstg,ep06_ending_00_L.bmo,13000184,A04_宠物天使,图片卡,3,40
hd0_ep06_dg00_st00.sstg,ep06_ending_00_L.bmo,13000192,A12_装饰卡片,图片卡,3,50
hd0_ep06_dg00_st00.sstg,ep06_ending_00_L.bmo,13000195,A15_能力宝石,图片卡,3,10
hd0_ep06_dg00_st00.sstg,ep06_ending_00.bmo,13000184,A04_宠物天使,图片卡,3,40
hd0_ep06_dg00_st00.sstg,ep06_ending_00.bmo,13000192,A12_装饰卡片,图片卡,3,50
hd0_ep06_dg00_st00.sstg,ep06_ending_00.bmo,13000195,A15_能力宝石,图片卡,3,10
hd0_ep06_dg02_st00.sstg,ep06_dg02_mb_s_56_00.mmo,13000184,A04_宠物天使,图片卡,5,40
hd0_ep06_dg02_st00.sstg,ep06_dg02_mb_s_56_00.mmo,13000187,A07_NaNa秀卡片,图片卡,5,12
hd0_ep06_dg02_st00.sstg,ep06_dg02_mb_s_56_00.mmo,13000189,A09_能力宝石,图片卡,5,48
hd0_ep06_dg02_st00.sstg;hd0_ep06_dg02_st01.sstg,ep06_dg02_mb_59_01.mmo,13000170,E10_能力宝石,图片卡,5,20
hd0_ep06_dg02_st00.sstg;hd0_ep06_dg02_st01.sstg,ep06_dg02_mb_59_01.mmo,13000188,A08_宠物天使,图片卡,5,40
hd0_ep06_dg02_st00.sstg;hd0_ep06_dg02_st01.sstg,ep06_dg02_mb_59_01.mmo,13000194,A14_NaNa秀卡片,图片卡,5,40
hd0_ep06_dg02_st00.sstg;hd0_ep06_dg02_st01.sstg,ep06_dg02_mb_59_00.mmo,13000170,E10_能力宝石,图片卡,5,20
hd0_ep06_dg02_st00.sstg;hd0_ep06_dg02_st01.sstg,ep06_dg02_mb_59_00.mmo,13000188,A08_宠物天使,图片卡,5,40
hd0_ep06_dg02_st00.sstg;hd0_ep06_dg02_st01.sstg,ep06_dg02_mb_59_00.mmo,13000194,A14_NaNa秀卡片,图片卡,5,40
hd0_ep06_dg02_st00.sstg;hd0_ep06_dg02_st01.sstg,ep06_dg02_mb_58_01.mmo,13000165,E05_能力宝石,图片卡,5,50
hd0_ep06_dg02_st00.sstg;hd0_ep06_dg02_st01.sstg,ep06_dg02_mb_58_01.mmo,13000168,E08_NaNa秀卡片,图片卡,5,12
hd0_ep06_dg02_st00.sstg;hd0_ep06_dg02_st01.sstg,ep06_dg02_mb_58_01.mmo,13000196,A16_属性宝石,图片卡,5,38
hd0_ep06_dg02_st00.sstg;hd0_ep06_dg02_st01.sstg,ep06_dg02_mb_58_00.mmo,13000165,E05_能力宝石,图片卡,5,50
hd0_ep06_dg02_st00.sstg;hd0_ep06_dg02_st01.sstg,ep06_dg02_mb_58_00.mmo,13000168,E08_NaNa秀卡片,图片卡,5,12
hd0_ep06_dg02_st00.sstg;hd0_ep06_dg02_st01.sstg,ep06_dg02_mb_58_00.mmo,13000196,A16_属性宝石,图片卡,5,38
hd0_ep06_dg02_st00.sstg;hd0_ep06_dg02_st01.sstg,ep06_dg02_mb_57_01.mmo,13000167,E07_宠物天使,图片卡,5,50
hd0_ep06_dg02_st00.sstg;hd0_ep06_dg02_st01.sstg,ep06_dg02_mb_57_01.mmo,13000181,A01_装饰卡片,图片卡,5,50
hd0_ep06_dg02_st00.sstg;hd0_ep06_dg02_st01.sstg,ep06_dg02_mb_57_00.mmo,13000167,E07_宠物天使,图片卡,5,50
hd0_ep06_dg02_st00.sstg;hd0_ep06_dg02_st01.sstg,ep06_dg02_mb_57_00.mmo,13000181,A01_装饰卡片,图片卡,5,50
hd0_ep06_dg02_st01.sstg,ep06_dg02_mb_56_01.mmo,13000184,A04_宠物天使,图片卡,5,40
hd0_ep06_dg02_st01.sstg,ep06_dg02_mb_56_01.mmo,13000187,A07_NaNa秀卡片,图片卡,5,12
hd0_ep06_dg02_st01.sstg,ep06_dg02_mb_56_01.mmo,13000189,A09_能力宝石,图片卡,5,48
hd0_ep06_dg02_st00.sstg;hd0_ep06_dg02_st01.sstg,ep06_dg02_mb_56_00.mmo,13000184,A04_宠物天使,图片卡,5,40
hd0_ep06_dg02_st00.sstg;hd0_ep06_dg02_st01.sstg,ep06_dg02_mb_56_00.mmo,13000187,A07_NaNa秀卡片,图片卡,5,12
hd0_ep06_dg02_st00.sstg;hd0_ep06_dg02_st01.sstg,ep06_dg02_mb_56_00.mmo,13000189,A09_能力宝石,图片卡,5,48
hd0_ep06_dg02_st00.sstg;hd0_ep06_dg02_st01.sstg,ep06_dg02_m_59_03.mmo,13000200,A20_食物卡片,图片卡,5,100
hd0_ep06_dg02_st00.sstg;hd0_ep06_dg02_st01.sstg,ep06_dg02_m_59_02.mmo,13000200,A20_食物卡片,图片卡,5,100
hd0_ep06_dg02_st00.sstg;hd0_ep06_dg02_st01.sstg,ep06_dg02_m_59_01.mmo,13000200,A20_食物卡片,图片卡,5,100
hd0_ep06_dg02_st00.sstg;hd0_ep06_dg02_st01.sstg,ep06_dg02_m_59_00.mmo,13000200,A20_食物卡片,图片卡,5,100
hd0_ep06_dg02_st00.sstg;hd0_ep06_dg02_st01.sstg,ep06_dg02_m_58_02.mmo,13000199,A19_食物卡片,图片卡,5,100
hd0_ep06_dg02_st00.sstg;hd0_ep06_dg02_st01.sstg,ep06_dg02_m_58_01.mmo,13000199,A19_食物卡片,图片卡,5,100
hd0_ep06_dg02_st00.sstg;hd0_ep06_dg02_st01.sstg,ep06_dg02_m_58_00.mmo,13000199,A19_食物卡片,图片卡,5,100
hd0_ep06_dg02_st00.sstg;hd0_ep06_dg02_st01.sstg,ep06_dg02_m_57_01.mmo,13000171,E11_天空之翼,图片卡,5,59
hd0_ep06_dg02_st00.sstg;hd0_ep06_dg02_st01.sstg,ep06_dg02_m_57_01.mmo,13000183,A03_天空之翼,图片卡,5,41
hd0_ep06_dg02_st00.sstg;hd0_ep06_dg02_st01.sstg,ep06_dg02_m_57_00.mmo,13000171,E11_天空之翼,图片卡,5,59
hd0_ep06_dg02_st00.sstg;hd0_ep06_dg02_st01.sstg,ep06_dg02_m_57_00.mmo,13000183,A03_天空之翼,图片卡,5,41
hd0_ep06_dg02_st00.sstg;hd0_ep06_dg02_st01.sstg,ep06_dg02_m_56_00.mmo,13000162,E02_天空之翼,图片卡,5,39
hd0_ep06_dg02_st00.sstg;hd0_ep06_dg02_st01.sstg,ep06_dg02_m_56_00.mmo,13000176,E16_天空之翼,图片卡,5,61
hd0_ep06_dg02_st00.sstg,ep06_dg02_M_00.mmo,22000011,幸运卡片A,特殊卡,100,33
hd0_ep06_dg02_st00.sstg,ep06_dg02_M_00.mmo,22000013,幸运卡片C,特殊卡,100,33
hd0_ep06_dg02_st00.sstg,ep06_dg02_M_00.mmo,22000014,幸运卡片D,特殊卡,100,34
hd0_ep06_dg01_st00.sstg,ep06_dg01_mb_55_01.mmo,13000161,E01_能力宝石,图片卡,5,40
hd0_ep06_dg01_st00.sstg,ep06_dg01_mb_55_01.mmo,13000182,A02_NaNa秀卡片,图片卡,5,11
hd0_ep06_dg01_st00.sstg,ep06_dg01_mb_55_01.mmo,13000192,A12_装饰卡片,图片卡,5,49
hd0_ep06_dg01_st00.sstg,ep06_dg01_mb_55_00.mmo,13000161,E01_能力宝石,图片卡,5,40
hd0_ep06_dg01_st00.sstg,ep06_dg01_mb_55_00.mmo,13000182,A02_NaNa秀卡片,图片卡,5,11
hd0_ep06_dg01_st00.sstg,ep06_dg01_mb_55_00.mmo,13000192,A12_装饰卡片,图片卡,5,49
hd0_ep06_dg01_st00.sstg,ep06_dg01_mb_54_01.mmo,13000185,A05_宠物天使,图片卡,5,90
hd0_ep06_dg01_st00.sstg,ep06_dg01_mb_54_01.mmo,13000195,A15_能力宝石,图片卡,5,10
hd0_ep06_dg01_st00.sstg,ep06_dg01_mb_54_00.mmo,13000185,A05_宠物天使,图片卡,5,90
hd0_ep06_dg01_st00.sstg,ep06_dg01_mb_54_00.mmo,13000195,A15_能力宝石,图片卡,5,10
hd0_ep06_dg01_st00.sstg,ep06_dg01_mb_53_01.mmo,13000163,E03_装饰卡片,图片卡,5,50
hd0_ep06_dg01_st00.sstg,ep06_dg01_mb_53_01.mmo,13000169,E09_NaNa秀卡片,图片卡,5,50
hd0_ep06_dg01_st00.sstg,ep06_dg01_mb_53_00.mmo,13000163,E03_装饰卡片,图片卡,5,50
hd0_ep06_dg01_st00.sstg,ep06_dg01_mb_53_00.mmo,13000169,E09_NaNa秀卡片,图片卡,5,50
hd0_ep06_dg01_st00.sstg,ep06_dg01_mb_52_01.mmo,13000181,A01_装饰卡片,图片卡,5,80
hd0_ep06_dg01_st00.sstg,ep06_dg01_mb_52_01.mmo,13000182,A02_NaNa秀卡片,图片卡,5,20
hd0_ep06_dg01_st00.sstg,ep06_dg01_mb_52_00.mmo,13000181,A01_装饰卡片,图片卡,5,80
hd0_ep06_dg01_st00.sstg,ep06_dg01_mb_52_00.mmo,13000182,A02_NaNa秀卡片,图片卡,5,20
hd0_ep06_dg01_st00.sstg,ep06_dg01_m_55_01.mmo,13000186,A06_食物卡片,图片卡,5,100
hd0_ep06_dg01_st00.sstg,ep06_dg01_m_55_00.mmo,13000186,A06_食物卡片,图片卡,5,100
hd0_ep06_dg01_st00.sstg,ep06_dg01_m_54_03.mmo,13000180,E20_食物卡片,图片卡,5,100
hd0_ep06_dg01_st00.sstg,ep06_dg01_m_54_02.mmo,13000180,E20_食物卡片,图片卡,5,100
hd0_ep06_dg01_st00.sstg,ep06_dg01_m_54_01.mmo,13000180,E20_食物卡片,图片卡,5,100
hd0_ep06_dg01_st00.sstg,ep06_dg01_m_54_00.mmo,13000180,E20_食物卡片,图片卡,5,100
hd0_ep06_dg01_st00.sstg,ep06_dg01_m_53_00.mmo,13000179,E19_食物卡片,图片卡,5,100
hd0_ep06_dg01_st00.sstg,ep06_dg01_m_52_01.mmo,13000193,A13_天空之翼,图片卡,5,50
hd0_ep06_dg01_st00.sstg,ep06_dg01_m_52_01.mmo,13000200,A20_食物卡片,图片卡,5,30
hd0_ep06_dg01_st00.sstg,ep06_dg01_m_52_01.mmo,12000013,肉弹型 SP +3,SP卡,5,20
hd0_ep06_dg01_st00.sstg,ep06_dg01_m_52_00.mmo,13000193,A13_天空之翼,图片卡,5,50
hd0_ep06_dg01_st00.sstg,ep06_dg01_m_52_00.mmo,13000200,A20_食物卡片,图片卡,5,30
hd0_ep06_dg01_st00.sstg,ep06_dg01_m_52_00.mmo,12000013,肉弹型 SP +3,SP卡,5,20
hd0_ep06_dg01_st00.sstg,ep06_dg01_M_00.mmo,22000011,幸运卡片A,特殊卡,100,33
hd0_ep06_dg01_st00.sstg,ep06_dg01_M_00.mmo,22000012,幸运卡片B,特殊卡,100,34
hd0_ep06_dg01_st00.sstg,ep06_dg01_M_00.mmo,22000014,幸运卡片D,特殊卡,100,33
hd0_ep06_dg00_st00.sstg,ep06_dg00_mb_s_49_00.mmo,13000185,A05_宠物天使,图片卡,5,40
hd0_ep06_dg00_st00.sstg,ep06_dg00_mb_s_49_00.mmo,13000187,A07_NaNa秀卡片,图片卡,5,12
hd0_ep06_dg00_st00.sstg,ep06_dg00_mb_s_49_00.mmo,13000200,A20_食物卡片,图片卡,5,48
hd0_ep06_dg00_st00.sstg,ep06_dg00_mb_51_01.mmo,13000188,A08_宠物天使,图片卡,5,40
hd0_ep06_dg00_st00.sstg,ep06_dg00_mb_51_01.mmo,13000194,A14_NaNa秀卡片,图片卡,5,30
hd0_ep06_dg00_st00.sstg,ep06_dg00_mb_51_01.mmo,13000180,E20_食物卡片,图片卡,5,30
hd0_ep06_dg00_st00.sstg,ep06_dg00_mb_51_00.mmo,13000188,A08_宠物天使,图片卡,5,40
hd0_ep06_dg00_st00.sstg,ep06_dg00_mb_51_00.mmo,13000194,A14_NaNa秀卡片,图片卡,5,30
hd0_ep06_dg00_st00.sstg,ep06_dg00_mb_51_00.mmo,13000180,E20_食物卡片,图片卡,5,30
hd0_ep06_dg00_st00.sstg,ep06_dg00_mb_50_01.mmo,13000184,A04_宠物天使,图片卡,5,40
hd0_ep06_dg00_st00.sstg,ep06_dg00_mb_50_01.mmo,13000192,A12_装饰卡片,图片卡,5,50
hd0_ep06_dg00_st00.sstg,ep06_dg00_mb_50_01.mmo,13000195,A15_能力宝石,图片卡,5,10
hd0_ep06_dg00_st00.sstg,ep06_dg00_mb_50_00.mmo,13000184,A04_宠物天使,图片卡,5,40
hd0_ep06_dg00_st00.sstg,ep06_dg00_mb_50_00.mmo,13000192,A12_装饰卡片,图片卡,5,50
hd0_ep06_dg00_st00.sstg,ep06_dg00_mb_50_00.mmo,13000195,A15_能力宝石,图片卡,5,10
hd0_ep06_dg00_st00.sstg,ep06_dg00_mb_49_00.mmo,13000185,A05_宠物天使,图片卡,5,40
hd0_ep06_dg00_st00.sstg,ep06_dg00_mb_49_00.mmo,13000187,A07_NaNa秀卡片,图片卡,5,12
hd0_ep06_dg00_st00.sstg,ep06_dg00_mb_49_00.mmo,13000200,A20_食物卡片,图片卡,5,48
hd0_ep06_dg00_st00.sstg,ep06_dg00_mb_48_01.mmo,13000189,A09_能力宝石,图片卡,5,100
hd0_ep06_dg00_st00.sstg,ep06_dg00_mb_48_00.mmo,13000189,A09_能力宝石,图片卡,5,100
hd0_ep06_dg00_st00.sstg,ep06_dg00_m_51_01.mmo,13000199,A19_食物卡片,图片卡,5,50
hd0_ep06_dg00_st00.sstg,ep06_dg00_m_51_01.mmo,12000013,肉弹型 SP +3,SP卡,5,35
hd0_ep06_dg00_st00.sstg,ep06_dg00_m_51_01.mmo,12000003,炮弹型 SP +3,SP卡,5,15
hd0_ep06_dg00_st00.sstg,ep06_dg00_m_51_00.mmo,13000199,A19_食物卡片,图片卡,5,50
hd0_ep06_dg00_st00.sstg,ep06_dg00_m_51_00.mmo,12000013,肉弹型 SP +3,SP卡,5,35
hd0_ep06_dg00_st00.sstg,ep06_dg00_m_51_00.mmo,12000003,炮弹型 SP +3,SP卡,5,15
hd0_ep06_dg00_st00.sstg,ep06_dg00_m_50_05.mmo,13000200,A20_食物卡片,图片卡,5,100
hd0_ep06_dg00_st00.sstg,ep06_dg00_m_50_04.mmo,13000200,A20_食物卡片,图片卡,5,100
hd0_ep06_dg00_st00.sstg,ep06_dg00_m_50_03.mmo,13000200,A20_食物卡片,图片卡,5,100
hd0_ep06_dg00_st00.sstg,ep06_dg00_m_50_02.mmo,13000200,A20_食物卡片,图片卡,5,100
hd0_ep06_dg00_st00.sstg,ep06_dg00_m_50_01.mmo,13000200,A20_食物卡片,图片卡,5,100
hd0_ep06_dg00_st00.sstg,ep06_dg00_m_49_01.mmo,13000186,A06_食物卡片,图片卡,5,100
hd0_ep06_dg00_st00.sstg,ep06_dg00_m_49_00.mmo,13000186,A06_食物卡片,图片卡,5,100
hd0_ep06_dg00_st00.sstg,ep06_dg00_m_48_01.mmo,13000197,A17_天空之翼,图片卡,5,100
hd0_ep06_dg00_st00.sstg,ep06_dg00_m_48_00.mmo,13000197,A17_天空之翼,图片卡,5,100
hd0_ep06_dg00_st00.sstg,ep06_dg00_M_00.mmo,22000011,幸运卡片A,特殊卡,100,34
hd0_ep06_dg00_st00.sstg,ep06_dg00_M_00.mmo,22000012,幸运卡片B,特殊卡,100,33
hd0_ep06_dg00_st00.sstg,ep06_dg00_M_00.mmo,22000013,幸运卡片C,特殊卡,100,33
hd0_ep06_dg02_st01.sstg,ep06_bbm_s_00_M.bmo,13000191,A11_宠物天使,图片卡,50,50
hd0_ep06_dg02_st01.sstg,ep06_bbm_s_00_M.bmo,13000198,A18_能力宝石,图片卡,50,50
hd0_ep06_dg02_st01.sstg,ep06_bbm_s_00_L.bmo,13000191,A11_宠物天使,图片卡,50,50
hd0_ep06_dg02_st01.sstg,ep06_bbm_s_00_L.bmo,13000198,A18_能力宝石,图片卡,50,50
hd0_ep06_dg02_st01.sstg,ep06_bbm_s_00.bmo,13000191,A11_宠物天使,图片卡,50,50
hd0_ep06_dg02_st01.sstg,ep06_bbm_s_00.bmo,13000198,A18_能力宝石,图片卡,50,50
hd0_ep05_dg02_st00.sstg;hd0_ep05_dg02_st01.sstg,ep05_st02_obj01_00.mmo,13000162,E02_天空之翼,图片卡,5,70
hd0_ep05_dg02_st00.sstg;hd0_ep05_dg02_st01.sstg,ep05_st02_obj01_00.mmo,13000171,E11_天空之翼,图片卡,5,30
hd0_ep05_dg02_st00.sstg;hd0_ep05_dg02_st01.sstg,ep05_st02_obj00_00.mmo,13000183,A03_天空之翼,图片卡,5,50
hd0_ep05_dg02_st00.sstg;hd0_ep05_dg02_st01.sstg,ep05_st02_obj00_00.mmo,12000002,炮弹型 SP +2,SP卡,5,25
hd0_ep05_dg02_st00.sstg;hd0_ep05_dg02_st01.sstg,ep05_st02_obj00_00.mmo,12000012,肉弹型 SP +2,SP卡,5,25
hd0_ep05_dg02_st00.sstg;hd0_ep05_dg02_st01.sstg,ep05_st02_mb_47_01.mmo,13000163,E03_装饰卡片,图片卡,5,50
hd0_ep05_dg02_st00.sstg;hd0_ep05_dg02_st01.sstg,ep05_st02_mb_47_01.mmo,13000169,E09_NaNa秀卡片,图片卡,5,50
hd0_ep05_dg02_st00.sstg;hd0_ep05_dg02_st01.sstg,ep05_st02_mb_47_00.mmo,13000163,E03_装饰卡片,图片卡,5,50
hd0_ep05_dg02_st00.sstg;hd0_ep05_dg02_st01.sstg,ep05_st02_mb_47_00.mmo,13000169,E09_NaNa秀卡片,图片卡,5,50
hd0_ep05_dg02_st00.sstg;hd0_ep05_dg02_st01.sstg,ep05_st02_mb_46_01.mmo,13000172,E12_宠物天使,图片卡,5,40
hd0_ep05_dg02_st00.sstg;hd0_ep05_dg02_st01.sstg,ep05_st02_mb_46_01.mmo,13000174,E14_能力宝石,图片卡,5,40
hd0_ep05_dg02_st00.sstg;hd0_ep05_dg02_st01.sstg,ep05_st02_mb_46_01.mmo,13000180,E20_食物卡片,图片卡,5,20
hd0_ep05_dg02_st00.sstg;hd0_ep05_dg02_st01.sstg,ep05_st02_mb_46_00.mmo,13000172,E12_宠物天使,图片卡,5,40
hd0_ep05_dg02_st00.sstg;hd0_ep05_dg02_st01.sstg,ep05_st02_mb_46_00.mmo,13000174,E14_能力宝石,图片卡,5,40
hd0_ep05_dg02_st00.sstg;hd0_ep05_dg02_st01.sstg,ep05_st02_mb_46_00.mmo,13000180,E20_食物卡片,图片卡,5,20
hd0_ep05_dg02_st00.sstg;hd0_ep05_dg02_st01.sstg,ep05_st02_m_47_00.mmo,13000162,E02_天空之翼,图片卡,5,70
hd0_ep05_dg02_st00.sstg;hd0_ep05_dg02_st01.sstg,ep05_st02_m_47_00.mmo,13000171,E11_天空之翼,图片卡,5,30
hd0_ep05_dg02_st00.sstg;hd0_ep05_dg02_st01.sstg,ep05_st02_m_46_01.mmo,13000180,E20_食物卡片,图片卡,5,100
hd0_ep05_dg02_st00.sstg;hd0_ep05_dg02_st01.sstg,ep05_st02_m_46_00.mmo,13000180,E20_食物卡片,图片卡,5,100
hd0_ep05_dg01_st00.sstg;hd0_ep05_dg02_st00.sstg;hd0_ep05_dg02_st01.sstg,ep05_st01_mb_45_00.mmo,13000168,E08_NaNa秀卡片,图片卡,5,20
hd0_ep05_dg01_st00.sstg;hd0_ep05_dg02_st00.sstg;hd0_ep05_dg02_st01.sstg,ep05_st01_mb_45_00.mmo,13000196,A16_属性宝石,图片卡,5,80
hd0_ep05_dg01_st00.sstg,ep05_st01_mb_43_01.mmo,13000156,P16_宠物天使,图片卡,5,30
hd0_ep05_dg01_st00.sstg,ep05_st01_mb_43_01.mmo,13000175,E15_属性宝石,图片卡,5,40
hd0_ep05_dg01_st00.sstg,ep05_st01_mb_43_01.mmo,13000160,P20_食物卡片,图片卡,5,30
hd0_ep05_dg01_st00.sstg,ep05_st01_mb_43_00.mmo,13000156,P16_宠物天使,图片卡,5,30
hd0_ep05_dg01_st00.sstg,ep05_st01_mb_43_00.mmo,13000175,E15_属性宝石,图片卡,5,40
hd0_ep05_dg01_st00.sstg,ep05_st01_mb_43_00.mmo,13000160,P20_食物卡片,图片卡,5,30
hd0_ep05_dg01_st00.sstg;hd0_ep05_dg02_st00.sstg;hd0_ep05_dg02_st01.sstg,ep05_st01_m_45_02.mmo,13000183,A03_天空之翼,图片卡,5,50
hd0_ep05_dg01_st00.sstg;hd0_ep05_dg02_st00.sstg;hd0_ep05_dg02_st01.sstg,ep05_st01_m_45_02.mmo,12000002,炮弹型 SP +2,SP卡,5,25
hd0_ep05_dg01_st00.sstg;hd0_ep05_dg02_st00.sstg;hd0_ep05_dg02_st01.sstg,ep05_st01_m_45_02.mmo,12000012,肉弹型 SP +2,SP卡,5,25
hd0_ep05_dg01_st00.sstg;hd0_ep05_dg02_st00.sstg;hd0_ep05_dg02_st01.sstg,ep05_st01_m_45_01.mmo,13000183,A03_天空之翼,图片卡,5,50
hd0_ep05_dg01_st00.sstg;hd0_ep05_dg02_st00.sstg;hd0_ep05_dg02_st01.sstg,ep05_st01_m_45_01.mmo,12000002,炮弹型 SP +2,SP卡,5,25
hd0_ep05_dg01_st00.sstg;hd0_ep05_dg02_st00.sstg;hd0_ep05_dg02_st01.sstg,ep05_st01_m_45_01.mmo,12000012,肉弹型 SP +2,SP卡,5,25
hd0_ep05_dg01_st00.sstg;hd0_ep05_dg02_st00.sstg;hd0_ep05_dg02_st01.sstg,ep05_st01_m_45_00.mmo,13000183,A03_天空之翼,图片卡,5,50
hd0_ep05_dg01_st00.sstg;hd0_ep05_dg02_st00.sstg;hd0_ep05_dg02_st01.sstg,ep05_st01_m_45_00.mmo,12000002,炮弹型 SP +2,SP卡,5,25
hd0_ep05_dg01_st00.sstg;hd0_ep05_dg02_st00.sstg;hd0_ep05_dg02_st01.sstg,ep05_st01_m_45_00.mmo,12000012,肉弹型 SP +2,SP卡,5,25
hd0_ep05_dg01_st00.sstg,ep05_st01_m_44_01.mmo,13000158,P18_食物卡片,图片卡,5,100
hd0_ep05_dg01_st00.sstg,ep05_st01_m_43_03.mmo,13000179,E19_食物卡片,图片卡,5,70
hd0_ep05_dg01_st00.sstg,ep05_st01_m_43_03.mmo,13000160,P20_食物卡片,图片卡,5,30
hd0_ep05_dg01_st00.sstg,ep05_st01_m_43_02.mmo,13000179,E19_食物卡片,图片卡,5,70
hd0_ep05_dg01_st00.sstg,ep05_st01_m_43_02.mmo,13000160,P20_食物卡片,图片卡,5,30
hd0_ep05_dg01_st00.sstg,ep05_st01_m_43_01.mmo,13000179,E19_食物卡片,图片卡,5,70
hd0_ep05_dg01_st00.sstg,ep05_st01_m_43_01.mmo,13000160,P20_食物卡片,图片卡,5,30
hd0_ep05_dg01_st00.sstg,ep05_st01_m_43_00.mmo,13000179,E19_食物卡片,图片卡,5,70
hd0_ep05_dg01_st00.sstg,ep05_st01_m_43_00.mmo,13000160,P20_食物卡片,图片卡,5,30
hd0_ep05_dg00_st00.sstg,ep05_st00_mb_42_01.mmo,13000164,E04_NaNa秀卡片,图片卡,5,30
hd0_ep05_dg00_st00.sstg,ep05_st00_mb_42_01.mmo,13000165,E05_能力宝石,图片卡,5,30
hd0_ep05_dg00_st00.sstg,ep05_st00_mb_42_01.mmo,13000178,E18_宠物天使,图片卡,5,40
hd0_ep05_dg00_st00.sstg,ep05_st00_mb_42_00.mmo,13000164,E04_NaNa秀卡片,图片卡,5,30
hd0_ep05_dg00_st00.sstg,ep05_st00_mb_42_00.mmo,13000165,E05_能力宝石,图片卡,5,30
hd0_ep05_dg00_st00.sstg,ep05_st00_mb_42_00.mmo,13000178,E18_宠物天使,图片卡,5,40
hd0_ep05_dg00_st00.sstg,ep05_st00_mb_40_00.mmo,13000150,P10_装饰卡片,图片卡,5,40
hd0_ep05_dg00_st00.sstg,ep05_st00_mb_40_00.mmo,13000153,P13_属性宝石,图片卡,5,30
hd0_ep05_dg00_st00.sstg,ep05_st00_mb_40_00.mmo,13000157,P17_能力宝石,图片卡,5,30
hd0_ep05_dg00_st00.sstg,ep05_st00_m_42_02.mmo,13000160,P20_食物卡片,图片卡,5,100
hd0_ep05_dg00_st00.sstg,ep05_st00_m_42_01.mmo,13000160,P20_食物卡片,图片卡,5,100
hd0_ep05_dg00_st00.sstg,ep05_st00_m_42_00.mmo,13000160,P20_食物卡片,图片卡,5,100
hd0_ep05_dg00_st00.sstg,ep05_st00_m_41_01.mmo,13000173,E13_食物卡片,图片卡,5,100
hd0_ep05_dg00_st00.sstg,ep05_st00_m_41_00.mmo,13000173,E13_食物卡片,图片卡,5,100
hd0_ep05_dg00_st00.sstg,ep05_st00_m_40A_stop.mmo,13000176,E16_天空之翼,图片卡,5,100
hd0_ep05_dg00_st00.sstg,ep05_st00_m_40A_01.mmo,13000176,E16_天空之翼,图片卡,5,100
hd0_ep05_dg00_st00.sstg,ep05_st00_m_40A_00.mmo,13000176,E16_天空之翼,图片卡,5,100
hd0_ep05_dg00_st00.sstg,ep05_st00_m_40_00.mmo,13000176,E16_天空之翼,图片卡,5,100
hd0_ep05_dg00_st00.sstg;hd0_ep05_dg01_st00.sstg;hd0_ep05_dg02_st00.sstg,ep05_mb_T_00.mmo,22000015,幸运卡片E,特殊卡,100,100
hd0_ep05_dg00_st00.sstg;hd0_ep05_dg01_st00.sstg;hd0_ep05_dg02_st00.sstg;hd0_ep05_dg02_st01.sstg,ep05_mb_R_00.mmo,22000017,幸运卡片G,特殊卡,100,100
hd0_ep05_dg00_st00.sstg;hd0_ep05_dg01_st00.sstg;hd0_ep05_dg02_st00.sstg,ep05_mb_C_woman.mmo,22000016,幸运卡片F,特殊卡,100,100
hd0_ep05_dg00_st00.sstg;hd0_ep05_dg01_st00.sstg;hd0_ep05_dg02_st00.sstg,ep05_mb_C_man.mmo,22000016,幸运卡片F,特殊卡,100,100
hd0_ep05_dg02_st00.sstg,ep05_ending_02_M.bmo,13000164,E04_NaNa秀卡片,图片卡,3,30
hd0_ep05_dg02_st00.sstg,ep05_ending_02_M.bmo,13000165,E05_能力宝石,图片卡,3,30
hd0_ep05_dg02_st00.sstg,ep05_ending_02_M.bmo,13000178,E18_宠物天使,图片卡,3,40
hd0_ep05_dg02_st00.sstg,ep05_ending_02_L.bmo,13000164,E04_NaNa秀卡片,图片卡,3,30
hd0_ep05_dg02_st00.sstg,ep05_ending_02_L.bmo,13000165,E05_能力宝石,图片卡,3,30
hd0_ep05_dg02_st00.sstg,ep05_ending_02_L.bmo,13000178,E18_宠物天使,图片卡,3,40
hd0_ep05_dg02_st00.sstg,ep05_ending_02.bmo,13000164,E04_NaNa秀卡片,图片卡,3,30
hd0_ep05_dg02_st00.sstg,ep05_ending_02.bmo,13000165,E05_能力宝石,图片卡,3,30
hd0_ep05_dg02_st00.sstg,ep05_ending_02.bmo,13000178,E18_宠物天使,图片卡,3,40
hd0_ep05_dg01_st00.sstg,ep05_ending_01_M.bmo,13000172,E12_宠物天使,图片卡,3,20
hd0_ep05_dg01_st00.sstg,ep05_ending_01_M.bmo,13000174,E14_能力宝石,图片卡,3,40
hd0_ep05_dg01_st00.sstg,ep05_ending_01_M.bmo,13000180,E20_食物卡片,图片卡,3,40
hd0_ep05_dg01_st00.sstg,ep05_ending_01_L.bmo,13000172,E12_宠物天使,图片卡,3,20
hd0_ep05_dg01_st00.sstg,ep05_ending_01_L.bmo,13000174,E14_能力宝石,图片卡,3,40
hd0_ep05_dg01_st00.sstg,ep05_ending_01_L.bmo,13000180,E20_食物卡片,图片卡,3,40
hd0_ep05_dg01_st00.sstg,ep05_ending_01.bmo,13000172,E12_宠物天使,图片卡,50,20
hd0_ep05_dg01_st00.sstg,ep05_ending_01.bmo,13000174,E14_能力宝石,图片卡,50,40
hd0_ep05_dg01_st00.sstg,ep05_ending_01.bmo,13000180,E20_食物卡片,图片卡,50,40
hd0_ep05_dg00_st00.sstg,ep05_ending_00_M.bmo,13000156,P16_宠物天使,图片卡,3,30
hd0_ep05_dg00_st00.sstg,ep05_ending_00_M.bmo,13000175,E15_属性宝石,图片卡,3,40
hd0_ep05_dg00_st00.sstg,ep05_ending_00_M.bmo,13000160,P20_食物卡片,图片卡,3,30
hd0_ep05_dg00_st00.sstg,ep05_ending_00_L.bmo,13000156,P16_宠物天使,图片卡,3,30
hd0_ep05_dg00_st00.sstg,ep05_ending_00_L.bmo,13000175,E15_属性宝石,图片卡,3,40
hd0_ep05_dg00_st00.sstg,ep05_ending_00_L.bmo,13000160,P20_食物卡片,图片卡,3,30
hd0_ep05_dg00_st00.sstg,ep05_ending_00.bmo,13000156,P16_宠物天使,图片卡,50,30
hd0_ep05_dg00_st00.sstg,ep05_ending_00.bmo,13000175,E15_属性宝石,图片卡,50,40
hd0_ep05_dg00_st00.sstg,ep05_ending_00.bmo,13000160,P20_食物卡片,图片卡,50,30
hd0_ep05_dg02_st01.sstg,ep05_dg03_M_00.mmo,22000012,幸运卡片B,特殊卡,100,33
hd0_ep05_dg02_st01.sstg,ep05_dg03_M_00.mmo,22000013,幸运卡片C,特殊卡,100,34
hd0_ep05_dg02_st01.sstg,ep05_dg03_M_00.mmo,22000014,幸运卡片D,特殊卡,100,33
hd0_ep05_dg02_st00.sstg,ep05_dg02_M_00.mmo,22000011,幸运卡片A,特殊卡,100,33
hd0_ep05_dg02_st00.sstg,ep05_dg02_M_00.mmo,22000013,幸运卡片C,特殊卡,100,33
hd0_ep05_dg02_st00.sstg,ep05_dg02_M_00.mmo,22000014,幸运卡片D,特殊卡,100,34
hd0_ep05_dg01_st00.sstg,ep05_dg01_mb_s44_00.mmo,13000161,E01_能力宝石,图片卡,5,40
hd0_ep05_dg01_st00.sstg,ep05_dg01_mb_s44_00.mmo,13000166,E06_装饰卡片,图片卡,5,40
hd0_ep05_dg01_st00.sstg,ep05_dg01_mb_s44_00.mmo,13000170,E10_能力宝石,图片卡,5,20
hd0_ep05_dg01_st00.sstg,ep05_dg01_M_00.mmo,22000011,幸运卡片A,特殊卡,100,33
hd0_ep05_dg01_st00.sstg,ep05_dg01_M_00.mmo,22000012,幸运卡片B,特殊卡,100,34
hd0_ep05_dg01_st00.sstg,ep05_dg01_M_00.mmo,22000014,幸运卡片D,特殊卡,100,33
hd0_ep05_dg00_st00.sstg,ep05_dg00_mb_41_s02.mmo,13000155,P15_NaNa秀卡片,图片卡,5,30
hd0_ep05_dg00_st00.sstg,ep05_dg00_mb_41_s02.mmo,13000167,E07_宠物天使,图片卡,5,70
hd0_ep05_dg00_st00.sstg,ep05_dg00_mb_41_s01.mmo,13000155,P15_NaNa秀卡片,图片卡,5,30
hd0_ep05_dg00_st00.sstg,ep05_dg00_mb_41_s01.mmo,13000167,E07_宠物天使,图片卡,5,70
hd0_ep05_dg00_st00.sstg,ep05_dg00_M_00.mmo,22000011,幸运卡片A,特殊卡,100,34
hd0_ep05_dg00_st00.sstg,ep05_dg00_M_00.mmo,22000012,幸运卡片B,特殊卡,100,33
hd0_ep05_dg00_st00.sstg,ep05_dg00_M_00.mmo,22000013,幸运卡片C,特殊卡,100,33
hd0_ep05_dg02_st01.sstg,ep05_bbm_s_00_M.bmo,13000159,P19_宠物天使,图片卡,4,40
hd0_ep05_dg02_st01.sstg,ep05_bbm_s_00_M.bmo,13000177,E17_宠物天使,图片卡,4,40
hd0_ep05_dg02_st01.sstg,ep05_bbm_s_00_M.bmo,13000190,A10_能力宝石,图片卡,4,20
hd0_ep05_dg02_st01.sstg,ep05_bbm_s_00_L.bmo,13000159,P19_宠物天使,图片卡,4,40
hd0_ep05_dg02_st01.sstg,ep05_bbm_s_00_L.bmo,13000177,E17_宠物天使,图片卡,4,40
hd0_ep05_dg02_st01.sstg,ep05_bbm_s_00_L.bmo,13000190,A10_能力宝石,图片卡,4,20
hd0_ep05_dg02_st01.sstg,ep05_bbm_s_00.bmo,13000159,P19_宠物天使,图片卡,4,40
hd0_ep05_dg02_st01.sstg,ep05_bbm_s_00.bmo,13000177,E17_宠物天使,图片卡,4,40
hd0_ep05_dg02_st01.sstg,ep05_bbm_s_00.bmo,13000190,A10_能力宝石,图片卡,4,20
hd0_ep04_dg00_st00.sstg;hd0_ep04_dg01_st00.sstg;hd0_ep04_dg02_st00.sstg,ep04_mb_T_00.mmo,22000015,幸运卡片E,特殊卡,100,100
hd0_ep04_dg00_st00.sstg;hd0_ep04_dg01_st00.sstg;hd0_ep04_dg02_st00.sstg;hd0_ep04_dg02_st01.sstg,ep04_mb_R_00.mmo,22000017,幸运卡片G,特殊卡,100,100
hd0_ep04_dg00_st00.sstg;hd0_ep04_dg01_st00.sstg;hd0_ep04_dg02_st00.sstg,ep04_mb_C_woman.mmo,22000016,幸运卡片F,特殊卡,100,100
hd0_ep04_dg00_st00.sstg;hd0_ep04_dg01_st00.sstg;hd0_ep04_dg02_st00.sstg,ep04_mb_C_man.mmo,22000016,幸运卡片F,特殊卡,100,100
hd0_ep04_dg02_st01.sstg,ep04_dg03_M_00.mmo,22000012,幸运卡片B,特殊卡,100,33
hd0_ep04_dg02_st01.sstg,ep04_dg03_M_00.mmo,22000013,幸运卡片C,特殊卡,100,34
hd0_ep04_dg02_st01.sstg,ep04_dg03_M_00.mmo,22000014,幸运卡片D,特殊卡,100,33
hd0_ep04_dg02_st00.sstg;hd0_ep04_dg02_st01.sstg,ep04_dg02_mb_39_s00.mmo,13000126,V06_能力宝石,图片卡,5,30
hd0_ep04_dg02_st00.sstg;hd0_ep04_dg02_st01.sstg,ep04_dg02_mb_39_s00.mmo,13000138,V18_宠物天使,图片卡,5,40
hd0_ep04_dg02_st00.sstg;hd0_ep04_dg02_st01.sstg,ep04_dg02_mb_39_s00.mmo,13000152,P12_NaNa秀卡片,图片卡,5,30
hd0_ep04_dg02_st00.sstg,ep04_dg02_M_00.mmo,22000011,幸运卡片A,特殊卡,100,33
hd0_ep04_dg02_st00.sstg,ep04_dg02_M_00.mmo,22000013,幸运卡片C,特殊卡,100,33
hd0_ep04_dg02_st00.sstg,ep04_dg02_M_00.mmo,22000014,幸运卡片D,特殊卡,100,34
hd0_ep04_dg01_st00.sstg,ep04_dg01_mb_37_s00.mmo,13000132,V12_宠物天使,图片卡,5,40
hd0_ep04_dg01_st00.sstg,ep04_dg01_mb_37_s00.mmo,13000136,V16_NaNa秀卡片,图片卡,5,40
hd0_ep04_dg01_st00.sstg,ep04_dg01_mb_37_s00.mmo,13000144,P04_能力宝石,图片卡,5,20
hd0_ep04_dg01_st00.sstg,ep04_dg01_M_00.mmo,22000011,幸运卡片A,特殊卡,100,33
hd0_ep04_dg01_st00.sstg,ep04_dg01_M_00.mmo,22000012,幸运卡片B,特殊卡,100,34
hd0_ep04_dg01_st00.sstg,ep04_dg01_M_00.mmo,22000014,幸运卡片D,特殊卡,100,33
hd0_ep04_dg00_st00.sstg,ep04_dg00_mb_35_sm00_00.mmo,13000139,V19_能力宝石,图片卡,5,30
hd0_ep04_dg00_st00.sstg,ep04_dg00_mb_35_sm00_00.mmo,13000147,P07_能力宝石,图片卡,5,40
hd0_ep04_dg00_st00.sstg,ep04_dg00_mb_35_sm00_00.mmo,13000151,P11_宠物天使,图片卡,5,30
hd0_ep04_dg00_st00.sstg,ep04_dg00_M_00.mmo,22000011,幸运卡片A,特殊卡,100,34
hd0_ep04_dg00_st00.sstg,ep04_dg00_M_00.mmo,22000012,幸运卡片B,特殊卡,100,33
hd0_ep04_dg00_st00.sstg,ep04_dg00_M_00.mmo,22000013,幸运卡片C,特殊卡,100,33
hd0_ep02_dg02_st00.sstg,ep03_st03_e_gate_M.bmo,13000078,G18_能力宝石,图片卡,50,50
hd0_ep02_dg02_st00.sstg,ep03_st03_e_gate_M.bmo,13000075,G15_食物卡片,图片卡,50,50
hd0_ep02_dg02_st00.sstg,ep03_st03_e_gate_L.bmo,13000078,G18_能力宝石,图片卡,50,50
hd0_ep02_dg02_st00.sstg,ep03_st03_e_gate_L.bmo,13000075,G15_食物卡片,图片卡,50,50
hd0_ep02_dg02_st00.sstg,ep03_st03_e_gate.bmo,13000078,G18_能力宝石,图片卡,50,50
hd0_ep02_dg02_st00.sstg,ep03_st03_e_gate.bmo,13000075,G15_食物卡片,图片卡,50,50
hd0_ep02_dg01_st00.sstg,ep03_st02_e_gate_M.bmo,13000071,G11_能力宝石,图片卡,50,50
hd0_ep02_dg01_st00.sstg,ep03_st02_e_gate_M.bmo,13000062,G02_食物卡片,图片卡,50,50
hd0_ep02_dg01_st00.sstg,ep03_st02_e_gate_L.bmo,13000071,G11_能力宝石,图片卡,50,50
hd0_ep02_dg01_st00.sstg,ep03_st02_e_gate_L.bmo,13000062,G02_食物卡片,图片卡,50,50
hd0_ep02_dg01_st00.sstg,ep03_st02_e_gate.bmo,13000071,G11_能力宝石,图片卡,50,50
hd0_ep02_dg01_st00.sstg,ep03_st02_e_gate.bmo,13000062,G02_食物卡片,图片卡,50,50
hd0_ep03_dg00_st00.sstg;hd0_ep03_dg01_st00.sstg;hd0_ep03_dg02_st00.sstg,ep03_mb_T_00.mmo,22000015,幸运卡片E,特殊卡,100,100
hd0_ep03_dg00_st00.sstg;hd0_ep03_dg01_st00.sstg;hd0_ep03_dg02_st00.sstg;hd0_ep03_dg02_st01.sstg,ep03_mb_R_00.mmo,22000017,幸运卡片G,特殊卡,100,100
hd0_ep03_dg00_st00.sstg;hd0_ep03_dg01_st00.sstg;hd0_ep03_dg02_st00.sstg,ep03_mb_C_woman.mmo,22000016,幸运卡片F,特殊卡,100,100
hd0_ep03_dg00_st00.sstg;hd0_ep03_dg01_st00.sstg;hd0_ep03_dg02_st00.sstg,ep03_mb_C_man.mmo,22000016,幸运卡片F,特殊卡,100,100
hd0_ep03_dg02_st01.sstg,ep03_dg03_M_00.mmo,22000012,幸运卡片B,特殊卡,100,33
hd0_ep03_dg02_st01.sstg,ep03_dg03_M_00.mmo,22000013,幸运卡片C,特殊卡,100,34
hd0_ep03_dg02_st01.sstg,ep03_dg03_M_00.mmo,22000014,幸运卡片D,特殊卡,100,33
hd0_ep03_dg02_st01.sstg,ep03_dg02_mb_32_1_01.mmo,13000114,B14_宠物天使,图片卡,10,100
hd0_ep03_dg02_st01.sstg,ep03_dg02_mb_32_1_00.mmo,13000114,B14_宠物天使,图片卡,10,100
hd0_ep03_dg02_st01.sstg,ep03_dg02_mb_31_1_01.mmo,13000109,B09_NaNa秀卡片,图片卡,10,100
hd0_ep03_dg02_st01.sstg,ep03_dg02_mb_31_1_00.mmo,13000109,B09_NaNa秀卡片,图片卡,10,100
hd0_ep03_dg02_st01.sstg,ep03_dg02_mb_30_1_01.mmo,13000107,B07_属性宝石,图片卡,10,100
hd0_ep03_dg02_st01.sstg,ep03_dg02_mb_30_1_00.mmo,13000107,B07_属性宝石,图片卡,10,100
hd0_ep03_dg02_st01.sstg,ep03_dg02_m_32_1_04.mmo,13000102,B02_天空之翼,图片卡,8,100
hd0_ep03_dg02_st01.sstg,ep03_dg02_m_32_1_03.mmo,13000102,B02_天空之翼,图片卡,8,100
hd0_ep03_dg02_st01.sstg,ep03_dg02_m_32_1_02.mmo,13000102,B02_天空之翼,图片卡,8,100
hd0_ep03_dg02_st01.sstg,ep03_dg02_m_32_1_01.mmo,13000102,B02_天空之翼,图片卡,8,100
hd0_ep03_dg02_st01.sstg,ep03_dg02_m_32_1_00.mmo,13000102,B02_天空之翼,图片卡,8,100
hd0_ep03_dg02_st01.sstg,ep03_dg02_m_31_1_04.mmo,13000096,C16_天空之翼,图片卡,8,100
hd0_ep03_dg02_st01.sstg,ep03_dg02_m_31_1_03.mmo,13000096,C16_天空之翼,图片卡,8,100
hd0_ep03_dg02_st01.sstg,ep03_dg02_m_31_1_02.mmo,13000096,C16_天空之翼,图片卡,8,100
hd0_ep03_dg02_st01.sstg,ep03_dg02_m_31_1_01.mmo,13000096,C16_天空之翼,图片卡,8,100
hd0_ep03_dg02_st01.sstg,ep03_dg02_m_31_1_00.mmo,13000096,C16_天空之翼,图片卡,8,100
hd0_ep03_dg02_st01.sstg,ep03_dg02_m_30_1_05.mmo,13000112,B12_食物卡片,图片卡,8,100
hd0_ep03_dg02_st01.sstg,ep03_dg02_m_30_1_04.mmo,13000112,B12_食物卡片,图片卡,8,100
hd0_ep03_dg02_st01.sstg,ep03_dg02_m_30_1_03.mmo,13000112,B12_食物卡片,图片卡,8,100
hd0_ep03_dg02_st01.sstg,ep03_dg02_m_30_1_02.mmo,13000112,B12_食物卡片,图片卡,8,100
hd0_ep03_dg02_st01.sstg,ep03_dg02_m_30_1_01.mmo,13000112,B12_食物卡片,图片卡,8,100
hd0_ep03_dg02_st01.sstg,ep03_dg02_m_30_1_00.mmo,13000112,B12_食物卡片,图片卡,8,100
hd0_ep03_dg02_st00.sstg,ep03_dg02_M_00.mmo,22000011,幸运卡片A,特殊卡,100,50
hd0_ep03_dg02_st00.sstg,ep03_dg02_M_00.mmo,22000013,幸运卡片C,特殊卡,100,25
hd0_ep03_dg02_st00.sstg,ep03_dg02_M_00.mmo,22000014,幸运卡片D,特殊卡,100,25
hd0_ep03_dg02_st00.sstg,ep03_dg02_bbm_00_M.bmo,13000108,B08_宠物天使,图片卡,50,50
hd0_ep03_dg02_st00.sstg,ep03_dg02_bbm_00_M.bmo,13000117,B17_能力宝石,图片卡,50,50
hd0_ep03_dg02_st00.sstg,ep03_dg02_bbm_00.bmo,13000108,B08_宠物天使,图片卡,50,50
hd0_ep03_dg02_st00.sstg,ep03_dg02_bbm_00.bmo,13000117,B17_能力宝石,图片卡,50,50
hd0_ep03_dg01_st00.sstg,ep03_dg01_mb_25_1_s02.mmo,13000093,C13_宠物天使,图片卡,10,50
hd0_ep03_dg01_st00.sstg,ep03_dg01_mb_25_1_s02.mmo,13000094,C14_NaNa秀卡片,图片卡,10,50
hd0_ep03_dg01_st00.sstg,ep03_dg01_mb_25_1_01.mmo,13000093,C13_宠物天使,图片卡,10,50
hd0_ep03_dg01_st00.sstg,ep03_dg01_mb_25_1_01.mmo,13000094,C14_NaNa秀卡片,图片卡,10,50
hd0_ep03_dg01_st00.sstg,ep03_dg01_mb_25_1_00.mmo,13000093,C13_宠物天使,图片卡,10,50
hd0_ep03_dg01_st00.sstg,ep03_dg01_mb_25_1_00.mmo,13000094,C14_NaNa秀卡片,图片卡,10,50
hd0_ep03_dg01_st00.sstg,ep03_dg01_m_25_1_01.mmo,13000092,C12_天空之翼,图片卡,8,100
hd0_ep03_dg01_st00.sstg,ep03_dg01_m_25_1_00.mmo,13000092,C12_天空之翼,图片卡,8,100
hd0_ep03_dg01_st00.sstg,ep03_dg01_M_00.mmo,22000011,幸运卡片A,特殊卡,100,50
hd0_ep03_dg01_st00.sstg,ep03_dg01_M_00.mmo,22000012,幸运卡片B,特殊卡,100,25
hd0_ep03_dg01_st00.sstg,ep03_dg01_M_00.mmo,22000014,幸运卡片D,特殊卡,100,25
hd0_ep03_dg01_st00.sstg,ep03_dg01_bbm_00_M.bmo,13000081,C01_能力宝石,图片卡,50,50
hd0_ep03_dg01_st00.sstg,ep03_dg01_bbm_00_M.bmo,13000101,B01_装饰卡片,图片卡,50,50
hd0_ep03_dg01_st00.sstg,ep03_dg01_bbm_00.bmo,13000081,C01_能力宝石,图片卡,50,50
hd0_ep03_dg01_st00.sstg,ep03_dg01_bbm_00.bmo,13000101,B01_装饰卡片,图片卡,50,50
hd0_ep03_dg00_st00.sstg,ep03_dg00_M_00.mmo,22000011,幸运卡片A,特殊卡,100,50
hd0_ep03_dg00_st00.sstg,ep03_dg00_M_00.mmo,22000012,幸运卡片B,特殊卡,100,25
hd0_ep03_dg00_st00.sstg,ep03_dg00_M_00.mmo,22000013,幸运卡片C,特殊卡,100,25
hd0_ep03_dg00_st00.sstg,ep03_dg00_bbm_00_M.bmo,13000087,C07_能力宝石,图片卡,50,50
hd0_ep03_dg00_st00.sstg,ep03_dg00_bbm_00_M.bmo,13000110,B10_装饰卡片,图片卡,50,50
hd0_ep03_dg00_st00.sstg,ep03_dg00_bbm_00.bmo,13000087,C07_能力宝石,图片卡,50,50
hd0_ep03_dg00_st00.sstg,ep03_dg00_bbm_00.bmo,13000110,B10_装饰卡片,图片卡,50,50
hd0_ep03_dg02_st01.sstg,ep03_bbm_00_M.bmo,13000106,B06_能力宝石,图片卡,50,50
hd0_ep03_dg02_st01.sstg,ep03_bbm_00_M.bmo,13000115,B15_宠物天使,图片卡,50,50
hd0_ep03_dg02_st01.sstg,ep03_bbm_00.bmo,13000106,B06_能力宝石,图片卡,50,50
hd0_ep03_dg02_st01.sstg,ep03_bbm_00.bmo,13000115,B15_宠物天使,图片卡,50,50
hd0_ep02_dg00_st00.sstg;hd0_ep02_dg01_st00.sstg;hd0_ep02_dg02_st00.sstg,ep02_mb_T_00.mmo,22000015,幸运卡片E,特殊卡,100,100
hd0_ep02_dg00_st00.sstg;hd0_ep02_dg01_st00.sstg;hd0_ep02_dg02_st00.sstg;hd0_ep02_dg02_st01.sstg,ep02_mb_R_00.mmo,22000017,幸运卡片G,特殊卡,100,100
hd0_ep02_dg00_st00.sstg;hd0_ep02_dg01_st00.sstg;hd0_ep02_dg02_st00.sstg,ep02_mb_C_woman.mmo,22000016,幸运卡片F,特殊卡,100,100
hd0_ep02_dg00_st00.sstg;hd0_ep02_dg01_st00.sstg;hd0_ep02_dg02_st00.sstg,ep02_mb_C_man.mmo,22000016,幸运卡片F,特殊卡,100,100
hd0_ep02_dg02_st01.sstg,ep02_dg04_M_bbm.bmo,13000069,G09_宠物天使,图片卡,50,50
hd0_ep02_dg02_st01.sstg,ep02_dg04_M_bbm.bmo,13000070,G10_能力宝石,图片卡,50,50
hd0_ep02_dg02_st01.sstg,ep02_dg04_L_bbm.bmo,13000069,G09_宠物天使,图片卡,50,50
hd0_ep02_dg02_st01.sstg,ep02_dg04_L_bbm.bmo,13000070,G10_能力宝石,图片卡,50,50
hd0_ep02_dg02_st01.sstg,ep02_dg03_M_00.mmo,22000012,幸运卡片B,特殊卡,100,33
hd0_ep02_dg02_st01.sstg,ep02_dg03_M_00.mmo,22000013,幸运卡片C,特殊卡,100,34
hd0_ep02_dg02_st01.sstg,ep02_dg03_M_00.mmo,22000014,幸运卡片D,特殊卡,100,33
hd0_ep02_dg02_st01.sstg,ep02_dg02_mb_20_1_01.mmo,13000066,G06_NaNa秀卡片,图片卡,12,100
hd0_ep02_dg02_st01.sstg,ep02_dg02_mb_20_1_00.mmo,13000066,G06_NaNa秀卡片,图片卡,12,100
hd0_ep02_dg02_st01.sstg,ep02_dg02_mb_17_1_01.mmo,13000073,G13_宠物天使,图片卡,12,100
hd0_ep02_dg02_st01.sstg,ep02_dg02_mb_17_1_00.mmo,13000073,G13_宠物天使,图片卡,12,100
hd0_ep02_dg02_st01.sstg,ep02_dg02_mb_03_1_01.mmo,13000054,Y14_NaNa秀卡片,图片卡,12,100
hd0_ep02_dg02_st01.sstg,ep02_dg02_mb_03_1_00.mmo,13000054,Y14_NaNa秀卡片,图片卡,12,100
hd0_ep02_dg02_st01.sstg,ep02_dg02_m_20_1_01.mmo,13000056,Y16_食物卡片,图片卡,10,100
hd0_ep02_dg02_st01.sstg,ep02_dg02_m_20_1_00.mmo,13000056,Y16_食物卡片,图片卡,10,100
hd0_ep02_dg02_st01.sstg,ep02_dg02_m_17_1_01.mmo,13000088,C08_天空之翼,图片卡,10,100
hd0_ep02_dg02_st01.sstg,ep02_dg02_m_17_1_00.mmo,13000088,C08_天空之翼,图片卡,10,100
hd0_ep02_dg02_st01.sstg,ep02_dg02_m_03_1_02.mmo,13000077,G17_天空之翼,图片卡,10,100
hd0_ep02_dg02_st01.sstg,ep02_dg02_m_03_1_01.mmo,13000077,G17_天空之翼,图片卡,10,100
hd0_ep02_dg02_st00.sstg,ep02_dg02_M_00.mmo,22000011,幸运卡片A,特殊卡,100,80
hd0_ep02_dg02_st00.sstg,ep02_dg02_M_00.mmo,22000013,幸运卡片C,特殊卡,100,10
hd0_ep02_dg02_st00.sstg,ep02_dg02_M_00.mmo,22000014,幸运卡片D,特殊卡,100,10
hd0_ep02_dg01_st00.sstg,ep02_dg01_M_00.mmo,22000011,幸运卡片A,特殊卡,100,80
hd0_ep02_dg01_st00.sstg,ep02_dg01_M_00.mmo,22000012,幸运卡片B,特殊卡,100,10
hd0_ep02_dg01_st00.sstg,ep02_dg01_M_00.mmo,22000014,幸运卡片D,特殊卡,100,10
hd0_ep02_dg00_st00.sstg,ep02_dg00_m_129_1_01.mmo,13000083,C03_天空之翼,图片卡,10,100
hd0_ep02_dg00_st00.sstg,ep02_dg00_m_129_1_00.mmo,13000083,C03_天空之翼,图片卡,10,100
hd0_ep02_dg00_st00.sstg,ep02_dg00_M_00.mmo,22000011,幸运卡片A,特殊卡,100,80
hd0_ep02_dg00_st00.sstg,ep02_dg00_M_00.mmo,22000012,幸运卡片B,特殊卡,100,10
hd0_ep02_dg00_st00.sstg,ep02_dg00_M_00.mmo,22000013,幸运卡片C,特殊卡,100,10
hd0_ep01_dg02_st00.sstg,ep02_03_e_gate_M.bmo,13000024,O04_能力宝石,图片卡,50,50
hd0_ep01_dg02_st00.sstg,ep02_03_e_gate_M.bmo,13000040,O20_食物卡片,图片卡,50,50
hd0_ep01_dg02_st00.sstg,ep02_03_e_gate_L.bmo,13000024,O04_能力宝石,图片卡,50,50
hd0_ep01_dg02_st00.sstg,ep02_03_e_gate_L.bmo,13000040,O20_食物卡片,图片卡,50,50
hd0_ep01_dg02_st00.sstg,ep02_03_e_gate.bmo,13000024,O04_能力宝石,图片卡,50,50
hd0_ep01_dg02_st00.sstg,ep02_03_e_gate.bmo,13000040,O20_食物卡片,图片卡,50,50
hd0_ep01_dg01_st00.sstg,ep02_02_e_gate_M.bmo,13000042,Y02_能力宝石,图片卡,50,50
hd0_ep01_dg01_st00.sstg,ep02_02_e_gate_M.bmo,13000040,O20_食物卡片,图片卡,50,50
hd0_ep01_dg01_st00.sstg,ep02_02_e_gate_L.bmo,13000042,Y02_能力宝石,图片卡,50,50
hd0_ep01_dg01_st00.sstg,ep02_02_e_gate_L.bmo,13000040,O20_食物卡片,图片卡,50,50
hd0_ep01_dg00_st00.sstg,ep02_01_e_gate_M.bmo,13000048,Y08_能力宝石,图片卡,50,50
hd0_ep01_dg00_st00.sstg,ep02_01_e_gate_M.bmo,13000044,Y04_食物卡片,图片卡,50,50
hd0_ep01_dg00_st00.sstg,ep02_01_e_gate_L.bmo,13000048,Y08_能力宝石,图片卡,50,50
hd0_ep01_dg00_st00.sstg,ep02_01_e_gate_L.bmo,13000044,Y04_食物卡片,图片卡,50,50
hd0_ep01_dg00_st00.sstg,ep02_01_e_gate.bmo,13000048,Y08_能力宝石,图片卡,50,50
hd0_ep01_dg00_st00.sstg,ep02_01_e_gate.bmo,13000044,Y04_食物卡片,图片卡,50,50
hd0_ep00_dg01_st00.sstg,ep01_st01_bbm_02_M.bmo,13000005,R05_能力宝石,图片卡,50,30
hd0_ep00_dg01_st00.sstg,ep01_st01_bbm_02_M.bmo,13000020,R20_食物卡片,图片卡,50,70
hd0_ep00_dg01_st00.sstg,ep01_st01_bbm_02_L.bmo,13000005,R05_能力宝石,图片卡,50,30
hd0_ep00_dg01_st00.sstg,ep01_st01_bbm_02_L.bmo,13000020,R20_食物卡片,图片卡,50,70
hd0_ep00_dg01_st00.sstg,ep01_st01_bbm_02.bmo,13000005,R05_能力宝石,图片卡,50,30
hd0_ep00_dg01_st00.sstg,ep01_st01_bbm_02.bmo,13000020,R20_食物卡片,图片卡,50,70
hd0_ep00_dg00_st00.sstg,ep01_st01_bbm_01_M.bmo,13000008,R08_宠物天使,图片卡,50,51
hd0_ep00_dg00_st00.sstg,ep01_st01_bbm_01_M.bmo,13000020,R20_食物卡片,图片卡,50,49
hd0_ep00_dg00_st00.sstg,ep01_st01_bbm_01_L.bmo,13000008,R08_宠物天使,图片卡,50,51
hd0_ep00_dg00_st00.sstg,ep01_st01_bbm_01_L.bmo,13000020,R20_食物卡片,图片卡,50,49
hd0_ep00_dg00_st00.sstg,ep01_st01_bbm_01.bmo,13000008,R08_宠物天使,图片卡,50,51
hd0_ep00_dg00_st00.sstg,ep01_st01_bbm_01.bmo,13000020,R20_食物卡片,图片卡,50,49
hd0_ep00_dg01_st00.sstg,ep01_new_O_obj_00.mmo,13000002,R02_食物卡片,图片卡,12,100
hd0_ep01_dg00_st00.sstg;hd0_ep01_dg01_st00.sstg;hd0_ep01_dg02_st00.sstg,ep01_mb_T_00.mmo,22000015,幸运卡片E,特殊卡,100,100
hd0_ep01_dg00_st00.sstg;hd0_ep01_dg01_st00.sstg;hd0_ep01_dg02_st00.sstg;hd0_ep01_dg02_st01.sstg,ep01_mb_R_00.mmo,22000017,幸运卡片G,特殊卡,100,100
hd0_ep01_dg00_st00.sstg;hd0_ep01_dg01_st00.sstg;hd0_ep01_dg02_st00.sstg,ep01_mb_C_woman.mmo,22000016,幸运卡片F,特殊卡,100,100
hd0_ep01_dg00_st00.sstg;hd0_ep01_dg01_st00.sstg;hd0_ep01_dg02_st00.sstg,ep01_mb_C_man.mmo,22000016,幸运卡片F,特殊卡,100,100
hd0_ep01_dg02_st01.sstg,ep01_dg03_M_00.mmo,22000012,幸运卡片B,特殊卡,100,33
hd0_ep01_dg02_st01.sstg,ep01_dg03_M_00.mmo,22000013,幸运卡片C,特殊卡,100,34
hd0_ep01_dg02_st01.sstg,ep01_dg03_M_00.mmo,22000014,幸运卡片D,特殊卡,100,33
hd0_ep01_dg02_st01.sstg,ep01_dg02_mb_144_1_03.mmo,13000050,Y10_宠物天使,图片卡,15,100
hd0_ep01_dg02_st01.sstg,ep01_dg02_mb_144_1_02.mmo,13000050,Y10_宠物天使,图片卡,15,100
hd0_ep01_dg02_st01.sstg,ep01_dg02_mb_144_1_01.mmo,13000050,Y10_宠物天使,图片卡,15,100
hd0_ep01_dg02_st01.sstg,ep01_dg02_m_144_1_03.mmo,13000058,Y18_天空之翼,图片卡,12,100
hd0_ep01_dg02_st01.sstg,ep01_dg02_m_144_1_02.mmo,13000058,Y18_天空之翼,图片卡,12,100
hd0_ep01_dg02_st01.sstg,ep01_dg02_m_144_1_01.mmo,13000058,Y18_天空之翼,图片卡,12,100
hd0_ep01_dg02_st01.sstg,ep01_dg02_m_144_1_00.mmo,13000058,Y18_天空之翼,图片卡,12,100
hd0_ep01_dg02_st01.sstg,ep01_dg02_m_06_1_03.mmo,13000057,Y17_天空之翼,图片卡,12,100
hd0_ep01_dg02_st01.sstg,ep01_dg02_m_06_1_02.mmo,13000057,Y17_天空之翼,图片卡,12,100
hd0_ep01_dg02_st01.sstg,ep01_dg02_m_06_1_01.mmo,13000057,Y17_天空之翼,图片卡,12,100
hd0_ep01_dg02_st01.sstg,ep01_dg02_m_06_1_00.mmo,13000057,Y17_天空之翼,图片卡,12,100
hd0_ep01_dg02_st00.sstg,ep01_dg02_M_00.mmo,22000011,幸运卡片A,特殊卡,100,80
hd0_ep01_dg02_st00.sstg,ep01_dg02_M_00.mmo,22000013,幸运卡片C,特殊卡,100,10
hd0_ep01_dg02_st00.sstg,ep01_dg02_M_00.mmo,22000014,幸运卡片D,特殊卡,100,10
hd0_ep01_dg01_st00.sstg,ep01_dg01_mb_00_01.mmo,13000027,O07_宠物天使,图片卡,15,100
hd0_ep01_dg01_st00.sstg,ep01_dg01_mb_00_00.mmo,13000027,O07_宠物天使,图片卡,15,100
hd0_ep01_dg01_st00.sstg,ep01_dg01_M_00.mmo,22000011,幸运卡片A,特殊卡,100,80
hd0_ep01_dg01_st00.sstg,ep01_dg01_M_00.mmo,22000012,幸运卡片B,特殊卡,100,10
hd0_ep01_dg01_st00.sstg,ep01_dg01_M_00.mmo,22000014,幸运卡片D,特殊卡,100,10
hd0_ep01_dg00_st00.sstg,ep01_dg00_mb_36_1_01.mmo,13000026,O06_宠物天使,图片卡,15,100
hd0_ep01_dg00_st00.sstg,ep01_dg00_mb_36_1_00.mmo,13000026,O06_宠物天使,图片卡,15,100
hd0_ep01_dg00_st00.sstg,ep01_dg00_mb_134_1_01.mmo,13000037,O17_宠物天使,图片卡,15,100
hd0_ep01_dg00_st00.sstg,ep01_dg00_mb_134_1_00.mmo,13000037,O17_宠物天使,图片卡,15,100
hd0_ep01_dg00_st00.sstg,ep01_dg00_m_36_1_03.mmo,13000040,O20_食物卡片,图片卡,12,100
hd0_ep01_dg00_st00.sstg,ep01_dg00_m_36_1_02.mmo,13000040,O20_食物卡片,图片卡,12,100
hd0_ep01_dg00_st00.sstg,ep01_dg00_m_36_1_01.mmo,13000040,O20_食物卡片,图片卡,12,100
hd0_ep01_dg00_st00.sstg,ep01_dg00_m_36_1_00.mmo,13000040,O20_食物卡片,图片卡,12,100
hd0_ep01_dg00_st00.sstg,ep01_dg00_M_00.mmo,22000011,幸运卡片A,特殊卡,100,80
hd0_ep01_dg00_st00.sstg,ep01_dg00_M_00.mmo,22000012,幸运卡片B,特殊卡,100,10
hd0_ep01_dg00_st00.sstg,ep01_dg00_M_00.mmo,22000013,幸运卡片C,特殊卡,100,10
hd0_ep00_dg00_st00.sstg;hd0_ep00_dg01_st00.sstg;hd0_ep00_dg02_st00.sstg,ep00_mb_T_00.mmo,22000015,幸运卡片E,特殊卡,100,100
hd0_ep00_dg00_st00.sstg;hd0_ep00_dg01_st00.sstg;hd0_ep00_dg02_st00.sstg;hd0_ep00_dg02_st01.sstg,ep00_mb_R_00.mmo,22000017,幸运卡片G,特殊卡,100,100
hd0_ep00_dg00_st00.sstg;hd0_ep00_dg01_st00.sstg;hd0_ep00_dg02_st00.sstg,ep00_mb_C_woman.mmo,22000016,幸运卡片F,特殊卡,100,100
hd0_ep00_dg00_st00.sstg;hd0_ep00_dg01_st00.sstg;hd0_ep00_dg02_st00.sstg,ep00_mb_C_man.mmo,22000016,幸运卡片F,特殊卡,100,100
hd0_ep00_dg02_st01.sstg,ep00_dg03_M_00.mmo,22000012,幸运卡片B,特殊卡,100,33
hd0_ep00_dg02_st01.sstg,ep00_dg03_M_00.mmo,22000013,幸运卡片C,特殊卡,100,34
hd0_ep00_dg02_st01.sstg,ep00_dg03_M_00.mmo,22000014,幸运卡片D,特殊卡,100,33
hd0_ep00_dg02_st00.sstg,ep00_dg02_M_00.mmo,22000011,幸运卡片A,特殊卡,100,80
hd0_ep00_dg02_st00.sstg,ep00_dg02_M_00.mmo,22000013,幸运卡片C,特殊卡,100,10
hd0_ep00_dg02_st00.sstg,ep00_dg02_M_00.mmo,22000014,幸运卡片D,特殊卡,100,10
hd0_ep00_dg01_st00.sstg,ep00_dg01_M_00.mmo,22000011,幸运卡片A,特殊卡,100,80
hd0_ep00_dg01_st00.sstg,ep00_dg01_M_00.mmo,22000012,幸运卡片B,特殊卡,100,10
hd0_ep00_dg01_st00.sstg,ep00_dg01_M_00.mmo,22000014,幸运卡片D,特殊卡,100,10
hd0_ep00_dg00_st00.sstg,ep00_dg00_M_00.mmo,22000011,幸运卡片A,特殊卡,100,80
hd0_ep00_dg00_st00.sstg,ep00_dg00_M_00.mmo,22000012,幸运卡片B,特殊卡,100,10
hd0_ep00_dg00_st00.sstg,ep00_dg00_M_00.mmo,22000013,幸运卡片C,特殊卡,100,10
hd0_ep04_dg02_st00.sstg,end_ep04_dg02_main_M.bmo,13000139,V19_能力宝石,图片卡,3,30
hd0_ep04_dg02_st00.sstg,end_ep04_dg02_main_M.bmo,13000147,P07_能力宝石,图片卡,3,30
hd0_ep04_dg02_st00.sstg,end_ep04_dg02_main_M.bmo,13000151,P11_宠物天使,图片卡,3,40
hd0_ep04_dg02_st00.sstg,end_ep04_dg02_main_L.bmo,13000139,V19_能力宝石,图片卡,3,30
hd0_ep04_dg02_st00.sstg,end_ep04_dg02_main_L.bmo,13000147,P07_能力宝石,图片卡,3,30
hd0_ep04_dg02_st00.sstg,end_ep04_dg02_main_L.bmo,13000151,P11_宠物天使,图片卡,3,40
hd0_ep04_dg02_st00.sstg,end_ep04_dg02_main.bmo,13000139,V19_能力宝石,图片卡,3,30
hd0_ep04_dg02_st00.sstg,end_ep04_dg02_main.bmo,13000147,P07_能力宝石,图片卡,3,30
hd0_ep04_dg02_st00.sstg,end_ep04_dg02_main.bmo,13000151,P11_宠物天使,图片卡,3,40
hd0_ep04_dg01_st00.sstg,end_ep04_dg01_main_M.bmo,13000121,V01_NaNa秀卡片,图片卡,50,50
hd0_ep04_dg01_st00.sstg,end_ep04_dg01_main_M.bmo,13000142,P02_宠物天使,图片卡,50,20
hd0_ep04_dg01_st00.sstg,end_ep04_dg01_main_M.bmo,13000140,V20_食物卡片,图片卡,50,30
hd0_ep04_dg01_st00.sstg,end_ep04_dg01_main_L.bmo,13000121,V01_NaNa秀卡片,图片卡,50,50
hd0_ep04_dg01_st00.sstg,end_ep04_dg01_main_L.bmo,13000142,P02_宠物天使,图片卡,50,20
hd0_ep04_dg01_st00.sstg,end_ep04_dg01_main_L.bmo,13000140,V20_食物卡片,图片卡,50,30
hd0_ep04_dg01_st00.sstg,end_ep04_dg01_main.bmo,13000121,V01_NaNa秀卡片,图片卡,50,50
hd0_ep04_dg01_st00.sstg,end_ep04_dg01_main.bmo,13000142,P02_宠物天使,图片卡,50,20
hd0_ep04_dg01_st00.sstg,end_ep04_dg01_main.bmo,13000140,V20_食物卡片,图片卡,50,30
hd0_ep04_dg00_st00.sstg,end_ep04_dg00_main_M.bmo,13000132,V12_宠物天使,图片卡,50,40
hd0_ep04_dg00_st00.sstg,end_ep04_dg00_main_M.bmo,13000144,P04_能力宝石,图片卡,50,20
hd0_ep04_dg00_st00.sstg,end_ep04_dg00_main_M.bmo,13000136,V16_NaNa秀卡片,图片卡,50,40
hd0_ep04_dg00_st00.sstg,end_ep04_dg00_main_L.bmo,13000132,V12_宠物天使,图片卡,50,40
hd0_ep04_dg00_st00.sstg,end_ep04_dg00_main_L.bmo,13000144,P04_能力宝石,图片卡,50,20
hd0_ep04_dg00_st00.sstg,end_ep04_dg00_main_L.bmo,13000136,V16_NaNa秀卡片,图片卡,50,40
hd0_ep04_dg00_st00.sstg,end_ep04_dg00_main.bmo,13000132,V12_宠物天使,图片卡,50,40
hd0_ep04_dg00_st00.sstg,end_ep04_dg00_main.bmo,13000144,P04_能力宝石,图片卡,50,20
hd0_ep04_dg00_st00.sstg,end_ep04_dg00_main.bmo,13000136,V16_NaNa秀卡片,图片卡,50,40
hd0_ep04_dg02_st01.sstg,end_ep04_bbm_M.bmo,13000122,V02_宠物天使,图片卡,50,40
hd0_ep04_dg02_st01.sstg,end_ep04_bbm_M.bmo,13000133,V13_宠物天使,图片卡,50,40
hd0_ep04_dg02_st01.sstg,end_ep04_bbm_M.bmo,13000135,V15_能力宝石,图片卡,50,20
hd0_ep04_dg02_st01.sstg,end_ep04_bbm_L.bmo,13000122,V02_宠物天使,图片卡,50,40
hd0_ep04_dg02_st01.sstg,end_ep04_bbm_L.bmo,13000133,V13_宠物天使,图片卡,50,40
hd0_ep04_dg02_st01.sstg,end_ep04_bbm_L.bmo,13000135,V15_能力宝石,图片卡,50,20
hd0_ep04_dg02_st01.sstg,end_ep04_bbm.bmo,13000122,V02_宠物天使,图片卡,50,40
hd0_ep04_dg02_st01.sstg,end_ep04_bbm.bmo,13000133,V13_宠物天使,图片卡,50,40
hd0_ep04_dg02_st01.sstg,end_ep04_bbm.bmo,13000135,V15_能力宝石,图片卡,50,20
hd0_ep02_dg00_st00.sstg,bbm_um_03_M.bmo,13000043,Y03_能力宝石,图片卡,50,50
hd0_ep02_dg00_st00.sstg,bbm_um_03_M.bmo,13000056,Y16_食物卡片,图片卡,50,50
hd0_ep02_dg00_st00.sstg,bbm_um_03_L.bmo,13000043,Y03_能力宝石,图片卡,50,50
hd0_ep02_dg00_st00.sstg,bbm_um_03_L.bmo,13000056,Y16_食物卡片,图片卡,50,50
hd0_ep00_dg02_st00.sstg,bbm_mb_05.bmo,13000016,R16_宠物天使,图片卡,50,51
hd0_ep00_dg02_st00.sstg,bbm_mb_05.bmo,13000002,R02_食物卡片,图片卡,50,49
hd0_ep00_dg02_st01.sstg;hd0_ep01_dg00_st00.sstg;hd0_ep01_dg01_st00.sstg,bbm_03.bmo,13000003,R03_装饰卡片,图片卡,50,50
hd0_ep00_dg02_st01.sstg;hd0_ep01_dg00_st00.sstg;hd0_ep01_dg01_st00.sstg,bbm_03.bmo,13000018,R18_宠物天使,图片卡,50,50
hd0_ep01_dg02_st01.sstg,bbm_01_M.bmo,13000031,O11_能力宝石,图片卡,50,50
hd0_ep01_dg02_st01.sstg,bbm_01_M.bmo,13000049,Y09_宠物天使,图片卡,50,50
hd0_ep01_dg02_st01.sstg,bbm_01_L.bmo,13000031,O11_能力宝石,图片卡,50,50
hd0_ep01_dg02_st01.sstg,bbm_01_L.bmo,13000049,Y09_宠物天使,图片卡,50,50
hd0_ep01_dg02_st01.sstg,bbm_01.bmo,13000031,O11_能力宝石,图片卡,50,50
hd0_ep01_dg02_st01.sstg,bbm_01.bmo,13000049,Y09_宠物天使,图片卡,50,50
hd0_ep02_dg00_st00.sstg,ani_mon_um_03_01.mmo,13000059,Y19_宠物天使,图片卡,12,100
hd0_ep01_dg02_st01.sstg,ani_mon_um_02_01_up.mmo,13000036,O16_能力宝石,图片卡,15,100
hd0_ep01_dg02_st01.sstg,ani_mon_um_02_01_down.mmo,13000036,O16_能力宝石,图片卡,15,100
hd0_ep04_dg02_st00.sstg;hd0_ep04_dg02_st01.sstg,ani_mon_mb_39_02.mmo,13000126,V06_能力宝石,图片卡,5,30
hd0_ep04_dg02_st00.sstg;hd0_ep04_dg02_st01.sstg,ani_mon_mb_39_02.mmo,13000138,V18_宠物天使,图片卡,5,40
hd0_ep04_dg02_st00.sstg;hd0_ep04_dg02_st01.sstg,ani_mon_mb_39_02.mmo,13000152,P12_NaNa秀卡片,图片卡,5,30
hd0_ep04_dg02_st00.sstg;hd0_ep04_dg02_st01.sstg,ani_mon_mb_39_01.mmo,13000126,V06_能力宝石,图片卡,5,30
hd0_ep04_dg02_st00.sstg;hd0_ep04_dg02_st01.sstg,ani_mon_mb_39_01.mmo,13000138,V18_宠物天使,图片卡,5,40
hd0_ep04_dg02_st00.sstg;hd0_ep04_dg02_st01.sstg,ani_mon_mb_39_01.mmo,13000152,P12_NaNa秀卡片,图片卡,5,30
hd0_ep04_dg02_st00.sstg;hd0_ep04_dg02_st01.sstg,ani_mon_mb_38_01.mmo,13000128,V08_装饰卡片,图片卡,5,40
hd0_ep04_dg02_st00.sstg;hd0_ep04_dg02_st01.sstg,ani_mon_mb_38_01.mmo,13000131,V11_能力宝石,图片卡,5,40
hd0_ep04_dg02_st00.sstg;hd0_ep04_dg02_st01.sstg,ani_mon_mb_38_01.mmo,13000149,P09_NaNa秀卡片,图片卡,5,20
hd0_ep04_dg02_st00.sstg;hd0_ep04_dg02_st01.sstg,ani_mon_mb_38_00.mmo,13000128,V08_装饰卡片,图片卡,5,40
hd0_ep04_dg02_st00.sstg;hd0_ep04_dg02_st01.sstg,ani_mon_mb_38_00.mmo,13000131,V11_能力宝石,图片卡,5,40
hd0_ep04_dg02_st00.sstg;hd0_ep04_dg02_st01.sstg,ani_mon_mb_38_00.mmo,13000149,P09_NaNa秀卡片,图片卡,5,20
hd0_ep04_dg01_st00.sstg;hd0_ep04_dg02_st00.sstg;hd0_ep04_dg02_st01.sstg,ani_mon_mb_37_03.mmo,13000146,P06_食物卡片,图片卡,5,100
hd0_ep04_dg01_st00.sstg;hd0_ep04_dg02_st00.sstg;hd0_ep04_dg02_st01.sstg,ani_mon_mb_37_03.mmo,13000132,V12_宠物天使,图片卡,5,40
hd0_ep04_dg01_st00.sstg;hd0_ep04_dg02_st00.sstg;hd0_ep04_dg02_st01.sstg,ani_mon_mb_37_03.mmo,13000136,V16_NaNa秀卡片,图片卡,5,40
hd0_ep04_dg01_st00.sstg;hd0_ep04_dg02_st00.sstg;hd0_ep04_dg02_st01.sstg,ani_mon_mb_37_03.mmo,13000144,P04_能力宝石,图片卡,5,20
hd0_ep04_dg01_st00.sstg;hd0_ep04_dg02_st00.sstg;hd0_ep04_dg02_st01.sstg,ani_mon_mb_37_01.mmo,13000132,V12_宠物天使,图片卡,5,40
hd0_ep04_dg01_st00.sstg;hd0_ep04_dg02_st00.sstg;hd0_ep04_dg02_st01.sstg,ani_mon_mb_37_01.mmo,13000136,V16_NaNa秀卡片,图片卡,5,40
hd0_ep04_dg01_st00.sstg;hd0_ep04_dg02_st00.sstg;hd0_ep04_dg02_st01.sstg,ani_mon_mb_37_01.mmo,13000144,P04_能力宝石,图片卡,5,20
hd0_ep04_dg01_st00.sstg,ani_mon_mb_36_01.mmo,13000127,V07_NaNa秀卡片,图片卡,5,20
hd0_ep04_dg01_st00.sstg,ani_mon_mb_36_01.mmo,13000143,P03_能力宝石,图片卡,5,80
hd0_ep04_dg01_st00.sstg,ani_mon_mb_36_00.mmo,13000127,V07_NaNa秀卡片,图片卡,5,20
hd0_ep04_dg01_st00.sstg,ani_mon_mb_36_00.mmo,13000143,P03_能力宝石,图片卡,5,80
hd0_ep04_dg00_st00.sstg,ani_mon_mb_35_01.mmo,13000139,V19_能力宝石,图片卡,5,30
hd0_ep04_dg00_st00.sstg,ani_mon_mb_35_01.mmo,13000147,P07_能力宝石,图片卡,5,30
hd0_ep04_dg00_st00.sstg,ani_mon_mb_35_01.mmo,13000151,P11_宠物天使,图片卡,5,40
hd0_ep04_dg00_st00.sstg,ani_mon_mb_35_00.mmo,13000139,V19_能力宝石,图片卡,5,30
hd0_ep04_dg00_st00.sstg,ani_mon_mb_35_00.mmo,13000147,P07_能力宝石,图片卡,5,30
hd0_ep04_dg00_st00.sstg,ani_mon_mb_35_00.mmo,13000151,P11_宠物天使,图片卡,5,40
hd0_ep04_dg00_st00.sstg,ani_mon_mb_34_mis01.mmo,13000130,V10_属性宝石,图片卡,5,20
hd0_ep04_dg00_st00.sstg,ani_mon_mb_34_mis01.mmo,13000141,P01_装饰卡片,图片卡,5,80
hd0_ep04_dg00_st00.sstg,ani_mon_mb_34_mis00.mmo,13000130,V10_属性宝石,图片卡,5,20
hd0_ep04_dg00_st00.sstg,ani_mon_mb_34_mis00.mmo,13000141,P01_装饰卡片,图片卡,5,80
hd0_ep04_dg00_st00.sstg,ani_mon_mb_33_04.mmo,13000121,V01_NaNa秀卡片,图片卡,5,50
hd0_ep04_dg00_st00.sstg,ani_mon_mb_33_04.mmo,13000142,P02_宠物天使,图片卡,5,20
hd0_ep04_dg00_st00.sstg,ani_mon_mb_33_04.mmo,13000140,V20_食物卡片,图片卡,5,30
hd0_ep04_dg00_st00.sstg;hd0_ep04_dg01_st00.sstg,ani_mon_mb_33_03.mmo,13000121,V01_NaNa秀卡片,图片卡,5,50
hd0_ep04_dg00_st00.sstg;hd0_ep04_dg01_st00.sstg,ani_mon_mb_33_03.mmo,13000142,P02_宠物天使,图片卡,5,20
hd0_ep04_dg00_st00.sstg;hd0_ep04_dg01_st00.sstg,ani_mon_mb_33_03.mmo,13000140,V20_食物卡片,图片卡,5,30
hd0_ep04_dg00_st00.sstg,ani_mon_mb_33_02.mmo,13000123,V03_天空之翼,图片卡,5,60
hd0_ep04_dg00_st00.sstg,ani_mon_mb_33_02.mmo,13000148,P08_天空之翼,图片卡,5,40
hd0_ep04_dg00_st00.sstg,ani_mon_mb_33_02.mmo,13000121,V01_NaNa秀卡片,图片卡,5,50
hd0_ep04_dg00_st00.sstg,ani_mon_mb_33_02.mmo,13000142,P02_宠物天使,图片卡,5,20
hd0_ep04_dg00_st00.sstg,ani_mon_mb_33_02.mmo,13000140,V20_食物卡片,图片卡,5,30
hd0_ep04_dg01_st00.sstg,ani_mon_mb_33_00.mmo,13000121,V01_NaNa秀卡片,图片卡,5,50
hd0_ep04_dg01_st00.sstg,ani_mon_mb_33_00.mmo,13000142,P02_宠物天使,图片卡,5,20
hd0_ep04_dg01_st00.sstg,ani_mon_mb_33_00.mmo,13000140,V20_食物卡片,图片卡,5,30
hd0_ep03_dg02_st00.sstg,ani_mon_mb_32_01_u.mmo,13000116,B16_能力宝石,图片卡,10,50
hd0_ep03_dg02_st00.sstg,ani_mon_mb_32_01_u.mmo,13000119,B19_NaNa秀卡片,图片卡,10,50
hd0_ep03_dg02_st00.sstg,ani_mon_mb_32_01_d.mmo,13000116,B16_能力宝石,图片卡,10,50
hd0_ep03_dg02_st00.sstg,ani_mon_mb_32_01_d.mmo,13000119,B19_NaNa秀卡片,图片卡,10,50
hd0_ep03_dg02_st00.sstg,ani_mon_mb_31_01_u.mmo,13000091,C11_能力宝石,图片卡,10,50
hd0_ep03_dg02_st00.sstg,ani_mon_mb_31_01_u.mmo,13000125,V05_装饰卡片,图片卡,10,50
hd0_ep03_dg02_st00.sstg,ani_mon_mb_31_01_d.mmo,13000091,C11_能力宝石,图片卡,10,50
hd0_ep03_dg02_st00.sstg,ani_mon_mb_31_01_d.mmo,13000125,V05_装饰卡片,图片卡,10,50
hd0_ep03_dg02_st00.sstg,ani_mon_mb_30_01_up.mmo,13000111,B11_宠物天使,图片卡,10,100
hd0_ep03_dg02_st00.sstg,ani_mon_mb_30_01_down.mmo,13000111,B11_宠物天使,图片卡,10,100
hd0_ep03_dg01_st00.sstg,ani_mon_mb_29_02_up.mmo,13000082,C02_NaNa秀卡片,图片卡,10,50
hd0_ep03_dg01_st00.sstg,ani_mon_mb_29_02_up.mmo,13000098,C18_宠物天使,图片卡,10,50
hd0_ep03_dg01_st00.sstg,ani_mon_mb_29_02_down.mmo,13000082,C02_NaNa秀卡片,图片卡,10,50
hd0_ep03_dg01_st00.sstg,ani_mon_mb_29_02_down.mmo,13000098,C18_宠物天使,图片卡,10,50
hd0_ep03_dg00_st00.sstg,ani_mon_mb_28_01.mmo,13000089,C09_装饰卡片,图片卡,10,50
hd0_ep03_dg00_st00.sstg,ani_mon_mb_28_01.mmo,13000104,B04_能力宝石,图片卡,10,50
hd0_ep03_dg00_st00.sstg,ani_mon_mb_27_1_u.mmo,13000099,C19_宠物天使,图片卡,10,50
hd0_ep03_dg00_st00.sstg,ani_mon_mb_27_1_u.mmo,13000084,C04_装饰卡片,图片卡,10,50
hd0_ep03_dg00_st00.sstg,ani_mon_mb_27_1_d.mmo,13000099,C19_宠物天使,图片卡,10,50
hd0_ep03_dg00_st00.sstg,ani_mon_mb_27_1_d.mmo,13000084,C04_装饰卡片,图片卡,10,50
hd0_ep03_dg00_st00.sstg,ani_mon_mb_26_02.mmo,13000097,C17_NaNa秀卡片,图片卡,10,50
hd0_ep03_dg00_st00.sstg,ani_mon_mb_26_02.mmo,13000086,C06_宠物天使,图片卡,10,50
hd0_ep03_dg00_st00.sstg;hd0_ep03_dg01_st00.sstg,ani_mon_mb_25_1_up.mmo,13000090,C10_能力宝石,图片卡,10,50
hd0_ep03_dg00_st00.sstg;hd0_ep03_dg01_st00.sstg,ani_mon_mb_25_1_up.mmo,13000105,B05_NaNa秀卡片,图片卡,10,50
hd0_ep02_dg02_st00.sstg,ani_mon_mb_23_02.mmo,13000051,Y11_NaNa秀卡片,图片卡,12,50
hd0_ep02_dg02_st00.sstg,ani_mon_mb_23_02.mmo,13000065,G05_能力宝石,图片卡,12,50
hd0_ep02_dg02_st00.sstg,ani_mon_mb_23_01.mmo,13000051,Y11_NaNa秀卡片,图片卡,12,50
hd0_ep02_dg02_st00.sstg,ani_mon_mb_23_01.mmo,13000065,G05_能力宝石,图片卡,12,50
hd0_ep02_dg02_st00.sstg,ani_mon_mb_22_02.mmo,13000064,G04_装饰卡片,图片卡,12,50
hd0_ep02_dg02_st00.sstg,ani_mon_mb_22_02.mmo,13000061,G01_NaNa秀卡片,图片卡,12,50
hd0_ep02_dg02_st00.sstg,ani_mon_mb_22_01.mmo,13000064,G04_装饰卡片,图片卡,12,50
hd0_ep02_dg02_st00.sstg,ani_mon_mb_22_01.mmo,13000061,G01_NaNa秀卡片,图片卡,12,50
hd0_ep02_dg01_st00.sstg,ani_mon_mb_21_02.mmo,13000068,G08_宠物天使,图片卡,12,100
hd0_ep02_dg01_st00.sstg,ani_mon_mb_21_01.mmo,13000068,G08_宠物天使,图片卡,12,100
hd0_ep02_dg01_st00.sstg,ani_mon_mb_20_02.mmo,13000045,Y05_能力宝石,图片卡,12,50
hd0_ep02_dg01_st00.sstg,ani_mon_mb_20_02.mmo,13000041,Y01_装饰卡片,图片卡,12,50
hd0_ep02_dg01_st00.sstg,ani_mon_mb_20_01.mmo,13000045,Y05_能力宝石,图片卡,12,50
hd0_ep02_dg01_st00.sstg,ani_mon_mb_20_01.mmo,13000041,Y01_装饰卡片,图片卡,12,50
hd0_ep02_dg01_st00.sstg,ani_mon_mb_19_01.mmo,13000055,Y15_宠物天使,图片卡,12,100
hd0_ep01_dg02_st00.sstg,ani_mon_mb_18_01_03.mmo,13000038,O18_能力宝石,图片卡,15,100
hd0_ep02_dg00_st00.sstg,ani_mon_mb_17_01_u.mmo,13000067,G07_宠物天使,图片卡,12,100
hd0_ep02_dg00_st00.sstg,ani_mon_mb_17_01_d.mmo,13000067,G07_宠物天使,图片卡,12,100
hd0_ep02_dg02_st00.sstg,ani_mon_mb_16_01_u.mmo,13000076,G16_NaNa秀卡片,图片卡,12,50
hd0_ep02_dg02_st00.sstg,ani_mon_mb_16_01_u.mmo,13000072,G12_装饰卡片,图片卡,12,50
hd0_ep02_dg02_st00.sstg,ani_mon_mb_16_01_d.mmo,13000076,G16_NaNa秀卡片,图片卡,12,50
hd0_ep02_dg02_st00.sstg,ani_mon_mb_16_01_d.mmo,13000072,G12_装饰卡片,图片卡,12,50
hd0_ep01_dg01_st00.sstg,ani_mon_mb_15_04.mmo,13000034,O14_宠物天使,图片卡,15,100
hd0_ep01_dg01_st00.sstg,ani_mon_mb_15_03.mmo,13000034,O14_宠物天使,图片卡,15,100
hd0_ep01_dg01_st00.sstg,ani_mon_mb_15_02.mmo,13000034,O14_宠物天使,图片卡,15,100
hd0_ep01_dg01_st00.sstg,ani_mon_mb_15_01.mmo,13000034,O14_宠物天使,图片卡,15,100
hd0_ep01_dg02_st00.sstg,ani_mon_mb_14_01.mmo,13000029,O09_装饰卡片,图片卡,15,100
hd0_ep01_dg02_st00.sstg,ani_mon_mb_13_02.mmo,13000022,O02_NaNa秀卡片,图片卡,15,100
hd0_ep01_dg02_st00.sstg,ani_mon_mb_13_01.mmo,13000022,O02_NaNa秀卡片,图片卡,15,100
hd0_ep01_dg01_st00.sstg,ani_mon_mb_12_01_up.mmo,13000035,O15_NaNa秀卡片,图片卡,15,100
hd0_ep01_dg01_st00.sstg,ani_mon_mb_12_01_down.mmo,13000035,O15_NaNa秀卡片,图片卡,15,100
hd0_ep01_dg02_st01.sstg,ani_mon_mb_11_01_up.mmo,13000030,O10_NaNa秀卡片,图片卡,15,100
hd0_ep01_dg02_st01.sstg,ani_mon_mb_11_01_down.mmo,13000030,O10_NaNa秀卡片,图片卡,15,100
hd0_ep00_dg02_st00.sstg,ani_mon_mb_10_1_01_u.mmo,13000015,R15_NaNa秀卡片,图片卡,15,100
hd0_ep00_dg02_st00.sstg,ani_mon_mb_10_1_01_d.mmo,13000015,R15_NaNa秀卡片,图片卡,15,100
hd0_ep00_dg01_st00.sstg,ani_mon_mb_10_01_up.mmo,13000012,R12_能力宝石,图片卡,15,100
hd0_ep00_dg02_st00.sstg,ani_mon_mb_09_up.mmo,13000007,R07_宠物天使,图片卡,15,100
hd0_ep00_dg02_st00.sstg,ani_mon_mb_09_down.mmo,13000007,R07_宠物天使,图片卡,15,100
hd0_ep00_dg02_st01.sstg,ani_mon_mb_09_1_01_u.mmo,13000010,R10_能力宝石,图片卡,15,100
hd0_ep00_dg02_st01.sstg,ani_mon_mb_09_1_01_d.mmo,13000010,R10_能力宝石,图片卡,15,100
hd0_ep00_dg00_st00.sstg,ani_mon_mb_08_1_01_u.mmo,13000006,R06_能力宝石,图片卡,15,100
hd0_ep00_dg00_st00.sstg,ani_mon_mb_08_1_01_d.mmo,13000006,R06_能力宝石,图片卡,15,100
hd0_ep00_dg02_st01.sstg,ani_mon_mb_05_1_01.mmo,13000013,R13_NaNa秀卡片,图片卡,15,100
hd0_ep00_dg00_st00.sstg,ani_mon_mb_04_01.mmo,13000004,R04_NaNa秀卡片,图片卡,15,100
hd0_ep02_dg00_st00.sstg,ani_mon_mb_03_02_up.mmo,13000052,Y12_装饰卡片,图片卡,12,50
hd0_ep02_dg00_st00.sstg,ani_mon_mb_03_02_up.mmo,13000053,Y13_NaNa秀卡片,图片卡,12,50
hd0_ep02_dg00_st00.sstg,ani_mon_mb_03_02_d.mmo,13000052,Y12_装饰卡片,图片卡,12,50
hd0_ep02_dg00_st00.sstg,ani_mon_mb_03_02_d.mmo,13000053,Y13_NaNa秀卡片,图片卡,12,50
hd0_ep01_dg00_st00.sstg,ani_mon_mb_02_02.mmo,13000021,O01_装饰卡片,图片卡,15,100
hd0_ep00_dg01_st00.sstg,ani_mon_mb_01_1_01.mmo,13000011,R11_装饰卡片,图片卡,15,100
hd0_ep04_dg02_st00.sstg;hd0_ep04_dg02_st01.sstg,ani_mon_m_39_01.mmo,13000120,B20_食物卡片,图片卡,5,50
hd0_ep04_dg02_st00.sstg;hd0_ep04_dg02_st01.sstg,ani_mon_m_39_01.mmo,12000012,肉弹型 SP +2,SP卡,5,35
hd0_ep04_dg02_st00.sstg;hd0_ep04_dg02_st01.sstg,ani_mon_m_39_01.mmo,12000002,炮弹型 SP +2,SP卡,5,15
hd0_ep04_dg02_st00.sstg;hd0_ep04_dg02_st01.sstg,ani_mon_m_39_00.mmo,13000120,B20_食物卡片,图片卡,5,50
hd0_ep04_dg02_st00.sstg;hd0_ep04_dg02_st01.sstg,ani_mon_m_39_00.mmo,12000012,肉弹型 SP +2,SP卡,5,35
hd0_ep04_dg02_st00.sstg;hd0_ep04_dg02_st01.sstg,ani_mon_m_39_00.mmo,12000002,炮弹型 SP +2,SP卡,5,15
hd0_ep04_dg02_st00.sstg;hd0_ep04_dg02_st01.sstg,ani_mon_m_38_04.mmo,13000140,V20_食物卡片,图片卡,5,100
hd0_ep04_dg02_st00.sstg;hd0_ep04_dg02_st01.sstg,ani_mon_m_38_03.mmo,13000140,V20_食物卡片,图片卡,5,100
hd0_ep04_dg02_st00.sstg;hd0_ep04_dg02_st01.sstg,ani_mon_m_38_02.mmo,13000140,V20_食物卡片,图片卡,5,100
hd0_ep04_dg02_st00.sstg;hd0_ep04_dg02_st01.sstg,ani_mon_m_38_01.mmo,13000140,V20_食物卡片,图片卡,5,100
hd0_ep04_dg02_st00.sstg;hd0_ep04_dg02_st01.sstg,ani_mon_m_38_00.mmo,13000140,V20_食物卡片,图片卡,5,100
hd0_ep04_dg01_st00.sstg;hd0_ep04_dg02_st00.sstg;hd0_ep04_dg02_st01.sstg,ani_mon_m_37_03.mmo,13000146,P06_食物卡片,图片卡,5,100
hd0_ep04_dg01_st00.sstg;hd0_ep04_dg02_st00.sstg;hd0_ep04_dg02_st01.sstg,ani_mon_m_37_02.mmo,13000146,P06_食物卡片,图片卡,5,100
hd0_ep04_dg01_st00.sstg;hd0_ep04_dg02_st00.sstg;hd0_ep04_dg02_st01.sstg,ani_mon_m_37_01.mmo,13000146,P06_食物卡片,图片卡,5,100
hd0_ep04_dg01_st00.sstg;hd0_ep04_dg02_st00.sstg;hd0_ep04_dg02_st01.sstg,ani_mon_m_37_00.mmo,13000146,P06_食物卡片,图片卡,5,100
hd0_ep04_dg01_st00.sstg,ani_mon_m_36_03.mmo,13000129,V09_食物卡片,图片卡,5,70
hd0_ep04_dg01_st00.sstg,ani_mon_m_36_03.mmo,13000154,P14_天空之翼,图片卡,5,30
hd0_ep04_dg01_st00.sstg,ani_mon_m_36_02.mmo,13000129,V09_食物卡片,图片卡,5,70
hd0_ep04_dg01_st00.sstg,ani_mon_m_36_02.mmo,13000154,P14_天空之翼,图片卡,5,30
hd0_ep04_dg01_st00.sstg,ani_mon_m_36_01.mmo,13000129,V09_食物卡片,图片卡,5,70
hd0_ep04_dg01_st00.sstg,ani_mon_m_36_01.mmo,13000154,P14_天空之翼,图片卡,5,30
hd0_ep04_dg01_st00.sstg,ani_mon_m_36_00.mmo,13000129,V09_食物卡片,图片卡,5,70
hd0_ep04_dg01_st00.sstg,ani_mon_m_36_00.mmo,13000154,P14_天空之翼,图片卡,5,30
hd0_ep04_dg00_st00.sstg,ani_mon_m_35_03.mmo,13000124,V04_食物卡片,图片卡,5,50
hd0_ep04_dg00_st00.sstg,ani_mon_m_35_03.mmo,12000012,肉弹型 SP +2,SP卡,5,35
hd0_ep04_dg00_st00.sstg,ani_mon_m_35_03.mmo,12000002,炮弹型 SP +2,SP卡,5,15
hd0_ep04_dg00_st00.sstg,ani_mon_m_35_00.mmo,13000124,V04_食物卡片,图片卡,5,50
hd0_ep04_dg00_st00.sstg,ani_mon_m_35_00.mmo,12000012,肉弹型 SP +2,SP卡,5,35
hd0_ep04_dg00_st00.sstg,ani_mon_m_35_00.mmo,12000002,炮弹型 SP +2,SP卡,5,15
hd0_ep04_dg00_st00.sstg,ani_mon_m_34_01.mmo,13000123,V03_天空之翼,图片卡,5,60
hd0_ep04_dg00_st00.sstg,ani_mon_m_34_01.mmo,13000148,P08_天空之翼,图片卡,5,40
hd0_ep04_dg00_st00.sstg,ani_mon_m_34_00.mmo,13000123,V03_天空之翼,图片卡,5,60
hd0_ep04_dg00_st00.sstg,ani_mon_m_34_00.mmo,13000148,P08_天空之翼,图片卡,5,40
hd0_ep04_dg00_st00.sstg;hd0_ep04_dg01_st00.sstg,ani_mon_m_33_06.mmo,13000137,V17_天空之翼,图片卡,5,52
hd0_ep04_dg00_st00.sstg;hd0_ep04_dg01_st00.sstg,ani_mon_m_33_06.mmo,13000145,P05_天空之翼,图片卡,5,48
hd0_ep04_dg00_st00.sstg;hd0_ep04_dg01_st00.sstg,ani_mon_m_33_05_01.mmo,13000137,V17_天空之翼,图片卡,5,52
hd0_ep04_dg00_st00.sstg;hd0_ep04_dg01_st00.sstg,ani_mon_m_33_05_01.mmo,13000145,P05_天空之翼,图片卡,5,48
hd0_ep04_dg00_st00.sstg;hd0_ep04_dg01_st00.sstg,ani_mon_m_33_05_00.mmo,13000137,V17_天空之翼,图片卡,5,52
hd0_ep04_dg00_st00.sstg;hd0_ep04_dg01_st00.sstg,ani_mon_m_33_05_00.mmo,13000145,P05_天空之翼,图片卡,5,48
hd0_ep04_dg00_st00.sstg;hd0_ep04_dg01_st00.sstg,ani_mon_m_33_03.mmo,13000137,V17_天空之翼,图片卡,5,52
hd0_ep04_dg00_st00.sstg;hd0_ep04_dg01_st00.sstg,ani_mon_m_33_03.mmo,13000145,P05_天空之翼,图片卡,5,48
hd0_ep04_dg00_st00.sstg,ani_mon_m_33_02.mmo,13000137,V17_天空之翼,图片卡,5,52
hd0_ep04_dg00_st00.sstg,ani_mon_m_33_02.mmo,13000145,P05_天空之翼,图片卡,5,48
hd0_ep03_dg02_st00.sstg,ani_mon_m_32_03_up.mmo,13000100,C20_食物卡片,图片卡,12,50
hd0_ep03_dg02_st00.sstg,ani_mon_m_32_03_up.mmo,13000120,B20_食物卡片,图片卡,12,50
hd0_ep03_dg02_st00.sstg,ani_mon_m_32_03_down.mmo,13000100,C20_食物卡片,图片卡,12,50
hd0_ep03_dg02_st00.sstg,ani_mon_m_32_03_down.mmo,13000120,B20_食物卡片,图片卡,12,50
hd0_ep03_dg02_st00.sstg,ani_mon_m_32_02_02.mmo,13000100,C20_食物卡片,图片卡,12,50
hd0_ep03_dg02_st00.sstg,ani_mon_m_32_02_02.mmo,13000120,B20_食物卡片,图片卡,12,50
hd0_ep03_dg02_st00.sstg,ani_mon_m_32_02_01.mmo,13000100,C20_食物卡片,图片卡,12,50
hd0_ep03_dg02_st00.sstg,ani_mon_m_32_02_01.mmo,13000120,B20_食物卡片,图片卡,12,50
hd0_ep03_dg02_st00.sstg,ani_mon_m_32_02.mmo,13000100,C20_食物卡片,图片卡,12,50
hd0_ep03_dg02_st00.sstg,ani_mon_m_32_02.mmo,13000120,B20_食物卡片,图片卡,12,50
hd0_ep03_dg02_st00.sstg,ani_mon_m_32_01_02.mmo,13000100,C20_食物卡片,图片卡,12,50
hd0_ep03_dg02_st00.sstg,ani_mon_m_32_01_02.mmo,13000120,B20_食物卡片,图片卡,12,50
hd0_ep03_dg02_st00.sstg,ani_mon_m_32_01_01.mmo,13000100,C20_食物卡片,图片卡,12,50
hd0_ep03_dg02_st00.sstg,ani_mon_m_32_01_01.mmo,13000120,B20_食物卡片,图片卡,12,50
hd0_ep03_dg02_st00.sstg,ani_mon_m_32_01.mmo,13000100,C20_食物卡片,图片卡,12,50
hd0_ep03_dg02_st00.sstg,ani_mon_m_32_01.mmo,13000120,B20_食物卡片,图片卡,12,50
hd0_ep03_dg02_st00.sstg,ani_mon_m_31_03_up.mmo,13000103,B03_食物卡片,图片卡,12,50
hd0_ep03_dg02_st00.sstg,ani_mon_m_31_03_up.mmo,13000120,B20_食物卡片,图片卡,12,50
hd0_ep03_dg02_st00.sstg,ani_mon_m_31_03_down.mmo,13000103,B03_食物卡片,图片卡,12,50
hd0_ep03_dg02_st00.sstg,ani_mon_m_31_03_down.mmo,13000120,B20_食物卡片,图片卡,12,50
hd0_ep03_dg02_st00.sstg,ani_mon_m_31_02_up.mmo,13000103,B03_食物卡片,图片卡,12,50
hd0_ep03_dg02_st00.sstg,ani_mon_m_31_02_up.mmo,13000120,B20_食物卡片,图片卡,12,50
hd0_ep03_dg02_st00.sstg,ani_mon_m_31_02_down.mmo,13000103,B03_食物卡片,图片卡,12,50
hd0_ep03_dg02_st00.sstg,ani_mon_m_31_02_down.mmo,13000120,B20_食物卡片,图片卡,12,50
hd0_ep03_dg02_st00.sstg,ani_mon_m_31_01_up.mmo,13000103,B03_食物卡片,图片卡,12,50
hd0_ep03_dg02_st00.sstg,ani_mon_m_31_01_up.mmo,13000120,B20_食物卡片,图片卡,12,50
hd0_ep03_dg02_st00.sstg,ani_mon_m_31_01_down.mmo,13000103,B03_食物卡片,图片卡,12,50
hd0_ep03_dg02_st00.sstg,ani_mon_m_31_01_down.mmo,13000120,B20_食物卡片,图片卡,12,50
hd0_ep03_dg01_st00.sstg;hd0_ep03_dg02_st00.sstg,ani_mon_m_30_03_up.mmo,13000113,B13_天空之翼,图片卡,8,100
hd0_ep03_dg01_st00.sstg;hd0_ep03_dg02_st00.sstg,ani_mon_m_30_03_down.mmo,13000113,B13_天空之翼,图片卡,8,100
hd0_ep03_dg01_st00.sstg;hd0_ep03_dg02_st00.sstg,ani_mon_m_30_02_up.mmo,13000113,B13_天空之翼,图片卡,8,100
hd0_ep03_dg01_st00.sstg;hd0_ep03_dg02_st00.sstg,ani_mon_m_30_02_down.mmo,13000113,B13_天空之翼,图片卡,8,100
hd0_ep03_dg02_st00.sstg,ani_mon_m_30_01_up.mmo,13000113,B13_天空之翼,图片卡,8,100
hd0_ep03_dg02_st00.sstg,ani_mon_m_30_01_down.mmo,13000113,B13_天空之翼,图片卡,8,100
hd0_ep03_dg01_st00.sstg,ani_mon_m_29_03_up.mmo,13000134,V14_天空之翼,图片卡,8,50
hd0_ep03_dg01_st00.sstg,ani_mon_m_29_03_up.mmo,12000002,炮弹型 SP +2,SP卡,8,35
hd0_ep03_dg01_st00.sstg,ani_mon_m_29_03_up.mmo,12000012,肉弹型 SP +2,SP卡,8,15
hd0_ep03_dg01_st00.sstg,ani_mon_m_29_03_down.mmo,13000134,V14_天空之翼,图片卡,8,50
hd0_ep03_dg01_st00.sstg,ani_mon_m_29_03_down.mmo,12000002,炮弹型 SP +2,SP卡,8,35
hd0_ep03_dg01_st00.sstg,ani_mon_m_29_03_down.mmo,12000012,肉弹型 SP +2,SP卡,8,15
hd0_ep03_dg01_st00.sstg,ani_mon_m_29_02_up.mmo,13000134,V14_天空之翼,图片卡,8,50
hd0_ep03_dg01_st00.sstg,ani_mon_m_29_02_up.mmo,12000002,炮弹型 SP +2,SP卡,8,35
hd0_ep03_dg01_st00.sstg,ani_mon_m_29_02_up.mmo,12000012,肉弹型 SP +2,SP卡,8,15
hd0_ep03_dg01_st00.sstg,ani_mon_m_29_02_down.mmo,13000134,V14_天空之翼,图片卡,8,50
hd0_ep03_dg01_st00.sstg,ani_mon_m_29_02_down.mmo,12000002,炮弹型 SP +2,SP卡,8,35
hd0_ep03_dg01_st00.sstg,ani_mon_m_29_02_down.mmo,12000012,肉弹型 SP +2,SP卡,8,15
hd0_ep03_dg01_st00.sstg,ani_mon_m_29_01_up.mmo,13000134,V14_天空之翼,图片卡,8,50
hd0_ep03_dg01_st00.sstg,ani_mon_m_29_01_up.mmo,12000002,炮弹型 SP +2,SP卡,8,35
hd0_ep03_dg01_st00.sstg,ani_mon_m_29_01_up.mmo,12000012,肉弹型 SP +2,SP卡,8,15
hd0_ep03_dg01_st00.sstg,ani_mon_m_29_01_down.mmo,13000134,V14_天空之翼,图片卡,8,50
hd0_ep03_dg01_st00.sstg,ani_mon_m_29_01_down.mmo,12000002,炮弹型 SP +2,SP卡,8,35
hd0_ep03_dg01_st00.sstg,ani_mon_m_29_01_down.mmo,12000012,肉弹型 SP +2,SP卡,8,15
hd0_ep03_dg00_st00.sstg,ani_mon_m_28_02_up.mmo,13000085,C05_食物卡片,图片卡,8,100
hd0_ep03_dg00_st00.sstg,ani_mon_m_28_02.mmo,13000085,C05_食物卡片,图片卡,8,100
hd0_ep03_dg00_st00.sstg;hd0_ep03_dg01_st00.sstg,ani_mon_m_28_01_up.mmo,13000085,C05_食物卡片,图片卡,8,100
hd0_ep03_dg00_st00.sstg;hd0_ep03_dg01_st00.sstg,ani_mon_m_28_01.mmo,13000085,C05_食物卡片,图片卡,8,100
hd0_ep03_dg01_st00.sstg,ani_mon_m_27_03_up.mmo,13000095,C15_食物卡片,图片卡,8,100
hd0_ep03_dg01_st00.sstg,ani_mon_m_27_03_down.mmo,13000095,C15_食物卡片,图片卡,8,100
hd0_ep03_dg01_st00.sstg,ani_mon_m_27_02_up.mmo,13000095,C15_食物卡片,图片卡,8,100
hd0_ep03_dg01_st00.sstg,ani_mon_m_27_02_down.mmo,13000095,C15_食物卡片,图片卡,8,100
hd0_ep03_dg00_st00.sstg;hd0_ep03_dg01_st00.sstg,ani_mon_m_27_01.mmo,13000095,C15_食物卡片,图片卡,8,100
hd0_ep03_dg00_st00.sstg,ani_mon_m_26_00_01.mmo,13000118,B18_天空之翼,图片卡,8,100
hd0_ep03_dg00_st00.sstg;hd0_ep03_dg01_st00.sstg,ani_mon_m_25_01_02.mmo,13000095,C15_食物卡片,图片卡,8,50
hd0_ep03_dg00_st00.sstg;hd0_ep03_dg01_st00.sstg,ani_mon_m_25_01_02.mmo,12000002,炮弹型 SP +2,SP卡,8,35
hd0_ep03_dg00_st00.sstg;hd0_ep03_dg01_st00.sstg,ani_mon_m_25_01_02.mmo,12000012,肉弹型 SP +2,SP卡,8,15
hd0_ep03_dg00_st00.sstg;hd0_ep03_dg01_st00.sstg,ani_mon_m_25_01_01.mmo,13000095,C15_食物卡片,图片卡,8,50
hd0_ep03_dg00_st00.sstg;hd0_ep03_dg01_st00.sstg,ani_mon_m_25_01_01.mmo,12000002,炮弹型 SP +2,SP卡,8,35
hd0_ep03_dg00_st00.sstg;hd0_ep03_dg01_st00.sstg,ani_mon_m_25_01_01.mmo,12000012,肉弹型 SP +2,SP卡,8,15
hd0_ep02_dg02_st00.sstg,ani_mon_m_23_02.mmo,13000063,G03_天空之翼,图片卡,10,100
hd0_ep02_dg02_st00.sstg,ani_mon_m_23_01.mmo,13000063,G03_天空之翼,图片卡,10,100
hd0_ep02_dg02_st00.sstg,ani_mon_m_22_03_01.mmo,13000062,G02_食物卡片,图片卡,10,100
hd0_ep02_dg02_st00.sstg,ani_mon_m_22_03.mmo,13000062,G02_食物卡片,图片卡,10,100
hd0_ep02_dg02_st00.sstg,ani_mon_m_22_02_01.mmo,13000062,G02_食物卡片,图片卡,10,100
hd0_ep02_dg02_st00.sstg,ani_mon_m_22_02.mmo,13000062,G02_食物卡片,图片卡,10,100
hd0_ep02_dg02_st00.sstg,ani_mon_m_22_01.mmo,13000062,G02_食物卡片,图片卡,10,100
hd0_ep02_dg01_st00.sstg;hd0_ep02_dg02_st01.sstg,ani_mon_m_21_01.mmo,13000079,G19_天空之翼,图片卡,10,100
hd0_ep02_dg01_st00.sstg;hd0_ep02_dg02_st01.sstg,ani_mon_m_20_03.mmo,13000056,Y16_食物卡片,图片卡,10,50
hd0_ep02_dg01_st00.sstg;hd0_ep02_dg02_st01.sstg,ani_mon_m_20_03.mmo,12000011,肉弹型 SP +1,SP卡,10,50
hd0_ep02_dg01_st00.sstg,ani_mon_m_20_02.mmo,13000056,Y16_食物卡片,图片卡,10,50
hd0_ep02_dg01_st00.sstg,ani_mon_m_20_02.mmo,12000011,肉弹型 SP +1,SP卡,10,50
hd0_ep02_dg01_st00.sstg,ani_mon_m_20_01.mmo,13000056,Y16_食物卡片,图片卡,10,50
hd0_ep02_dg01_st00.sstg,ani_mon_m_20_01.mmo,12000011,肉弹型 SP +1,SP卡,10,50
hd0_ep02_dg01_st00.sstg,ani_mon_m_19_02.mmo,13000074,G14_天空之翼,图片卡,10,100
hd0_ep02_dg01_st00.sstg,ani_mon_m_19_01_03.mmo,13000074,G14_天空之翼,图片卡,10,100
hd0_ep02_dg01_st00.sstg,ani_mon_m_19_01.mmo,13000074,G14_天空之翼,图片卡,10,100
hd0_ep01_dg02_st00.sstg,ani_mon_m_18_03.mmo,13000044,Y04_食物卡片,图片卡,12,100
hd0_ep01_dg02_st00.sstg,ani_mon_m_18_02.mmo,13000044,Y04_食物卡片,图片卡,12,100
hd0_ep01_dg02_st00.sstg,ani_mon_m_18_01.mmo,13000044,Y04_食物卡片,图片卡,12,100
hd0_ep02_dg00_st00.sstg,ani_mon_m_17_02.mmo,13000075,G15_食物卡片,图片卡,10,100
hd0_ep02_dg00_st00.sstg,ani_mon_m_17_01.mmo,13000075,G15_食物卡片,图片卡,10,100
hd0_ep02_dg02_st00.sstg,ani_mon_m_16_03.mmo,13000060,Y20_食物卡片,图片卡,10,100
hd0_ep02_dg02_st00.sstg,ani_mon_m_16_02.mmo,13000060,Y20_食物卡片,图片卡,10,100
hd0_ep01_dg01_st00.sstg,ani_mon_m_15_01_06.mmo,13000023,O03_天空之翼,图片卡,12,100
hd0_ep01_dg01_st00.sstg,ani_mon_m_15_01_04.mmo,13000023,O03_天空之翼,图片卡,12,100
hd0_ep01_dg01_st00.sstg,ani_mon_m_15_01_03.mmo,13000023,O03_天空之翼,图片卡,12,100
hd0_ep01_dg01_st00.sstg,ani_mon_m_15_01_02.mmo,13000023,O03_天空之翼,图片卡,12,100
hd0_ep01_dg01_st00.sstg,ani_mon_m_15_01_01.mmo,13000023,O03_天空之翼,图片卡,12,100
hd0_ep01_dg02_st00.sstg,ani_mon_m_14_08.mmo,13000025,O05_食物卡片,图片卡,12,100
hd0_ep01_dg02_st00.sstg,ani_mon_m_14_06.mmo,13000025,O05_食物卡片,图片卡,12,100
hd0_ep01_dg02_st00.sstg,ani_mon_m_14_05.mmo,13000025,O05_食物卡片,图片卡,12,100
hd0_ep01_dg02_st00.sstg,ani_mon_m_14_04.mmo,13000025,O05_食物卡片,图片卡,12,100
hd0_ep01_dg02_st00.sstg,ani_mon_m_14_03.mmo,13000025,O05_食物卡片,图片卡,12,100
hd0_ep01_dg02_st00.sstg,ani_mon_m_14_02.mmo,13000025,O05_食物卡片,图片卡,12,100
hd0_ep01_dg02_st00.sstg,ani_mon_m_14_01.mmo,13000025,O05_食物卡片,图片卡,12,100
hd0_ep01_dg02_st00.sstg,ani_mon_m_13_04.mmo,13000047,Y07_天空之翼,图片卡,12,100
hd0_ep01_dg02_st00.sstg,ani_mon_m_13_03.mmo,13000047,Y07_天空之翼,图片卡,12,100
hd0_ep01_dg02_st00.sstg,ani_mon_m_13_02.mmo,13000047,Y07_天空之翼,图片卡,12,100
hd0_ep01_dg02_st00.sstg,ani_mon_m_13_01.mmo,13000047,Y07_天空之翼,图片卡,12,100
hd0_ep01_dg01_st00.sstg,ani_mon_m_12_05.mmo,13000028,O08_天空之翼,图片卡,12,100
hd0_ep01_dg01_st00.sstg,ani_mon_m_12_04.mmo,13000028,O08_天空之翼,图片卡,12,100
hd0_ep01_dg01_st00.sstg,ani_mon_m_12_03.mmo,13000028,O08_天空之翼,图片卡,12,100
hd0_ep01_dg02_st01.sstg,ani_mon_m_11_04_03.mmo,13000046,Y06_天空之翼,图片卡,12,100
hd0_ep01_dg02_st01.sstg,ani_mon_m_11_04_02.mmo,13000046,Y06_天空之翼,图片卡,12,100
hd0_ep00_dg02_st00.sstg,ani_mon_m_10_1_03.mmo,13000014,R14_食物卡片,图片卡,12,100
hd0_ep00_dg02_st00.sstg,ani_mon_m_10_1_02_u.mmo,13000014,R14_食物卡片,图片卡,12,100
hd0_ep00_dg02_st00.sstg,ani_mon_m_10_1_02_d.mmo,13000014,R14_食物卡片,图片卡,12,100
hd0_ep00_dg02_st00.sstg,ani_mon_m_10_1_01.mmo,13000014,R14_食物卡片,图片卡,12,100
hd0_ep00_dg01_st00.sstg,ani_mon_m_10_03_up.mmo,13000017,R17_天空之翼,图片卡,12,100
hd0_ep00_dg01_st00.sstg,ani_mon_m_10_03_down.mmo,13000017,R17_天空之翼,图片卡,12,100
hd0_ep00_dg01_st00.sstg,ani_mon_m_10_02_up.mmo,13000017,R17_天空之翼,图片卡,12,100
hd0_ep00_dg01_st00.sstg,ani_mon_m_10_02_down.mmo,13000017,R17_天空之翼,图片卡,12,100
hd0_ep00_dg01_st00.sstg,ani_mon_m_10_01.mmo,13000017,R17_天空之翼,图片卡,12,100
hd0_ep00_dg02_st01.sstg,ani_mon_m_09_1_02_u.mmo,13000019,R19_天空之翼,图片卡,12,100
hd0_ep00_dg02_st01.sstg,ani_mon_m_09_1_02_d.mmo,13000019,R19_天空之翼,图片卡,12,100
hd0_ep00_dg02_st01.sstg,ani_mon_m_09_1_01_u.mmo,13000019,R19_天空之翼,图片卡,12,100
hd0_ep00_dg02_st01.sstg,ani_mon_m_09_1_01_d.mmo,13000019,R19_天空之翼,图片卡,12,100
hd0_ep00_dg02_st00.sstg,ani_mon_m_09_02_up.mmo,13000009,R09_天空之翼,图片卡,12,100
hd0_ep00_dg02_st00.sstg,ani_mon_m_09_02_down.mmo,13000009,R09_天空之翼,图片卡,12,100
hd0_ep00_dg02_st00.sstg,ani_mon_m_09_01_up.mmo,13000009,R09_天空之翼,图片卡,12,100
hd0_ep00_dg02_st00.sstg,ani_mon_m_09_01_down.mmo,13000009,R09_天空之翼,图片卡,12,100
hd0_ep00_dg00_st00.sstg,ani_mon_m_08_1_02_u.mmo,13000009,R09_天空之翼,图片卡,12,100
hd0_ep00_dg00_st00.sstg,ani_mon_m_08_1_02_d.mmo,13000009,R09_天空之翼,图片卡,12,100
hd0_ep00_dg00_st00.sstg,ani_mon_m_08_1_01.mmo,13000009,R09_天空之翼,图片卡,12,100
hd0_ep00_dg00_st00.sstg,ani_mon_m_08_07_07.mmo,13000002,R02_食物卡片,图片卡,12,100
hd0_ep00_dg00_st00.sstg,ani_mon_m_08_07_06.mmo,13000002,R02_食物卡片,图片卡,12,100
hd0_ep00_dg00_st00.sstg,ani_mon_m_08_07_05.mmo,13000002,R02_食物卡片,图片卡,12,100
hd0_ep00_dg00_st00.sstg,ani_mon_m_08_07_04.mmo,13000002,R02_食物卡片,图片卡,12,100
hd0_ep00_dg00_st00.sstg,ani_mon_m_08_07_03.mmo,13000002,R02_食物卡片,图片卡,12,100
hd0_ep00_dg00_st00.sstg,ani_mon_m_08_07_02.mmo,13000002,R02_食物卡片,图片卡,12,100
hd0_ep00_dg00_st00.sstg,ani_mon_m_08_07_01.mmo,13000002,R02_食物卡片,图片卡,12,100
hd0_ep00_dg00_st00.sstg,ani_mon_m_08_06.mmo,13000002,R02_食物卡片,图片卡,12,100
hd0_ep00_dg00_st00.sstg,ani_mon_m_08_03.mmo,13000002,R02_食物卡片,图片卡,12,100
hd0_ep00_dg00_st00.sstg,ani_mon_m_08_02.mmo,13000002,R02_食物卡片,图片卡,12,100
hd0_ep00_dg00_st00.sstg,ani_mon_m_08_01.mmo,13000002,R02_食物卡片,图片卡,12,100
hd0_ep01_dg01_st00.sstg,ani_mon_m_07_02.mmo,13000039,O19_天空之翼,图片卡,12,100
hd0_ep01_dg01_st00.sstg,ani_mon_m_07_01.mmo,13000039,O19_天空之翼,图片卡,12,100
hd0_ep01_dg00_st00.sstg,ani_mon_m_06_01_up.mmo,13000044,Y04_食物卡片,图片卡,12,50
hd0_ep01_dg00_st00.sstg,ani_mon_m_06_01_up.mmo,12000001,炮弹型 SP +1,SP卡,12,35
hd0_ep01_dg00_st00.sstg,ani_mon_m_06_01_up.mmo,12000011,肉弹型 SP +1,SP卡,12,15
hd0_ep01_dg00_st00.sstg,ani_mon_m_06_01_down.mmo,13000044,Y04_食物卡片,图片卡,12,50
hd0_ep01_dg00_st00.sstg,ani_mon_m_06_01_down.mmo,12000001,炮弹型 SP +1,SP卡,12,35
hd0_ep01_dg00_st00.sstg,ani_mon_m_06_01_down.mmo,12000011,肉弹型 SP +1,SP卡,12,15
hd0_ep00_dg02_st01.sstg,ani_mon_m_05_1_02.mmo,13000020,R20_食物卡片,图片卡,12,100
hd0_ep00_dg02_st01.sstg,ani_mon_m_05_1_01.mmo,13000020,R20_食物卡片,图片卡,12,100
hd0_ep00_dg02_st00.sstg,ani_mon_m_05_02.mmo,13000033,O13_天空之翼,图片卡,12,100
hd0_ep00_dg02_st00.sstg,ani_mon_m_05_01.mmo,13000033,O13_天空之翼,图片卡,12,100
hd0_ep00_dg00_st00.sstg,ani_mon_m_04_02_up.mmo,13000001,R01_天空之翼,图片卡,12,100
hd0_ep00_dg00_st00.sstg,ani_mon_m_04_02_down.mmo,13000001,R01_天空之翼,图片卡,12,100
hd0_ep00_dg00_st00.sstg,ani_mon_m_04_01.mmo,13000001,R01_天空之翼,图片卡,12,100
hd0_ep02_dg00_st00.sstg;hd0_ep02_dg02_st01.sstg,ani_mon_m_03_05_01.mmo,13000080,G20_食物卡片,图片卡,10,50
hd0_ep02_dg00_st00.sstg;hd0_ep02_dg02_st01.sstg,ani_mon_m_03_05_01.mmo,12000011,肉弹型 SP +1,SP卡,10,35
hd0_ep02_dg00_st00.sstg;hd0_ep02_dg02_st01.sstg,ani_mon_m_03_05_01.mmo,12000001,炮弹型 SP +1,SP卡,10,15
hd0_ep02_dg00_st00.sstg;hd0_ep02_dg02_st01.sstg,ani_mon_m_03_05_00.mmo,13000080,G20_食物卡片,图片卡,10,50
hd0_ep02_dg00_st00.sstg;hd0_ep02_dg02_st01.sstg,ani_mon_m_03_05_00.mmo,12000011,肉弹型 SP +1,SP卡,10,35
hd0_ep02_dg00_st00.sstg;hd0_ep02_dg02_st01.sstg,ani_mon_m_03_05_00.mmo,12000001,炮弹型 SP +1,SP卡,10,15
hd0_ep02_dg00_st00.sstg,ani_mon_m_03_03.mmo,13000080,G20_食物卡片,图片卡,10,50
hd0_ep02_dg00_st00.sstg,ani_mon_m_03_03.mmo,12000011,肉弹型 SP +1,SP卡,10,35
hd0_ep02_dg00_st00.sstg,ani_mon_m_03_03.mmo,12000001,炮弹型 SP +1,SP卡,10,15
hd0_ep02_dg00_st00.sstg,ani_mon_m_03_01.mmo,13000080,G20_食物卡片,图片卡,10,50
hd0_ep02_dg00_st00.sstg,ani_mon_m_03_01.mmo,12000011,肉弹型 SP +1,SP卡,10,35
hd0_ep02_dg00_st00.sstg,ani_mon_m_03_01.mmo,12000001,炮弹型 SP +1,SP卡,10,15
hd0_ep01_dg00_st00.sstg,ani_mon_m_02_02_up.mmo,13000032,O12_食物卡片,图片卡,12,100
hd0_ep01_dg00_st00.sstg,ani_mon_m_02_02_down.mmo,13000032,O12_食物卡片,图片卡,12,100
hd0_ep01_dg00_st00.sstg,ani_mon_m_02_01_up.mmo,13000032,O12_食物卡片,图片卡,12,100
hd0_ep01_dg00_st00.sstg,ani_mon_m_02_01_down.mmo,13000032,O12_食物卡片,图片卡,12,100
hd0_ep00_dg01_st00.sstg,ani_mon_m_01_1_03.mmo,13000014,R14_食物卡片,图片卡,12,100
hd0_ep00_dg01_st00.sstg,ani_mon_m_01_1_02.mmo,13000014,R14_食物卡片,图片卡,12,100
hd0_ep00_dg01_st00.sstg,ani_mon_m_01_1_01_u.mmo,13000014,R14_食物卡片,图片卡,12,100
hd0_ep00_dg01_st00.sstg,ani_mon_m_01_1_01_d.mmo,13000014,R14_食物卡片,图片卡,12,100
hd0_ep00_dg01_st00.sstg,ani_mon_m_01_04.mmo,13000002,R02_食物卡片,图片卡,12,100
hd0_ep00_dg01_st00.sstg,ani_mon_m_01_02_up.mmo,13000002,R02_食物卡片,图片卡,12,100
hd0_ep00_dg01_st00.sstg,ani_mon_m_01_02_down.mmo,13000002,R02_食物卡片,图片卡,12,100
hd0_ep00_dg01_st00.sstg,ani_mon_m_01_01_up.mmo,13000002,R02_食物卡片,图片卡,12,100
hd0_ep00_dg01_st00.sstg,ani_mon_m_01_01_down.mmo,13000002,R02_食物卡片,图片卡,12,100
